{"v":"5.5.8","fr":30,"ip":0,"op":91,"w":98,"h":98,"nm":"Create Author Website","ddd":0,"assets":[{"id":"comp_0","layers":[{"ddd":0,"ind":1,"ty":4,"nm":"Shape Layer 5","sr":1,"ks":{"o":{"a":0,"k":100,"ix":11},"r":{"a":0,"k":0,"ix":10},"p":{"a":0,"k":[200,200,0],"ix":2},"a":{"a":0,"k":[0,0,0],"ix":1},"s":{"a":0,"k":[100,100,100],"ix":6}},"ao":0,"shapes":[{"ty":"gr","it":[{"ind":0,"ty":"sh","ix":1,"ks":{"a":0,"k":{"i":[[0,0],[0,0]],"o":[[0,0],[0,0]],"v":[[0,49.5],[0,-24.5]],"c":false},"ix":2},"nm":"Path 1","mn":"ADBE Vector Shape - Group","hd":false},{"ty":"st","c":{"a":0,"k":[1,1,1,1],"ix":3},"o":{"a":0,"k":100,"ix":4},"w":{"a":0,"k":7,"ix":5},"lc":1,"lj":1,"ml":4,"bm":1,"nm":"Stroke 1","mn":"ADBE Vector Graphic - Stroke","hd":false},{"ty":"fl","c":{"a":0,"k":[1,1,1,1],"ix":4},"o":{"a":0,"k":100,"ix":5},"r":1,"bm":0,"nm":"Fill 1","mn":"ADBE Vector Graphic - Fill","hd":false},{"ty":"tr","p":{"a":0,"k":[0,0],"ix":2},"a":{"a":0,"k":[0,0],"ix":1},"s":{"a":0,"k":[100,100],"ix":3},"r":{"a":0,"k":0,"ix":6},"o":{"a":0,"k":100,"ix":7},"sk":{"a":0,"k":0,"ix":4},"sa":{"a":0,"k":0,"ix":5},"nm":"Transform"}],"nm":"Shape 1","np":3,"cix":2,"bm":0,"ix":1,"mn":"ADBE Vector Group","hd":false}],"ip":0,"op":55.055055055055,"st":0,"bm":0},{"ddd":0,"ind":2,"ty":4,"nm":"page animation","sr":1,"ks":{"o":{"a":0,"k":100,"ix":11},"r":{"a":0,"k":0,"ix":10},"p":{"a":0,"k":[264.109,208.537,0],"ix":2},"a":{"a":0,"k":[0,0,0],"ix":1},"s":{"a":0,"k":[100,100,100],"ix":6}},"ao":0,"shapes":[{"ty":"gr","it":[{"ind":0,"ty":"sh","ix":1,"ks":{"a":1,"k":[{"i":{"x":0.833,"y":0.833},"o":{"x":0.167,"y":0.167},"t":0,"s":[{"i":[[17.35,0],[4.957,-7],[0,0],[-18.291,0],[-36.582,0],[0,0]],"o":[[-15.698,0],[0,0],[5.776,-7],[20.216,0],[0,0],[-31.395,0]],"v":[[-33.105,-43],[-64.5,-31],[-64.5,43],[-27.918,31],[64.5,43],[46.209,-31]],"c":true}]},{"i":{"x":0.833,"y":0.833},"o":{"x":0.167,"y":0.167},"t":5.005,"s":[{"i":[[17.35,0],[4.957,-7],[0,0],[-18.291,0],[-36.582,0],[0,0]],"o":[[-15.698,0],[0,0],[5.776,-7],[20.216,0],[0,0],[-31.395,0]],"v":[[-33.105,-43],[-64.5,-31],[-64.5,43],[-27.918,31],[64.5,43],[46.209,-31]],"c":true}]},{"i":{"x":0.833,"y":0.833},"o":{"x":0.167,"y":0.167},"t":10.01,"s":[{"i":[[17.35,0.079],[4.989,-6.977],[0,0],[-18.291,-0.083],[-15.552,8.301],[3.153,13.883]],"o":[[-15.697,-0.071],[0,0],[5.808,-6.974],[20.216,0.092],[-7.552,-8.699],[-26.847,-1.617]],"v":[[-32.91,-43.15],[-64.359,-31.292],[-64.694,42.707],[-28.058,30.873],[65.804,27.542],[46.349,-30.79]],"c":true}]},{"i":{"x":0.833,"y":0.833},"o":{"x":0.167,"y":0.167},"t":15.015,"s":[{"i":[[14.661,-1.007],[4.989,-6.977],[0,0],[-18.057,2.916],[-22.302,15.551],[1.153,9.633]],"o":[[-15.661,1.076],[0,0],[5.808,-6.974],[20.31,-3.28],[-11.802,-22.949],[-17.597,1.883]],"v":[[-33.41,-46.15],[-64.359,-31.292],[-64.694,42.707],[-32.058,25.373],[41.804,8.292],[26.099,-45.04]],"c":true}]},{"i":{"x":0.833,"y":0.833},"o":{"x":0.167,"y":0.167},"t":20.02,"s":[{"i":[[12.411,-10.257],[4.989,-6.977],[0,0],[-15.983,12.327],[-22.302,15.551],[1.153,9.633]],"o":[[-11.657,9.634],[0,0],[5.808,-6.974],[11.06,-8.53],[-11.802,-22.949],[-7.347,9.383]],"v":[[-38.16,-56.15],[-64.359,-31.292],[-64.694,42.707],[-34.558,14.873],[18.054,-23.458],[-5.651,-85.79]],"c":true}]},{"i":{"x":0.833,"y":0.833},"o":{"x":0.167,"y":0.167},"t":25.025,"s":[{"i":[[1.411,-10.507],[4.611,-10.365],[0,0],[-4.809,19.603],[-0.802,13.801],[1.153,9.633]],"o":[[-0.861,6.41],[0,0],[5.808,-6.974],[3.81,-15.53],[-1.802,-13.199],[-1.597,17.633]],"v":[[-55.66,-71.15],[-64.359,-31.292],[-64.694,42.707],[-49.558,-3.627],[-43.446,-50.958],[-51.151,-115.29]],"c":true}]},{"i":{"x":0.833,"y":0.833},"o":{"x":0.167,"y":0.167},"t":30.03,"s":[{"i":[[-3.589,-11.507],[-0.889,-11.365],[0,0],[5.509,19.418],[5.698,13.301],[-0.097,22.633]],"o":[[1.926,6.175],[0,0],[-2.054,-11.364],[-4.69,-16.53],[2.198,-15.199],[5.403,20.133]],"v":[[-72.16,-69.65],[-64.359,-31.292],[-64.694,42.707],[-75.058,-7.627],[-90.446,-52.458],[-87.651,-119.29]],"c":true}]},{"i":{"x":0.833,"y":0.833},"o":{"x":0.167,"y":0.167},"t":35.035,"s":[{"i":[[-9.089,-11.007],[-0.889,-11.365],[0,0],[14.024,14.517],[17.198,3.801],[-4.097,19.633]],"o":[[6.964,8.435],[0,0],[-2.054,-11.364],[-9.69,-10.03],[5.198,-16.199],[15.403,8.133]],"v":[[-79.66,-66.15],[-64.359,-31.292],[-64.694,42.707],[-89.058,-2.127],[-138.946,-26.458],[-120.151,-93.29]],"c":true}]},{"i":{"x":0.833,"y":0.833},"o":{"x":0.167,"y":0.167},"t":40.04,"s":[{"i":[[-11.744,-2.718],[-0.889,-11.365],[0,0],[15.81,1.47],[18.698,4.301],[-4.097,19.633]],"o":[[19.411,4.493],[0,0],[-2.054,-11.364],[-13.886,-1.291],[5.698,-20.699],[16.403,5.633]],"v":[[-93.66,-52.65],[-64.359,-31.292],[-64.694,42.707],[-102.058,19.373],[-160.946,12.542],[-143.151,-61.79]],"c":true}]},{"i":{"x":0.833,"y":0.833},"o":{"x":0.167,"y":0.167},"t":45.045,"s":[{"i":[[-21.589,-0.007],[-0.889,-11.365],[0,0],[15.81,1.47],[21.698,6.801],[-4.097,19.633]],"o":[[13.411,0.005],[0,0],[-2.054,-11.364],[-13.886,-1.291],[5.698,-16.699],[16.403,5.633]],"v":[[-95.66,-49.15],[-64.359,-31.292],[-64.694,42.707],[-102.558,21.873],[-182.946,25.542],[-163.651,-42.29]],"c":true}]},{"t":50.05005005005,"s":[{"i":[[-21.589,-0.007],[-6.389,-7.865],[0,0],[12.813,0.384],[31.198,-0.62],[-4.097,19.633]],"o":[[13.411,0.005],[0,0],[-8.554,-6.864],[-20.69,-0.62],[5.698,-16.699],[19.903,-0.62]],"v":[[-96.66,-44.15],[-64.359,-31.292],[-64.694,42.707],[-99.558,31.373],[-194.446,43.542],[-175.151,-32.79]],"c":true}]}],"ix":2},"nm":"Path 1","mn":"ADBE Vector Shape - Group","hd":false},{"ty":"st","c":{"a":0,"k":[1,1,1,1],"ix":3},"o":{"a":1,"k":[{"i":{"x":[0.833],"y":[0.833]},"o":{"x":[0.167],"y":[0.167]},"t":50.05,"s":[100]},{"t":52.052052052052,"s":[0]}],"ix":4},"w":{"a":0,"k":7,"ix":5},"lc":1,"lj":1,"ml":1,"bm":1,"nm":"Stroke 1","mn":"ADBE Vector Graphic - Stroke","hd":false},{"ty":"fl","c":{"a":0,"k":[1,1,1,1],"ix":4},"o":{"a":1,"k":[{"i":{"x":[0.833],"y":[0.833]},"o":{"x":[0.167],"y":[0.167]},"t":0,"s":[100]},{"i":{"x":[0.833],"y":[0.833]},"o":{"x":[0.167],"y":[0.167]},"t":50.05,"s":[100]},{"t":52.052052052052,"s":[0]}],"ix":5},"r":1,"bm":0,"nm":"Fill 1","mn":"ADBE Vector Graphic - Fill","hd":false},{"ty":"tr","p":{"a":0,"k":[0.639,0.62],"ix":2},"a":{"a":0,"k":[0,0],"ix":1},"s":{"a":0,"k":[100,100],"ix":3},"r":{"a":0,"k":0,"ix":6},"o":{"a":0,"k":100,"ix":7},"sk":{"a":0,"k":0,"ix":4},"sa":{"a":0,"k":0,"ix":5},"nm":"Transform"}],"nm":"Shape 1","np":3,"cix":2,"bm":0,"ix":1,"mn":"ADBE Vector Group","hd":false}],"ip":0,"op":55.055055055055,"st":0,"bm":0},{"ddd":0,"ind":3,"ty":4,"nm":"pages","sr":1,"ks":{"o":{"a":0,"k":100,"ix":11},"r":{"a":0,"k":0,"ix":10},"p":{"a":0,"k":[200,209,0],"ix":2},"a":{"a":0,"k":[0,0,0],"ix":1},"s":{"a":0,"k":[100,100,100],"ix":6}},"ao":0,"shapes":[{"ty":"gr","it":[{"ind":0,"ty":"sh","ix":1,"ks":{"a":0,"k":{"i":[[-4.957,-7],[-15.698,0],[-31.395,0],[0,0],[20.216,0],[5.776,-7],[18.291,0],[36.582,0],[0,0],[-17.35,0]],"o":[[4.957,-7],[17.35,0],[0,0],[-36.582,0],[-18.291,0],[-5.776,-7],[-20.216,0],[0,0],[31.395,0],[15.698,0]],"v":[[0,-31],[31.395,-43],[110.709,-31],[129,43],[36.582,31],[0,43],[-36.582,31],[-129,43],[-110.709,-31],[-31.395,-43]],"c":true},"ix":2},"nm":"Path 1","mn":"ADBE Vector Shape - Group","hd":false},{"ty":"st","c":{"a":0,"k":[1,1,1,1],"ix":3},"o":{"a":0,"k":100,"ix":4},"w":{"a":0,"k":7,"ix":5},"lc":1,"lj":1,"ml":4,"bm":1,"nm":"Stroke 1","mn":"ADBE Vector Graphic - Stroke","hd":false},{"ty":"tr","p":{"a":0,"k":[0,0],"ix":2},"a":{"a":0,"k":[0,0],"ix":1},"s":{"a":0,"k":[100,100],"ix":3},"r":{"a":0,"k":0,"ix":6},"o":{"a":0,"k":100,"ix":7},"sk":{"a":0,"k":0,"ix":4},"sa":{"a":0,"k":0,"ix":5},"nm":"Transform"}],"nm":"Shape 1","np":3,"cix":2,"bm":0,"ix":1,"mn":"ADBE Vector Group","hd":false}],"ip":0,"op":55.055055055055,"st":0,"bm":0},{"ddd":0,"ind":4,"ty":4,"nm":"cover","sr":1,"ks":{"o":{"a":0,"k":100,"ix":11},"r":{"a":0,"k":0,"ix":10},"p":{"a":0,"k":[200,264,0],"ix":2},"a":{"a":0,"k":[0,0,0],"ix":1},"s":{"a":0,"k":[100,100,100],"ix":6}},"ao":0,"shapes":[{"ty":"gr","it":[{"ind":0,"ty":"sh","ix":1,"ks":{"a":0,"k":{"i":[[0,0],[0,0],[6,0],[2,3],[0,0]],"o":[[0,0],[-2,3],[-6,0],[0,0],[0,0]],"v":[[134,-2],[12,-2],[0,2],[-12,-2],[-134,-2]],"c":false},"ix":2},"nm":"Path 1","mn":"ADBE Vector Shape - Group","hd":false},{"ty":"st","c":{"a":0,"k":[1,1,1,1],"ix":3},"o":{"a":0,"k":100,"ix":4},"w":{"a":0,"k":7,"ix":5},"lc":1,"lj":1,"ml":4,"bm":1,"nm":"Stroke 1","mn":"ADBE Vector Graphic - Stroke","hd":false},{"ty":"tr","p":{"a":0,"k":[0,0],"ix":2},"a":{"a":0,"k":[0,0],"ix":1},"s":{"a":0,"k":[100,100],"ix":3},"r":{"a":0,"k":0,"ix":6},"o":{"a":0,"k":100,"ix":7},"sk":{"a":0,"k":0,"ix":4},"sa":{"a":0,"k":0,"ix":5},"nm":"Transform"}],"nm":"Shape 1","np":3,"cix":2,"bm":0,"ix":1,"mn":"ADBE Vector Group","hd":false}],"ip":0,"op":55.055055055055,"st":0,"bm":0}]}],"layers":[{"ddd":0,"ind":1,"ty":0,"nm":"book","refId":"comp_0","sr":1.6599999666214,"ks":{"o":{"a":0,"k":100,"ix":11},"r":{"a":0,"k":0,"ix":10},"p":{"a":0,"k":[49,64.877,0],"ix":2},"a":{"a":0,"k":[200,200,0],"ix":1},"s":{"a":0,"k":[20.88,20.88,100],"ix":6}},"ao":0,"w":400,"h":400,"ip":0,"op":99.6996976949789,"st":0,"bm":0},{"ddd":0,"ind":2,"ty":4,"nm":"Layer 1 Outlines","sr":1,"ks":{"o":{"a":0,"k":100,"ix":11},"r":{"a":0,"k":0,"ix":10},"p":{"a":0,"k":[49,49,0],"ix":2},"a":{"a":0,"k":[54.891,53.428,0],"ix":1},"s":{"a":0,"k":[87,87,100],"ix":6}},"ao":0,"shapes":[{"ty":"gr","it":[{"ind":0,"ty":"sh","ix":1,"ks":{"a":0,"k":{"i":[[0,0],[0,0],[0,0],[0,0]],"o":[[0,0],[0,0],[0,0],[0,0]],"v":[[35.504,26.062],[-35.504,26.062],[-35.504,-26.062],[35.504,-26.062]],"c":true},"ix":2},"nm":"Path 1","mn":"ADBE Vector Shape - Group","hd":false},{"ty":"fl","c":{"a":0,"k":[0.367762995701,0.691943239698,0.605688416724,1],"ix":4},"o":{"a":0,"k":100,"ix":5},"r":1,"bm":0,"nm":"Fill 1","mn":"ADBE Vector Graphic - Fill","hd":false},{"ty":"tr","p":{"a":0,"k":[51.869,70.912],"ix":2},"a":{"a":0,"k":[0,0],"ix":1},"s":{"a":0,"k":[100,100],"ix":3},"r":{"a":0,"k":0,"ix":6},"o":{"a":0,"k":100,"ix":7},"sk":{"a":0,"k":0,"ix":4},"sa":{"a":0,"k":0,"ix":5},"nm":"Transform"}],"nm":"Group 1","np":2,"cix":2,"bm":0,"ix":1,"mn":"ADBE Vector Group","hd":false},{"ty":"gr","it":[{"ind":0,"ty":"sh","ix":1,"ks":{"a":0,"k":{"i":[[0,0],[7.62,0],[0.091,-0.203],[0,0],[7.625,0],[0.091,-0.204],[0,0],[0,0],[0,0],[-10.401,0],[-3.057,-3.228],[-4.438,-0.225],[-0.128,-0.304],[0,0],[0,0]],"o":[[-0.083,-0.187],[-7.62,0],[0,0],[-0.083,-0.187],[-7.625,0],[0,0],[0,0],[0,0],[0.127,-0.306],[4.439,-0.227],[3.057,-3.226],[10.4,0],[0,0],[0,0],[0,0]],"v":[[21.769,22.582],[11.816,17.591],[1.855,22.6],[-1.862,22.582],[-11.815,17.591],[-21.778,22.603],[-25.656,21.794],[-25.656,-14.337],[-25.496,-15.125],[-11.815,-22.584],[-0.001,-17.856],[11.809,-22.584],[25.489,-15.125],[25.655,-14.337],[25.656,21.794]],"c":true},"ix":2},"nm":"Path 1","mn":"ADBE Vector Shape - Group","hd":false},{"ind":1,"ty":"sh","ix":2,"ks":{"a":0,"k":{"i":[[0,0],[0,0],[-2.196,-2.196],[-3.105,0],[0,0],[-2.196,2.196],[0,3.106],[0,0]],"o":[[0,0],[0,3.106],[2.196,2.196],[0,0],[3.106,0],[2.196,-2.196],[0,0],[0,0]],"v":[[-54.641,-35.126],[-54.641,23.417],[-51.212,31.696],[-42.933,35.126],[42.932,35.126],[51.211,31.696],[54.641,23.417],[54.641,-35.126]],"c":true},"ix":2},"nm":"Path 2","mn":"ADBE Vector Shape - Group","hd":false},{"ty":"mm","mm":1,"nm":"Merge Paths 1","mn":"ADBE Vector Filter - Merge","hd":false},{"ty":"fl","c":{"a":0,"k":[0.367762995701,0.691943239698,0.605688416724,1],"ix":4},"o":{"a":0,"k":100,"ix":5},"r":1,"bm":0,"nm":"Fill 1","mn":"ADBE Vector Graphic - Fill","hd":false},{"ty":"tr","p":{"a":0,"k":[54.891,71.479],"ix":2},"a":{"a":0,"k":[0,0],"ix":1},"s":{"a":0,"k":[100,100],"ix":3},"r":{"a":0,"k":0,"ix":6},"o":{"a":0,"k":100,"ix":7},"sk":{"a":0,"k":0,"ix":4},"sa":{"a":0,"k":0,"ix":5},"nm":"Transform"}],"nm":"Group 2","np":4,"cix":2,"bm":0,"ix":2,"mn":"ADBE Vector Group","hd":false},{"ty":"gr","it":[{"ind":0,"ty":"sh","ix":1,"ks":{"a":0,"k":{"i":[[6.574,0],[0.645,-1.114],[0,0],[0,0],[0,0],[6.574,0],[0.643,-1.115],[0,0],[-3.493,-0.116],[-3.062,-3.22],[-4.437,-0.225],[-2.866,-1.998],[0,0]],"o":[[-6.574,0],[0,0],[0,0],[0,0],[-0.627,-1.093],[-6.576,0],[0,0],[2.865,-1.999],[4.437,-0.226],[3.063,-3.22],[3.492,-0.116],[0,0],[-0.628,-1.093]],"v":[[11.816,-18.4],[2.022,-13.71],[2.022,11.816],[-2.023,11.816],[-2.023,-13.711],[-11.814,-18.399],[-21.609,-13.707],[-21.609,16.585],[-11.814,13.684],[-0.001,18.4],[11.816,13.684],[21.609,16.585],[21.609,-13.712]],"c":true},"ix":2},"nm":"Path 1","mn":"ADBE Vector Shape - Group","hd":false},{"ty":"fl","c":{"a":0,"k":[0.367762995701,0.691943239698,0.605688416724,1],"ix":4},"o":{"a":0,"k":100,"ix":5},"r":1,"bm":0,"nm":"Fill 1","mn":"ADBE Vector Graphic - Fill","hd":false},{"ty":"tr","p":{"a":0,"k":[54.891,71.341],"ix":2},"a":{"a":0,"k":[0,0],"ix":1},"s":{"a":0,"k":[100,100],"ix":3},"r":{"a":0,"k":0,"ix":6},"o":{"a":0,"k":100,"ix":7},"sk":{"a":0,"k":0,"ix":4},"sa":{"a":0,"k":0,"ix":5},"nm":"Transform"}],"nm":"Group 3","np":2,"cix":2,"bm":0,"ix":3,"mn":"ADBE Vector Group","hd":false},{"ty":"gr","it":[{"ind":0,"ty":"sh","ix":1,"ks":{"a":0,"k":{"i":[[1.395,0],[0,0],[0.697,1.208],[-0.697,1.207],[-1.394,0],[0,0],[-0.696,-1.208],[0.698,-1.207]],"o":[[0,0],[-1.394,0],[-0.697,-1.208],[0.697,-1.208],[0,0],[1.395,0],[0.698,1.208],[-0.696,1.207]],"v":[[-15.611,3.904],[-19.515,3.904],[-22.895,1.952],[-22.895,-1.951],[-19.515,-3.902],[-15.611,-3.902],[-12.232,-1.951],[-12.232,1.952]],"c":true},"ix":2},"nm":"Path 1","mn":"ADBE Vector Shape - Group","hd":false},{"ind":1,"ty":"sh","ix":2,"ks":{"a":0,"k":{"i":[[1.395,0],[0,0],[0.696,1.208],[-0.698,1.207],[-1.395,0],[0,0],[-0.696,-1.208],[0.698,-1.207]],"o":[[0,0],[-1.395,0],[-0.698,-1.208],[0.696,-1.208],[0,0],[1.395,0],[0.698,1.208],[-0.696,1.207]],"v":[[-35.126,3.904],[-39.029,3.904],[-42.409,1.952],[-42.409,-1.951],[-39.029,-3.902],[-35.126,-3.902],[-31.747,-1.951],[-31.747,1.952]],"c":true},"ix":2},"nm":"Path 2","mn":"ADBE Vector Shape - Group","hd":false},{"ind":2,"ty":"sh","ix":3,"ks":{"a":0,"k":{"i":[[3.106,0],[0,0],[2.197,-2.196],[0,-3.106],[0,0],[0,0],[0,0],[2.195,2.196]],"o":[[0,0],[-3.106,0],[-2.195,2.196],[0,0],[0,0],[0,0],[0,-3.106],[-2.197,-2.196]],"v":[[42.932,-15.611],[-42.932,-15.611],[-51.213,-12.182],[-54.641,-3.902],[-54.641,15.611],[54.641,15.611],[54.641,-3.902],[51.212,-12.182]],"c":true},"ix":2},"nm":"Path 3","mn":"ADBE Vector Shape - Group","hd":false},{"ty":"mm","mm":1,"nm":"Merge Paths 1","mn":"ADBE Vector Filter - Merge","hd":false},{"ty":"fl","c":{"a":0,"k":[1,0.736496450387,0.170620428347,1],"ix":4},"o":{"a":0,"k":100,"ix":5},"r":1,"bm":0,"nm":"Fill 1","mn":"ADBE Vector Graphic - Fill","hd":false},{"ty":"tr","p":{"a":0,"k":[54.89,15.861],"ix":2},"a":{"a":0,"k":[0,0],"ix":1},"s":{"a":0,"k":[100,100],"ix":3},"r":{"a":0,"k":0,"ix":6},"o":{"a":0,"k":100,"ix":7},"sk":{"a":0,"k":0,"ix":4},"sa":{"a":0,"k":0,"ix":5},"nm":"Transform"}],"nm":"Group 4","np":5,"cix":2,"bm":0,"ix":4,"mn":"ADBE Vector Group","hd":false}],"ip":0,"op":91,"st":0,"bm":0}],"markers":[]}