{"v":"5.5.8","fr":30,"ip":0,"op":91,"w":98,"h":98,"nm":"Consistency","ddd":0,"assets":[],"layers":[{"ddd":0,"ind":1,"ty":4,"nm":"Layer 2 Outlines","sr":1,"ks":{"o":{"a":0,"k":100,"ix":11},"r":{"a":0,"k":0,"ix":10},"p":{"a":1,"k":[{"i":{"x":0.667,"y":1},"o":{"x":0.333,"y":0},"t":0,"s":[22.439,22.734,0],"to":[1.25,0,0],"ti":[0,0,0]},{"i":{"x":0.667,"y":1},"o":{"x":0.333,"y":0},"t":16.667,"s":[29.939,22.734,0],"to":[0,0,0],"ti":[0,0,0]},{"i":{"x":0.667,"y":1},"o":{"x":0.333,"y":0},"t":33.333,"s":[29.939,35.172,0],"to":[0,0,0],"ti":[-0.917,-0.01,0]},{"i":{"x":0.667,"y":0.667},"o":{"x":0.333,"y":0.333},"t":50,"s":[35.439,35.234,0],"to":[0,0,0],"ti":[0,0,0]},{"i":{"x":0.667,"y":1},"o":{"x":0.333,"y":0},"t":80,"s":[35.439,35.234,0],"to":[-2.167,-2.083,0],"ti":[2.167,2.083,0]},{"t":90,"s":[22.439,22.734,0]}],"ix":2},"a":{"a":0,"k":[21.985,21.984,0],"ix":1},"s":{"a":0,"k":[100,100,100],"ix":6}},"ao":0,"shapes":[{"ty":"gr","it":[{"ind":0,"ty":"sh","ix":1,"ks":{"a":0,"k":{"i":[[0,-0.358],[0,0],[-1.018,-0.58],[-1.02,0.58],[-0.021,1.172],[0,0],[-0.253,0.252],[-0.357,0],[0,0],[0,0],[-0.745,0],[0,0],[-0.581,1.019],[0.58,1.02],[1.173,0.021],[0,0],[0,0.744],[0,0],[0,0],[0,0],[1.862,-1.074],[1.862,1.075],[0,2.15],[0,0],[0,0],[0,0],[0,0],[-1.075,-1.861],[1.074,-1.861],[2.149,0],[0,0],[0,0],[0,0],[-0.252,-0.252]],"o":[[0,0],[0.021,1.172],[1.02,0.58],[1.018,-0.58],[0,0],[0,-0.358],[0.253,-0.253],[0,0],[0,0],[0,-0.744],[0,0],[1.173,-0.021],[0.58,-1.02],[-0.581,-1.018],[0,0],[-0.745,0],[0,0],[0,0],[0,0],[0,2.15],[-1.861,1.075],[-1.86,-1.074],[0,0],[0,0],[0,0],[0,0],[2.149,0],[1.074,1.862],[-1.075,1.862],[0,0],[0,0],[0,0],[0.358,0],[0.253,0.253]],"v":[[-6.865,15.995],[-6.865,18.327],[-5.189,21.154],[-1.9,21.154],[-0.223,18.327],[-0.223,15.995],[0.171,15.042],[1.122,14.646],[14.645,14.646],[14.645,2.092],[15.992,0.743],[18.326,0.743],[21.154,-0.934],[21.154,-4.221],[18.326,-5.898],[15.992,-5.898],[14.645,-7.246],[14.645,-21.734],[2.471,-21.734],[2.471,-20.747],[-0.538,-15.536],[-6.553,-15.536],[-9.561,-20.747],[-9.561,-21.734],[-21.734,-21.734],[-21.734,-8.684],[-20.747,-8.684],[-15.538,-5.676],[-15.538,0.34],[-20.747,3.348],[-21.734,3.348],[-21.734,14.646],[-8.214,14.646],[-7.26,15.04]],"c":true},"ix":2},"nm":"Path 1","mn":"ADBE Vector Shape - Group","hd":false},{"ty":"fl","c":{"a":0,"k":[0.981041882085,0.739333268708,0.230312766281,1],"ix":4},"o":{"a":0,"k":100,"ix":5},"r":1,"bm":0,"nm":"Fill 1","mn":"ADBE Vector Graphic - Fill","hd":false},{"ty":"tr","p":{"a":0,"k":[21.985,21.985],"ix":2},"a":{"a":0,"k":[0,0],"ix":1},"s":{"a":0,"k":[100,100],"ix":3},"r":{"a":0,"k":0,"ix":6},"o":{"a":0,"k":100,"ix":7},"sk":{"a":0,"k":0,"ix":4},"sa":{"a":0,"k":0,"ix":5},"nm":"Transform"}],"nm":"Group 1","np":2,"cix":2,"bm":0,"ix":1,"mn":"ADBE Vector Group","hd":false}],"ip":0,"op":91,"st":0,"bm":0},{"ddd":0,"ind":2,"ty":4,"nm":"Layer 3 Outlines","sr":1,"ks":{"o":{"a":0,"k":100,"ix":11},"r":{"a":0,"k":0,"ix":10},"p":{"a":1,"k":[{"i":{"x":0.667,"y":1},"o":{"x":0.333,"y":0},"t":0,"s":[23.348,74.692,0],"to":[2.083,0,0],"ti":[-2.083,0,0]},{"i":{"x":0.667,"y":0.667},"o":{"x":0.333,"y":0.333},"t":25,"s":[35.848,74.692,0],"to":[0,0,0],"ti":[0,0,0]},{"i":{"x":0.667,"y":0.667},"o":{"x":0.333,"y":0.333},"t":50,"s":[35.848,74.692,0],"to":[0,0,0],"ti":[0,0,0]},{"i":{"x":0.667,"y":1},"o":{"x":0.333,"y":0},"t":80,"s":[35.848,74.692,0],"to":[-2.083,0,0],"ti":[2.083,0,0]},{"t":90,"s":[23.348,74.692,0]}],"ix":2},"a":{"a":0,"k":[22.015,21.982,0],"ix":1},"s":{"a":0,"k":[100,100,100],"ix":6}},"ao":0,"shapes":[{"ty":"gr","it":[{"ind":0,"ty":"sh","ix":1,"ks":{"a":0,"k":{"i":[[1.187,0],[0,0],[0.253,-0.253],[0,-0.357],[0,0],[0,0],[0,-0.743],[0,0],[1.019,-0.579],[1.019,0.581],[0.021,1.172],[0,0],[0.745,0],[0,0],[0,0],[0,0],[-1.056,1.85],[1.056,1.85],[2.129,0.029],[0,0],[0,0],[0,0],[0,0],[-1.861,-1.076],[-1.861,1.074],[0,2.149],[0,0],[0,0],[0,0],[-0.253,-0.253],[-0.356,0],[0,0],[-0.593,-1.028],[0.594,-1.028]],"o":[[0,0],[-0.357,-0.001],[-0.253,0.252],[0,0],[0,0],[-0.743,0],[0,0],[-0.022,1.172],[-1.019,0.581],[-1.019,-0.579],[0,0],[-0.001,-0.744],[0,0],[0,0],[0,0],[2.13,-0.028],[1.056,-1.849],[-1.056,-1.848],[0,0],[0,0],[0,0],[0,0],[0,2.149],[1.861,1.074],[1.862,-1.076],[0,0],[0,0],[0,0],[0,0.356],[0.253,0.252],[0,0],[1.187,0],[0.594,1.027],[-0.593,1.027]],"v":[[18.294,0.743],[15.963,0.743],[15.01,1.137],[14.614,2.09],[14.614,14.645],[1.094,14.645],[-0.252,15.99],[-0.252,18.326],[-1.93,21.152],[-5.217,21.152],[-6.895,18.326],[-6.895,15.995],[-8.243,14.65],[-21.765,14.65],[-21.765,3.348],[-20.778,3.348],[-15.636,0.318],[-15.636,-5.652],[-20.778,-8.682],[-21.765,-8.682],[-21.765,-21.732],[-9.59,-21.732],[-9.59,-20.745],[-6.582,-15.535],[-0.567,-15.535],[2.441,-20.745],[2.441,-21.732],[14.614,-21.732],[14.614,-7.247],[15.009,-6.294],[15.961,-5.902],[18.294,-5.902],[21.171,-4.24],[21.171,-0.917]],"c":true},"ix":2},"nm":"Path 1","mn":"ADBE Vector Shape - Group","hd":false},{"ty":"fl","c":{"a":0,"k":[0.386726977778,0.706160601448,0.62085278081,1],"ix":4},"o":{"a":0,"k":100,"ix":5},"r":1,"bm":0,"nm":"Fill 1","mn":"ADBE Vector Graphic - Fill","hd":false},{"ty":"tr","p":{"a":0,"k":[22.015,21.982],"ix":2},"a":{"a":0,"k":[0,0],"ix":1},"s":{"a":0,"k":[100,100],"ix":3},"r":{"a":0,"k":0,"ix":6},"o":{"a":0,"k":100,"ix":7},"sk":{"a":0,"k":0,"ix":4},"sa":{"a":0,"k":0,"ix":5},"nm":"Transform"}],"nm":"Group 1","np":2,"cix":2,"bm":0,"ix":1,"mn":"ADBE Vector Group","hd":false}],"ip":0,"op":91,"st":0,"bm":0},{"ddd":0,"ind":3,"ty":4,"nm":"Layer 4 Outlines","sr":1,"ks":{"o":{"a":0,"k":100,"ix":11},"r":{"a":0,"k":0,"ix":10},"p":{"a":1,"k":[{"i":{"x":0.667,"y":1},"o":{"x":0.333,"y":0},"t":0,"s":[74.888,22.75,0],"to":[0,0.958,0],"ti":[0,-0.958,0]},{"i":{"x":0.667,"y":0.667},"o":{"x":0.333,"y":0.333},"t":25,"s":[74.888,28.5,0],"to":[0,0,0],"ti":[0,0,0]},{"i":{"x":0.667,"y":0.667},"o":{"x":0.333,"y":0.333},"t":50,"s":[74.888,28.5,0],"to":[0,0,0],"ti":[0,0,0]},{"i":{"x":0.667,"y":1},"o":{"x":0.333,"y":0},"t":80,"s":[74.888,28.5,0],"to":[0,-0.958,0],"ti":[0,0.958,0]},{"t":90,"s":[74.888,22.75,0]}],"ix":2},"a":{"a":0,"k":[21.983,22.016,0],"ix":1},"s":{"a":0,"k":[100,100,100],"ix":6}},"ao":0,"shapes":[{"ty":"gr","it":[{"ind":0,"ty":"sh","ix":1,"ks":{"a":0,"k":{"i":[[0,0],[-1.861,1.074],[-1.861,-1.076],[0,-2.149],[0,0],[0,0],[0,0],[-0.744,0],[0,0],[-0.579,1.019],[0.581,1.019],[1.172,0.021],[0,0],[0.254,0.252],[0,0.358],[0,0],[0,0],[0,0.743],[0,0],[1.027,0.594],[1.029,-0.593],[0,-1.186],[0,0],[0.744,0],[0,0],[0,0],[0,0],[-1.075,-1.862],[1.075,-1.862],[2.149,0],[0,0],[0,0],[0,0]],"o":[[0,-2.149],[1.862,-1.076],[1.862,1.074],[0,0],[0,0],[0,0],[0,-0.744],[0,0],[1.172,-0.021],[0.581,-1.019],[-0.579,-1.019],[0,0],[-0.359,0],[-0.253,-0.253],[0,0],[0,0],[-0.745,0],[0,0],[0,-1.186],[-1.028,-0.593],[-1.028,0.594],[0,0],[0,0.743],[0,0],[0,0],[0,0],[2.149,0],[1.075,1.86],[-1.075,1.861],[0,0],[0,0],[0,0],[0,0]],"v":[[-9.555,20.779],[-6.548,15.57],[-0.533,15.57],[2.476,20.779],[2.476,21.765],[14.646,21.766],[14.646,8.244],[15.995,6.897],[18.327,6.897],[21.153,5.219],[21.153,1.932],[18.327,0.255],[15.997,0.255],[15.043,-0.138],[14.646,-1.093],[14.646,-14.614],[1.129,-14.614],[-0.219,-15.961],[-0.219,-18.296],[-1.88,-21.173],[-5.202,-21.173],[-6.863,-18.296],[-6.863,-15.961],[-8.209,-14.614],[-21.73,-14.614],[-21.73,-2.439],[-20.747,-2.439],[-15.536,0.569],[-15.536,6.584],[-20.747,9.592],[-21.734,9.592],[-21.734,21.766],[-9.557,21.766]],"c":true},"ix":2},"nm":"Path 1","mn":"ADBE Vector Shape - Group","hd":false},{"ty":"fl","c":{"a":0,"k":[0.386726977778,0.706160601448,0.62085278081,1],"ix":4},"o":{"a":0,"k":100,"ix":5},"r":1,"bm":0,"nm":"Fill 1","mn":"ADBE Vector Graphic - Fill","hd":false},{"ty":"tr","p":{"a":0,"k":[21.983,22.016],"ix":2},"a":{"a":0,"k":[0,0],"ix":1},"s":{"a":0,"k":[100,100],"ix":3},"r":{"a":0,"k":0,"ix":6},"o":{"a":0,"k":100,"ix":7},"sk":{"a":0,"k":0,"ix":4},"sa":{"a":0,"k":0,"ix":5},"nm":"Transform"}],"nm":"Group 1","np":2,"cix":2,"bm":0,"ix":1,"mn":"ADBE Vector Group","hd":false}],"ip":0,"op":91,"st":0,"bm":0},{"ddd":0,"ind":4,"ty":4,"nm":"Layer 1 Outlines","sr":1,"ks":{"o":{"a":0,"k":100,"ix":11},"r":{"a":0,"k":0,"ix":10},"p":{"a":1,"k":[{"i":{"x":0.667,"y":1},"o":{"x":0.333,"y":0},"t":0,"s":[72.42,67.576,0],"to":[0.417,0,0],"ti":[-0.417,0,0]},{"i":{"x":0.667,"y":0.667},"o":{"x":0.333,"y":0.333},"t":25,"s":[74.92,67.576,0],"to":[0,0,0],"ti":[0,0,0]},{"i":{"x":0.667,"y":0.667},"o":{"x":0.333,"y":0.333},"t":50,"s":[74.92,67.576,0],"to":[0,0,0],"ti":[0,0,0]},{"i":{"x":0.667,"y":1},"o":{"x":0.333,"y":0},"t":80,"s":[74.92,67.576,0],"to":[-0.417,0,0],"ti":[0.417,0,0]},{"t":90,"s":[72.42,67.576,0]}],"ix":2},"a":{"a":0,"k":[22.015,22.016,0],"ix":1},"s":{"a":0,"k":[100,100,100],"ix":6}},"ao":0,"shapes":[{"ty":"gr","it":[{"ind":0,"ty":"sh","ix":1,"ks":{"a":0,"k":{"i":[[0,0],[0,0],[0.253,0.253],[0,0.359],[0,0],[0,0],[0,0.743],[0,0],[1.027,0.594],[1.028,-0.593],[0,-1.187],[0,0],[0.744,0],[0,0],[0,0],[0,0],[-1.075,-1.86],[1.074,-1.86],[2.149,0],[0,0],[0,0],[0,0],[0,0],[-1.861,1.075],[-1.862,-1.074],[0,-2.149],[0,0],[0,0],[0,0],[-0.253,0.253],[-0.356,0],[0,0],[-0.594,1.028],[0.593,1.027],[1.188,0]],"o":[[0,0],[-0.359,0.002],[-0.253,-0.252],[0,0],[0,0],[-0.743,0],[0,0],[0,-1.187],[-1.027,-0.593],[-1.028,0.594],[0,0],[0,0.743],[0,0],[0,0],[0,0],[2.149,0],[1.074,1.862],[-1.075,1.861],[0,0],[0,0],[0,0],[0,0],[0,-2.149],[1.861,-1.074],[1.862,1.075],[0,0],[0,0],[0,0],[0,-0.357],[0.253,-0.252],[0,0],[1.188,0],[0.593,-1.028],[-0.594,-1.027],[0,0]],"v":[[18.295,1.217],[15.966,1.215],[15.011,0.822],[14.615,-0.13],[14.615,-14.615],[1.096,-14.615],[-0.25,-15.962],[-0.25,-18.297],[-1.911,-21.174],[-5.233,-21.174],[-6.893,-18.297],[-6.893,-15.962],[-8.24,-14.615],[-21.762,-14.615],[-21.762,-1.477],[-20.778,-1.477],[-15.568,1.53],[-15.568,7.546],[-20.778,10.553],[-21.765,10.553],[-21.765,21.766],[-9.588,21.766],[-9.588,21.741],[-6.58,16.531],[-0.564,16.531],[2.443,21.741],[2.443,21.766],[14.614,21.766],[14.614,9.21],[15.01,8.258],[15.962,7.863],[18.294,7.863],[21.172,6.204],[21.172,2.882],[18.294,1.221]],"c":true},"ix":2},"nm":"Path 1","mn":"ADBE Vector Shape - Group","hd":false},{"ty":"fl","c":{"a":0,"k":[0.386726977778,0.706160601448,0.62085278081,1],"ix":4},"o":{"a":0,"k":100,"ix":5},"r":1,"bm":0,"nm":"Fill 1","mn":"ADBE Vector Graphic - Fill","hd":false},{"ty":"tr","p":{"a":0,"k":[22.015,22.016],"ix":2},"a":{"a":0,"k":[0,0],"ix":1},"s":{"a":0,"k":[100,100],"ix":3},"r":{"a":0,"k":0,"ix":6},"o":{"a":0,"k":100,"ix":7},"sk":{"a":0,"k":0,"ix":4},"sa":{"a":0,"k":0,"ix":5},"nm":"Transform"}],"nm":"Group 1","np":2,"cix":2,"bm":0,"ix":1,"mn":"ADBE Vector Group","hd":false}],"ip":0,"op":91,"st":0,"bm":0}],"markers":[]}