{"v":"5.5.8","fr":30,"ip":0,"op":91,"w":98,"h":98,"nm":"Cost-Effective ","ddd":0,"assets":[],"layers":[{"ddd":0,"ind":1,"ty":4,"nm":"Layer 2 Outlines","sr":1,"ks":{"o":{"a":0,"k":100,"ix":11},"r":{"a":0,"k":0,"ix":10},"p":{"a":0,"k":[76.968,22.008,0],"ix":2},"a":{"a":0,"k":[10.268,10.266,0],"ix":1},"s":{"a":1,"k":[{"i":{"x":[0.667,0.667,0.667],"y":[1,1,1]},"o":{"x":[0.333,0.333,0.333],"y":[0,0,0]},"t":10,"s":[0,0,100]},{"i":{"x":[0.667,0.667,0.667],"y":[1,1,1]},"o":{"x":[0.333,0.333,0.333],"y":[0,0,0]},"t":20,"s":[110,110,100]},{"i":{"x":[0.667,0.667,0.667],"y":[1,1,1]},"o":{"x":[0.333,0.333,0.333],"y":[0,0,0]},"t":30,"s":[90,90,100]},{"t":40,"s":[100,100,100]}],"ix":6}},"ao":0,"shapes":[{"ty":"gr","it":[{"ind":0,"ty":"sh","ix":1,"ks":{"a":0,"k":{"i":[[-0.258,0.132],[0,0.275],[0.235,0.161],[0.447,0.127],[0,0]],"o":[[0.258,-0.132],[0,-0.252],[-0.235,-0.16],[0,0],[0.4,-0.034]],"v":[[1.435,2.604],[1.822,1.993],[1.469,1.374],[0.447,0.945],[0.447,2.852]],"c":true},"ix":2},"nm":"Path 1","mn":"ADBE Vector Shape - Group","hd":false},{"ind":1,"ty":"sh","ix":2,"ks":{"a":0,"k":{"i":[[0,0],[0.218,-0.137],[0,-0.206],[-0.206,-0.138],[-0.401,-0.103]],"o":[[-0.378,0.035],[-0.218,0.137],[0,0.23],[0.206,0.137],[0,0]],"v":[[-0.43,-3.059],[-1.324,-2.801],[-1.65,-2.286],[-1.34,-1.736],[-0.43,-1.376]],"c":true},"ix":2},"nm":"Path 2","mn":"ADBE Vector Shape - Group","hd":false},{"ind":2,"ty":"sh","ix":3,"ks":{"a":0,"k":{"i":[[0,0],[0.641,0.516],[0,0.825],[-0.012,0.057],[0,0],[0,0],[-0.268,-0.195],[-0.412,-0.045],[0,0],[0.469,0.183],[0.332,0.361],[0,0.596],[-0.641,0.47],[-1.042,0.058],[0,0],[0,0],[0,0],[-0.63,-0.435],[0,-0.698],[0,0],[0,0],[0,0],[0.2,0.172],[0.366,0.058],[0,0],[-0.486,-0.178],[-0.35,-0.378],[0,-0.619],[2.428,-0.115],[0,0],[0,0]],"o":[[-1.157,-0.058],[-0.642,-0.515],[0,-0.08],[0,0],[0,0],[0.012,0.355],[0.27,0.195],[0,0],[-0.722,-0.172],[-0.47,-0.183],[-0.332,-0.361],[0,-0.825],[0.642,-0.47],[0,0],[0,0],[0,0],[0.985,0.058],[0.629,0.436],[0,0],[0,0],[0,0],[0,-0.298],[-0.2,-0.172],[0,0],[0.756,0.172],[0.487,0.178],[0.349,0.377],[0,1.833],[0,0],[0,0],[0,0]],"v":[[-0.43,4.624],[-3.128,3.764],[-4.09,1.753],[-4.073,1.546],[-1.874,1.546],[-1.874,1.667],[-1.453,2.492],[-0.43,2.852],[-0.43,0.704],[-2.217,0.171],[-3.42,-0.645],[-3.919,-2.079],[-2.957,-4.021],[-0.43,-4.812],[-0.43,-6.633],[0.447,-6.633],[0.447,-4.812],[2.87,-4.074],[3.815,-2.372],[3.798,-1.977],[1.598,-1.977],[1.598,-1.993],[1.297,-2.699],[0.447,-3.042],[0.447,-1.152],[2.311,-0.628],[3.566,0.206],[4.09,1.702],[0.447,4.624],[0.447,6.633],[-0.43,6.633]],"c":true},"ix":2},"nm":"Path 3","mn":"ADBE Vector Shape - Group","hd":false},{"ty":"mm","mm":1,"nm":"Merge Paths 1","mn":"ADBE Vector Filter - Merge","hd":false},{"ty":"fl","c":{"a":0,"k":[1,1,1,1],"ix":4},"o":{"a":0,"k":100,"ix":5},"r":1,"bm":0,"nm":"Fill 1","mn":"ADBE Vector Graphic - Fill","hd":false},{"ty":"tr","p":{"a":0,"k":[10.268,10.158],"ix":2},"a":{"a":0,"k":[0,0],"ix":1},"s":{"a":0,"k":[100,100],"ix":3},"r":{"a":0,"k":0,"ix":6},"o":{"a":0,"k":100,"ix":7},"sk":{"a":0,"k":0,"ix":4},"sa":{"a":0,"k":0,"ix":5},"nm":"Transform"}],"nm":"Group 1","np":5,"cix":2,"bm":0,"ix":1,"mn":"ADBE Vector Group","hd":false},{"ty":"gr","it":[{"ind":0,"ty":"sh","ix":1,"ks":{"a":0,"k":{"i":[[5.533,0.006],[-0.006,5.482],[-5.482,-0.008],[0.007,-5.531]],"o":[[-5.486,-0.006],[0.006,-5.478],[5.529,0.008],[-0.007,5.536]],"v":[[-0.006,10.01],[-10.012,-0.01],[0.022,-10.008],[10.011,0.015]],"c":true},"ix":2},"nm":"Path 1","mn":"ADBE Vector Shape - Group","hd":false},{"ty":"fl","c":{"a":0,"k":[0.981041882085,0.739333268708,0.230312766281,1],"ix":4},"o":{"a":0,"k":100,"ix":5},"r":1,"bm":0,"nm":"Fill 1","mn":"ADBE Vector Graphic - Fill","hd":false},{"ty":"tr","p":{"a":0,"k":[10.268,10.266],"ix":2},"a":{"a":0,"k":[0,0],"ix":1},"s":{"a":0,"k":[100,100],"ix":3},"r":{"a":0,"k":0,"ix":6},"o":{"a":0,"k":100,"ix":7},"sk":{"a":0,"k":0,"ix":4},"sa":{"a":0,"k":0,"ix":5},"nm":"Transform"}],"nm":"Group 2","np":2,"cix":2,"bm":0,"ix":2,"mn":"ADBE Vector Group","hd":false}],"ip":10,"op":101,"st":10,"bm":0},{"ddd":0,"ind":2,"ty":4,"nm":"Layer 3 Outlines","sr":1,"ks":{"o":{"a":0,"k":100,"ix":11},"r":{"a":0,"k":0,"ix":10},"p":{"a":0,"k":[59.637,44.995,0],"ix":2},"a":{"a":0,"k":[14.045,14.042,0],"ix":1},"s":{"a":1,"k":[{"i":{"x":[0.667,0.667,0.667],"y":[1,1,1]},"o":{"x":[0.333,0.333,0.333],"y":[0,0,0]},"t":0,"s":[0,0,100]},{"i":{"x":[0.667,0.667,0.667],"y":[1,1,1]},"o":{"x":[0.333,0.333,0.333],"y":[0,0,0]},"t":10,"s":[110,110,100]},{"i":{"x":[0.667,0.667,0.667],"y":[1,1,1]},"o":{"x":[0.333,0.333,0.333],"y":[0,0,0]},"t":20,"s":[90,90,100]},{"t":30,"s":[100,100,100]}],"ix":6}},"ao":0,"shapes":[{"ty":"gr","it":[{"ind":0,"ty":"sh","ix":1,"ks":{"a":0,"k":{"i":[[-0.355,0.182],[0,0.379],[0.323,0.221],[0.615,0.174],[0,0]],"o":[[0.354,-0.181],[0,-0.347],[-0.323,-0.221],[0,0],[0.552,-0.047]],"v":[[1.976,3.585],[2.508,2.745],[2.023,1.893],[0.615,1.301],[0.615,3.928]],"c":true},"ix":2},"nm":"Path 1","mn":"ADBE Vector Shape - Group","hd":false},{"ind":1,"ty":"sh","ix":2,"ks":{"a":0,"k":{"i":[[0,0],[0.299,-0.189],[0,-0.284],[-0.283,-0.19],[-0.553,-0.142]],"o":[[-0.521,0.047],[-0.3,0.189],[0,0.315],[0.284,0.189],[0,0]],"v":[[-0.591,-4.212],[-1.822,-3.857],[-2.272,-3.148],[-1.846,-2.391],[-0.591,-1.893]],"c":true},"ix":2},"nm":"Path 2","mn":"ADBE Vector Shape - Group","hd":false},{"ind":2,"ty":"sh","ix":3,"ks":{"a":0,"k":{"i":[[0,0],[0.884,0.711],[0,1.135],[-0.016,0.079],[0,0],[0,0],[-0.371,-0.268],[-0.569,-0.063],[0,0],[0.646,0.253],[0.458,0.497],[0,0.82],[-0.884,0.648],[-1.437,0.079],[0,0],[0,0],[0,0],[-0.869,-0.599],[0,-0.961],[0,0],[0,0],[0,0],[0.275,0.237],[0.505,0.079],[0,0],[-0.671,-0.244],[-0.481,-0.521],[0,-0.852],[3.344,-0.157],[0,0],[0,0]],"o":[[-1.594,-0.078],[-0.884,-0.71],[0,-0.111],[0,0],[0,0],[0.016,0.49],[0.371,0.269],[0,0],[-0.995,-0.237],[-0.648,-0.252],[-0.457,-0.496],[0,-1.136],[0.883,-0.646],[0,0],[0,0],[0,0],[1.357,0.079],[0.867,0.599],[0,0],[0,0],[0,0],[0,-0.41],[-0.277,-0.237],[0,0],[1.042,0.236],[0.67,0.245],[0.481,0.521],[0,2.524],[0,0],[0,0],[0,0]],"v":[[-0.591,6.365],[-4.307,5.182],[-5.632,2.413],[-5.609,2.13],[-2.58,2.13],[-2.58,2.294],[-2,3.43],[-0.591,3.928],[-0.591,0.969],[-3.052,0.236],[-4.71,-0.889],[-5.395,-2.863],[-4.07,-5.538],[-0.591,-6.626],[-0.591,-9.135],[0.615,-9.135],[0.615,-6.626],[3.952,-5.609],[5.253,-3.266],[5.23,-2.721],[2.201,-2.721],[2.201,-2.745],[1.787,-3.715],[0.615,-4.189],[0.615,-1.585],[3.183,-0.865],[4.91,0.283],[5.632,2.342],[0.615,6.365],[0.615,9.135],[-0.591,9.135]],"c":true},"ix":2},"nm":"Path 3","mn":"ADBE Vector Shape - Group","hd":false},{"ty":"mm","mm":1,"nm":"Merge Paths 1","mn":"ADBE Vector Filter - Merge","hd":false},{"ty":"fl","c":{"a":0,"k":[1,1,1,1],"ix":4},"o":{"a":0,"k":100,"ix":5},"r":1,"bm":0,"nm":"Fill 1","mn":"ADBE Vector Graphic - Fill","hd":false},{"ty":"tr","p":{"a":0,"k":[14.043,13.893],"ix":2},"a":{"a":0,"k":[0,0],"ix":1},"s":{"a":0,"k":[100,100],"ix":3},"r":{"a":0,"k":0,"ix":6},"o":{"a":0,"k":100,"ix":7},"sk":{"a":0,"k":0,"ix":4},"sa":{"a":0,"k":0,"ix":5},"nm":"Transform"}],"nm":"Group 1","np":5,"cix":2,"bm":0,"ix":1,"mn":"ADBE Vector Group","hd":false},{"ty":"gr","it":[{"ind":0,"ty":"sh","ix":1,"ks":{"a":0,"k":{"i":[[7.62,0.008],[-0.009,7.548],[-7.55,-0.012],[0.011,-7.617]],"o":[[-7.553,-0.008],[0.008,-7.542],[7.612,0.011],[-0.01,7.621]],"v":[[-0.009,13.784],[-13.785,-0.013],[0.031,-13.78],[13.784,0.021]],"c":true},"ix":2},"nm":"Path 1","mn":"ADBE Vector Shape - Group","hd":false},{"ty":"fl","c":{"a":0,"k":[0.981041882085,0.739333268708,0.230312766281,1],"ix":4},"o":{"a":0,"k":100,"ix":5},"r":1,"bm":0,"nm":"Fill 1","mn":"ADBE Vector Graphic - Fill","hd":false},{"ty":"tr","p":{"a":0,"k":[14.045,14.042],"ix":2},"a":{"a":0,"k":[0,0],"ix":1},"s":{"a":0,"k":[100,100],"ix":3},"r":{"a":0,"k":0,"ix":6},"o":{"a":0,"k":100,"ix":7},"sk":{"a":0,"k":0,"ix":4},"sa":{"a":0,"k":0,"ix":5},"nm":"Transform"}],"nm":"Group 2","np":2,"cix":2,"bm":0,"ix":2,"mn":"ADBE Vector Group","hd":false}],"ip":0,"op":91,"st":0,"bm":0},{"ddd":0,"ind":3,"ty":4,"nm":"Layer 4 Outlines","sr":1,"ks":{"o":{"a":0,"k":100,"ix":11},"r":{"a":0,"k":0,"ix":10},"p":{"a":0,"k":[54.968,11.111,0],"ix":2},"a":{"a":0,"k":[8.288,8.287,0],"ix":1},"s":{"a":1,"k":[{"i":{"x":[0.667,0.667,0.667],"y":[1,1,1]},"o":{"x":[0.333,0.333,0.333],"y":[0,0,0]},"t":20,"s":[0,0,100]},{"i":{"x":[0.667,0.667,0.667],"y":[1,1,1]},"o":{"x":[0.333,0.333,0.333],"y":[0,0,0]},"t":30,"s":[110,110,100]},{"i":{"x":[0.667,0.667,0.667],"y":[1,1,1]},"o":{"x":[0.333,0.333,0.333],"y":[0,0,0]},"t":40,"s":[90,90,100]},{"t":50,"s":[100,100,100]}],"ix":6}},"ao":0,"shapes":[{"ty":"gr","it":[{"ind":0,"ty":"sh","ix":1,"ks":{"a":0,"k":{"i":[[-0.206,0.106],[0,0.22],[0.188,0.129],[0.359,0.102],[0,0]],"o":[[0.207,-0.105],[0,-0.202],[-0.188,-0.128],[0,0],[0.322,-0.028]],"v":[[1.151,2.089],[1.462,1.6],[1.179,1.103],[0.358,0.758],[0.358,2.288]],"c":true},"ix":2},"nm":"Path 1","mn":"ADBE Vector Shape - Group","hd":false},{"ind":1,"ty":"sh","ix":2,"ks":{"a":0,"k":{"i":[[0,0],[0.175,-0.111],[0,-0.165],[-0.165,-0.111],[-0.321,-0.083]],"o":[[-0.303,0.027],[-0.175,0.11],[0,0.184],[0.165,0.11],[0,0]],"v":[[-0.345,-2.454],[-1.062,-2.247],[-1.324,-1.835],[-1.076,-1.393],[-0.345,-1.104]],"c":true},"ix":2},"nm":"Path 2","mn":"ADBE Vector Shape - Group","hd":false},{"ind":2,"ty":"sh","ix":3,"ks":{"a":0,"k":{"i":[[0,0],[0.514,0.414],[0,0.661],[-0.01,0.046],[0,0],[0,0],[-0.216,-0.157],[-0.331,-0.036],[0,0],[0.377,0.147],[0.267,0.29],[0,0.478],[-0.516,0.377],[-0.836,0.046],[0,0],[0,0],[0,0],[-0.505,-0.349],[0,-0.56],[0,0],[0,0],[0,0],[0.161,0.138],[0.295,0.046],[0,0],[-0.391,-0.142],[-0.28,-0.304],[0,-0.496],[1.949,-0.092],[0,0],[0,0]],"o":[[-0.929,-0.046],[-0.516,-0.414],[0,-0.065],[0,0],[0,0],[0.009,0.285],[0.215,0.156],[0,0],[-0.579,-0.138],[-0.377,-0.147],[-0.266,-0.29],[0,-0.662],[0.514,-0.377],[0,0],[0,0],[0,0],[0.791,0.046],[0.506,0.35],[0,0],[0,0],[0,0],[0,-0.239],[-0.161,-0.138],[0,0],[0.607,0.138],[0.391,0.142],[0.28,0.303],[0,1.471],[0,0],[0,0],[0,0]],"v":[[-0.345,3.71],[-2.509,3.02],[-3.282,1.406],[-3.268,1.24],[-1.503,1.24],[-1.503,1.337],[-1.165,1.999],[-0.345,2.288],[-0.345,0.566],[-1.779,0.137],[-2.745,-0.518],[-3.144,-1.669],[-2.371,-3.227],[-0.345,-3.861],[-0.345,-5.322],[0.358,-5.322],[0.358,-3.861],[2.302,-3.268],[3.061,-1.904],[3.047,-1.585],[1.283,-1.585],[1.283,-1.6],[1.041,-2.165],[0.358,-2.441],[0.358,-0.924],[1.854,-0.503],[2.861,0.165],[3.282,1.365],[0.358,3.71],[0.358,5.322],[-0.345,5.322]],"c":true},"ix":2},"nm":"Path 3","mn":"ADBE Vector Shape - Group","hd":false},{"ty":"mm","mm":1,"nm":"Merge Paths 1","mn":"ADBE Vector Filter - Merge","hd":false},{"ty":"fl","c":{"a":0,"k":[1,1,1,1],"ix":4},"o":{"a":0,"k":100,"ix":5},"r":1,"bm":0,"nm":"Fill 1","mn":"ADBE Vector Graphic - Fill","hd":false},{"ty":"tr","p":{"a":0,"k":[8.288,8.201],"ix":2},"a":{"a":0,"k":[0,0],"ix":1},"s":{"a":0,"k":[100,100],"ix":3},"r":{"a":0,"k":0,"ix":6},"o":{"a":0,"k":100,"ix":7},"sk":{"a":0,"k":0,"ix":4},"sa":{"a":0,"k":0,"ix":5},"nm":"Transform"}],"nm":"Group 1","np":5,"cix":2,"bm":0,"ix":1,"mn":"ADBE Vector Group","hd":false},{"ty":"gr","it":[{"ind":0,"ty":"sh","ix":1,"ks":{"a":0,"k":{"i":[[4.439,0.005],[-0.005,4.399],[-4.399,-0.007],[0.006,-4.438]],"o":[[-4.401,-0.004],[0.005,-4.395],[4.435,0.007],[-0.006,4.441]],"v":[[-0.005,8.032],[-8.033,-0.008],[0.018,-8.03],[8.032,0.012]],"c":true},"ix":2},"nm":"Path 1","mn":"ADBE Vector Shape - Group","hd":false},{"ty":"fl","c":{"a":0,"k":[0.981041882085,0.739333268708,0.230312766281,1],"ix":4},"o":{"a":0,"k":100,"ix":5},"r":1,"bm":0,"nm":"Fill 1","mn":"ADBE Vector Graphic - Fill","hd":false},{"ty":"tr","p":{"a":0,"k":[8.288,8.287],"ix":2},"a":{"a":0,"k":[0,0],"ix":1},"s":{"a":0,"k":[100,100],"ix":3},"r":{"a":0,"k":0,"ix":6},"o":{"a":0,"k":100,"ix":7},"sk":{"a":0,"k":0,"ix":4},"sa":{"a":0,"k":0,"ix":5},"nm":"Transform"}],"nm":"Group 2","np":2,"cix":2,"bm":0,"ix":2,"mn":"ADBE Vector Group","hd":false}],"ip":20,"op":111,"st":20,"bm":0},{"ddd":0,"ind":4,"ty":4,"nm":"Layer 1 Outlines","sr":1,"ks":{"o":{"a":0,"k":100,"ix":11},"r":{"a":0,"k":0,"ix":10},"p":{"a":1,"k":[{"i":{"x":0.667,"y":1},"o":{"x":0.333,"y":0},"t":0,"s":[49.815,73.353,0],"to":[0,-0.667,0],"ti":[0,0,0]},{"i":{"x":0.667,"y":1},"o":{"x":0.333,"y":0},"t":22.5,"s":[49.815,69.353,0],"to":[0,0,0],"ti":[0,0,0]},{"i":{"x":0.667,"y":1},"o":{"x":0.333,"y":0},"t":45,"s":[49.815,73.353,0],"to":[0,0,0],"ti":[0,0,0]},{"i":{"x":0.667,"y":1},"o":{"x":0.333,"y":0},"t":67.5,"s":[49.815,69.353,0],"to":[0,0,0],"ti":[0,-0.667,0]},{"t":90,"s":[49.815,73.353,0]}],"ix":2},"a":{"a":0,"k":[48.578,23.914,0],"ix":1},"s":{"a":0,"k":[100,100,100],"ix":6}},"ao":0,"shapes":[{"ty":"gr","it":[{"ind":0,"ty":"sh","ix":1,"ks":{"a":0,"k":{"i":[[2.379,-2.321],[5.688,5.424],[-0.665,0.658],[-4.806,4.622],[-6.975,-2.119],[-9.647,-2.451],[0.601,-2.92],[3.177,0.836],[6.273,1.75],[0.039,-1.108],[-0.561,-0.155],[-6.758,-1.657],[-2.417,3.556],[1.939,2.659],[-2.218,1.689],[-5.926,4.482],[-2.216,-1.094],[2.78,-2.859],[7.284,-7.312],[1.633,-1.967],[5.705,1.037],[8.245,1.062],[0.898,-0.786]],"o":[[-5.338,-5.09],[0.984,-0.713],[4.74,-4.692],[4.871,-4.686],[9.516,2.892],[3.726,0.947],[-0.524,2.542],[-6.298,-1.659],[-1.126,-0.314],[-0.022,0.616],[6.706,1.854],[3.435,0.842],[1.951,-2.868],[-1.67,-2.29],[5.91,-4.503],[1.837,-1.39],[3.957,1.951],[-7.194,7.401],[-1.811,1.818],[-3.767,4.535],[-8.176,-1.486],[-1.14,-0.147],[-2.833,2.481]],"v":[[-32.044,23.665],[-48.256,8.206],[-45.752,6.367],[-31.577,-7.753],[-14.273,-12.35],[14.6,-4.747],[18.772,2.337],[11.841,5.443],[-7.038,0.408],[-8.981,1.309],[-7.76,3.141],[12.429,8.445],[20.859,4.148],[20.112,-4.161],[20.62,-8.122],[38.362,-21.613],[44.443,-22.57],[45.331,-13.602],[23.497,8.355],[18.134,13.869],[4.041,18.497],[-20.636,14.876],[-24.217,16.133]],"c":true},"ix":2},"nm":"Path 1","mn":"ADBE Vector Shape - Group","hd":false},{"ty":"mm","mm":4,"nm":"Merge Paths 1","mn":"ADBE Vector Filter - Merge","hd":false},{"ty":"fl","c":{"a":0,"k":[0.386726977778,0.706160601448,0.62085278081,1],"ix":4},"o":{"a":0,"k":100,"ix":5},"r":1,"bm":0,"nm":"Fill 1","mn":"ADBE Vector Graphic - Fill","hd":false},{"ty":"tr","p":{"a":0,"k":[48.506,23.915],"ix":2},"a":{"a":0,"k":[0,0],"ix":1},"s":{"a":0,"k":[100,100],"ix":3},"r":{"a":0,"k":0,"ix":6},"o":{"a":0,"k":100,"ix":7},"sk":{"a":0,"k":0,"ix":4},"sa":{"a":0,"k":0,"ix":5},"nm":"Transform"}],"nm":"Group 1","np":3,"cix":2,"bm":0,"ix":1,"mn":"ADBE Vector Group","hd":false}],"ip":0,"op":91,"st":0,"bm":0}],"markers":[]}