{"v":"5.5.8","fr":30,"ip":0,"op":91,"w":93,"h":80,"nm":"Audio Book Services ","ddd":0,"assets":[{"id":"comp_0","layers":[{"ddd":0,"ind":1,"ty":4,"nm":"Volume increse decrease Outlines 4","parent":4,"sr":1,"ks":{"o":{"a":1,"k":[{"i":{"x":[0.667],"y":[1]},"o":{"x":[0.333],"y":[0]},"t":14.014,"s":[0]},{"t":18.018018018018,"s":[100]}],"ix":11},"r":{"a":0,"k":0,"ix":10},"p":{"a":0,"k":[123.282,103,0],"ix":2},"a":{"a":0,"k":[103,103,0],"ix":1},"s":{"a":0,"k":[85,85,100],"ix":6}},"ao":0,"shapes":[{"ty":"gr","it":[{"ind":0,"ty":"sh","ix":1,"ks":{"a":0,"k":{"i":[[0,0],[0,-5.329],[4.141,-1.416]],"o":[[4.246,1.337],[0,5.241],[0,0]],"v":[[-3.686,-11.118],[3.686,0.034],[-3.477,11.118]],"c":false},"ix":2},"nm":"Path 1","mn":"ADBE Vector Shape - Group","hd":false},{"ty":"st","c":{"a":0,"k":[1,0.737254901961,0.172549019608,1],"ix":3},"o":{"a":0,"k":100,"ix":4},"w":{"a":0,"k":5,"ix":5},"lc":2,"lj":1,"ml":10,"bm":0,"nm":"Stroke 1","mn":"ADBE Vector Graphic - Stroke","hd":false},{"ty":"tr","p":{"a":0,"k":[122.727,97.366],"ix":2},"a":{"a":0,"k":[0,0],"ix":1},"s":{"a":0,"k":[100,100],"ix":3},"r":{"a":0,"k":0,"ix":6},"o":{"a":0,"k":100,"ix":7},"sk":{"a":0,"k":0,"ix":4},"sa":{"a":0,"k":0,"ix":5},"nm":"Transform"}],"nm":"Group 3","np":2,"cix":2,"bm":0,"ix":1,"mn":"ADBE Vector Group","hd":false}],"ip":13.013013013013,"op":115.115115115115,"st":-16.016016016016,"bm":0},{"ddd":0,"ind":2,"ty":4,"nm":"Volume increse decrease Outlines 5","parent":4,"sr":1,"ks":{"o":{"a":1,"k":[{"i":{"x":[0.667],"y":[1]},"o":{"x":[0.333],"y":[0]},"t":34.034,"s":[0]},{"t":38.038038038038,"s":[100]}],"ix":11},"r":{"a":0,"k":0,"ix":10},"p":{"a":0,"k":[123.282,103,0],"ix":2},"a":{"a":0,"k":[103,103,0],"ix":1},"s":{"a":0,"k":[85,85,100],"ix":6}},"ao":0,"shapes":[{"ty":"gr","it":[{"ind":0,"ty":"sh","ix":1,"ks":{"a":0,"k":{"i":[[0,0],[0,-10.142],[8.5,-2.69]],"o":[[8.708,2.542],[0,9.975],[0,0]],"v":[[-7.562,-21.152],[7.561,0.07],[-7.141,21.153]],"c":false},"ix":2},"nm":"Path 1","mn":"ADBE Vector Shape - Group","hd":false},{"ty":"st","c":{"a":0,"k":[1,0.737254901961,0.172549019608,1],"ix":3},"o":{"a":0,"k":100,"ix":4},"w":{"a":0,"k":5,"ix":5},"lc":2,"lj":1,"ml":10,"bm":0,"nm":"Stroke 1","mn":"ADBE Vector Graphic - Stroke","hd":false},{"ty":"tr","p":{"a":0,"k":[129.967,97.178],"ix":2},"a":{"a":0,"k":[0,0],"ix":1},"s":{"a":0,"k":[100,100],"ix":3},"r":{"a":0,"k":0,"ix":6},"o":{"a":0,"k":100,"ix":7},"sk":{"a":0,"k":0,"ix":4},"sa":{"a":0,"k":0,"ix":5},"nm":"Transform"}],"nm":"Group 2","np":2,"cix":2,"bm":0,"ix":1,"mn":"ADBE Vector Group","hd":false}],"ip":34.034034034034,"op":95.0950950950951,"st":-22.022022022022,"bm":0},{"ddd":0,"ind":3,"ty":4,"nm":"Volume increse decrease Outlines 3","parent":4,"sr":1,"ks":{"o":{"a":1,"k":[{"i":{"x":[0.667],"y":[1]},"o":{"x":[0.333],"y":[0]},"t":55.055,"s":[0]},{"t":59.0590590590591,"s":[100]}],"ix":11},"r":{"a":0,"k":0,"ix":10},"p":{"a":0,"k":[123.282,103.702,0],"ix":2},"a":{"a":0,"k":[103,103,0],"ix":1},"s":{"a":0,"k":[85,85,100],"ix":6}},"ao":0,"shapes":[{"ty":"gr","it":[{"ind":0,"ty":"sh","ix":1,"ks":{"a":0,"k":{"i":[[0,0],[0,-15.147],[13.309,-4.023]],"o":[[13.655,3.793],[0,14.9],[0,0]],"v":[[-11.848,-31.596],[11.848,0.101],[-11.179,31.596]],"c":false},"ix":2},"nm":"Path 1","mn":"ADBE Vector Shape - Group","hd":false},{"ty":"st","c":{"a":0,"k":[1,0.737254901961,0.172549019608,1],"ix":3},"o":{"a":0,"k":100,"ix":4},"w":{"a":0,"k":5,"ix":5},"lc":2,"lj":1,"ml":10,"bm":0,"nm":"Stroke 1","mn":"ADBE Vector Graphic - Stroke","hd":false},{"ty":"tr","p":{"a":0,"k":[137.502,96.616],"ix":2},"a":{"a":0,"k":[0,0],"ix":1},"s":{"a":0,"k":[100,100],"ix":3},"r":{"a":0,"k":0,"ix":6},"o":{"a":0,"k":100,"ix":7},"sk":{"a":0,"k":0,"ix":4},"sa":{"a":0,"k":0,"ix":5},"nm":"Transform"}],"nm":"Group 1","np":2,"cix":2,"bm":0,"ix":1,"mn":"ADBE Vector Group","hd":false}],"ip":54.0540540540541,"op":73.0730730730731,"st":-31.031031031031,"bm":0},{"ddd":0,"ind":4,"ty":4,"nm":"Volume increse decrease Outlines","sr":1,"ks":{"o":{"a":0,"k":100,"ix":11},"r":{"a":0,"k":0,"ix":10},"p":{"a":0,"k":[351.5,390.5,0],"ix":2},"a":{"a":0,"k":[62.917,95.149,0],"ix":1},"s":{"a":1,"k":[{"i":{"x":[0.667,0.667,0.667],"y":[1,1,1]},"o":{"x":[0.333,0.333,0.333],"y":[0,0,0]},"t":14.014,"s":[121,121,100]},{"i":{"x":[0.667,0.667,0.667],"y":[1,1,1]},"o":{"x":[0.333,0.333,0.333],"y":[0,0,0]},"t":16.016,"s":[110,121,100]},{"i":{"x":[0.667,0.667,0.667],"y":[1,1,1]},"o":{"x":[0.333,0.333,0.333],"y":[0,0,0]},"t":18.018,"s":[126,121,100]},{"i":{"x":[0.667,0.667,0.667],"y":[1,1,1]},"o":{"x":[0.333,0.333,0.333],"y":[0,0,0]},"t":20.02,"s":[119,121,100]},{"i":{"x":[0.667,0.667,0.667],"y":[1,1,1]},"o":{"x":[0.333,0.333,0.333],"y":[0,0,0]},"t":22.022,"s":[126,121,100]},{"i":{"x":[0.667,0.667,0.667],"y":[1,1,1]},"o":{"x":[0.333,0.333,0.333],"y":[0,0,0]},"t":24.024,"s":[121,121,100]},{"i":{"x":[0.667,0.667,0.667],"y":[1,1,1]},"o":{"x":[0.333,0.333,0.333],"y":[0,0,0]},"t":34.034,"s":[121,121,100]},{"i":{"x":[0.667,0.667,0.667],"y":[1,1,1]},"o":{"x":[0.333,0.333,0.333],"y":[0,0,0]},"t":36.036,"s":[110,121,100]},{"i":{"x":[0.667,0.667,0.667],"y":[1,1,1]},"o":{"x":[0.333,0.333,0.333],"y":[0,0,0]},"t":38.038,"s":[126,121,100]},{"i":{"x":[0.667,0.667,0.667],"y":[1,1,1]},"o":{"x":[0.333,0.333,0.333],"y":[0,0,0]},"t":40.04,"s":[119,121,100]},{"i":{"x":[0.667,0.667,0.667],"y":[1,1,1]},"o":{"x":[0.333,0.333,0.333],"y":[0,0,0]},"t":42.042,"s":[126,121,100]},{"i":{"x":[0.667,0.667,0.667],"y":[1,1,1]},"o":{"x":[0.167,0.167,0.167],"y":[0,0,0]},"t":44.044,"s":[121,121,100]},{"i":{"x":[0.667,0.667,0.667],"y":[1,1,1]},"o":{"x":[0.333,0.333,0.333],"y":[0,0,0]},"t":54.054,"s":[121,121,100]},{"i":{"x":[0.667,0.667,0.667],"y":[1,1,1]},"o":{"x":[0.333,0.333,0.333],"y":[0,0,0]},"t":56.056,"s":[110,121,100]},{"i":{"x":[0.667,0.667,0.667],"y":[1,1,1]},"o":{"x":[0.333,0.333,0.333],"y":[0,0,0]},"t":58.058,"s":[126,121,100]},{"i":{"x":[0.667,0.667,0.667],"y":[1,1,1]},"o":{"x":[0.333,0.333,0.333],"y":[0,0,0]},"t":60.06,"s":[119,121,100]},{"i":{"x":[0.667,0.667,0.667],"y":[1,1,1]},"o":{"x":[0.333,0.333,0.333],"y":[0,0,0]},"t":62.062,"s":[126,121,100]},{"i":{"x":[0.667,0.667,0.667],"y":[1,1,1]},"o":{"x":[0.167,0.167,0.167],"y":[0,0,0]},"t":64.064,"s":[121,121,100]},{"i":{"x":[0.667,0.667,0.667],"y":[1,1,1]},"o":{"x":[0.333,0.333,0.333],"y":[0,0,0]},"t":74.074,"s":[121,121,100]},{"i":{"x":[0.667,0.667,0.667],"y":[1,1,1]},"o":{"x":[0.333,0.333,0.333],"y":[0,0,0]},"t":76.076,"s":[110,121,100]},{"i":{"x":[0.667,0.667,0.667],"y":[1,1,1]},"o":{"x":[0.333,0.333,0.333],"y":[0,0,0]},"t":78.078,"s":[126,121,100]},{"i":{"x":[0.667,0.667,0.667],"y":[1,1,1]},"o":{"x":[0.333,0.333,0.333],"y":[0,0,0]},"t":80.08,"s":[119,121,100]},{"i":{"x":[0.667,0.667,0.667],"y":[1,1,1]},"o":{"x":[0.333,0.333,0.333],"y":[0,0,0]},"t":82.082,"s":[126,121,100]},{"i":{"x":[0.667,0.667,0.667],"y":[1,1,1]},"o":{"x":[0.167,0.167,0.167],"y":[0,0,0]},"t":84.084,"s":[121,121,100]},{"i":{"x":[0.667,0.667,0.667],"y":[1,1,1]},"o":{"x":[0.333,0.333,0.333],"y":[0,0,0]},"t":95.095,"s":[121,121,100]},{"i":{"x":[0.667,0.667,0.667],"y":[1,1,1]},"o":{"x":[0.333,0.333,0.333],"y":[0,0,0]},"t":97.097,"s":[110,121,100]},{"i":{"x":[0.667,0.667,0.667],"y":[1,1,1]},"o":{"x":[0.333,0.333,0.333],"y":[0,0,0]},"t":99.099,"s":[126,121,100]},{"i":{"x":[0.667,0.667,0.667],"y":[1,1,1]},"o":{"x":[0.333,0.333,0.333],"y":[0,0,0]},"t":101.101,"s":[119,121,100]},{"i":{"x":[0.667,0.667,0.667],"y":[1,1,1]},"o":{"x":[0.333,0.333,0.333],"y":[0,0,0]},"t":103.103,"s":[126,121,100]},{"i":{"x":[0.667,0.667,0.667],"y":[1,1,1]},"o":{"x":[0.167,0.167,0.167],"y":[0,0,0]},"t":105.105,"s":[121,121,100]},{"i":{"x":[0.667,0.667,0.667],"y":[1,1,1]},"o":{"x":[0.333,0.333,0.333],"y":[0,0,0]},"t":116.116,"s":[121,121,100]},{"i":{"x":[0.667,0.667,0.667],"y":[1,1,1]},"o":{"x":[0.333,0.333,0.333],"y":[0,0,0]},"t":118.118,"s":[110,121,100]},{"i":{"x":[0.667,0.667,0.667],"y":[1,1,1]},"o":{"x":[0.333,0.333,0.333],"y":[0,0,0]},"t":120.12,"s":[126,121,100]},{"i":{"x":[0.667,0.667,0.667],"y":[1,1,1]},"o":{"x":[0.333,0.333,0.333],"y":[0,0,0]},"t":122.122,"s":[119,121,100]},{"i":{"x":[0.667,0.667,0.667],"y":[1,1,1]},"o":{"x":[0.333,0.333,0.333],"y":[0,0,0]},"t":124.124,"s":[126,121,100]},{"t":126.126126126126,"s":[121,121,100]}],"ix":6}},"ao":0,"shapes":[{"ty":"gr","it":[{"ty":"st","c":{"a":0,"k":[1,0.737254901961,0.172549019608,1],"ix":3},"o":{"a":0,"k":100,"ix":4},"w":{"a":0,"k":5,"ix":5},"lc":1,"lj":1,"ml":4,"bm":0,"nm":"Stroke 1","mn":"ADBE Vector Graphic - Stroke","hd":false},{"ty":"tr","p":{"a":0,"k":[0,0],"ix":2},"a":{"a":0,"k":[0,0],"ix":1},"s":{"a":0,"k":[100,100],"ix":3},"r":{"a":0,"k":0,"ix":6},"o":{"a":0,"k":100,"ix":7},"sk":{"a":0,"k":0,"ix":4},"sa":{"a":0,"k":0,"ix":5},"nm":"Transform"}],"nm":"Shape 1","np":1,"cix":2,"bm":0,"ix":1,"mn":"ADBE Vector Group","hd":false},{"ty":"gr","it":[{"ind":0,"ty":"sh","ix":1,"ks":{"a":0,"k":{"i":[[0,0],[0,0],[0,0],[-0.16,-2.308],[0,0],[1.445,1.051],[0,0],[0,0]],"o":[[0,0],[0,0],[1.501,-1.337],[0,0],[0,1.758],[0,0],[0,0],[0,0]],"v":[[-16.644,-10.095],[-1.854,-10.095],[41.355,-39.781],[44.984,-37.916],[44.984,38.864],[42.301,40.067],[-1.854,11.139],[-16.644,11.139]],"c":true},"ix":2},"nm":"Path 1","mn":"ADBE Vector Shape - Group","hd":false},{"ind":1,"ty":"sh","ix":2,"ks":{"a":0,"k":{"i":[[0,0],[0,0]],"o":[[0,0],[0,0]],"v":[[-1.842,-10.481],[-1.636,11.833]],"c":false},"ix":2},"nm":"Path 2","mn":"ADBE Vector Shape - Group","hd":false},{"ty":"st","c":{"a":0,"k":[1,0.737254901961,0.172549019608,1],"ix":3},"o":{"a":0,"k":100,"ix":4},"w":{"a":0,"k":5,"ix":5},"lc":2,"lj":1,"ml":10,"bm":0,"nm":"Stroke 1","mn":"ADBE Vector Graphic - Stroke","hd":false},{"ty":"tr","p":{"a":0,"k":[86.041,95.919],"ix":2},"a":{"a":0,"k":[0,0],"ix":1},"s":{"a":0,"k":[100,100],"ix":3},"r":{"a":0,"k":0,"ix":6},"o":{"a":0,"k":100,"ix":7},"sk":{"a":0,"k":0,"ix":4},"sa":{"a":0,"k":0,"ix":5},"nm":"Transform"}],"nm":"Group 6","np":3,"cix":2,"bm":0,"ix":2,"mn":"ADBE Vector Group","hd":false},{"ty":"tm","s":{"a":0,"k":0,"ix":1},"e":{"a":0,"k":100,"ix":2},"o":{"a":0,"k":0,"ix":3},"m":2,"ix":3,"nm":"Trim Paths 1","mn":"ADBE Vector Filter - Trim","hd":false}],"ip":0,"op":117.117117117117,"st":-2.002002002002,"bm":0}]}],"layers":[{"ddd":0,"ind":1,"ty":0,"nm":"Pre-comp 23","refId":"comp_0","sr":0.85,"ks":{"o":{"a":0,"k":100,"ix":11},"r":{"a":0,"k":0,"ix":10},"p":{"a":0,"k":[40.75,50.75,0],"ix":2},"a":{"a":0,"k":[400,400,0],"ix":1},"s":{"a":0,"k":[32,32,100],"ix":6}},"ao":0,"w":800,"h":800,"ip":0,"op":91,"st":-8.5,"bm":0},{"ddd":0,"ind":2,"ty":4,"nm":"Layer 3 Outlines","sr":1,"ks":{"o":{"a":0,"k":100,"ix":11},"r":{"a":0,"k":0,"ix":10},"p":{"a":0,"k":[46.334,24.223,0],"ix":2},"a":{"a":0,"k":[44.784,22.474,0],"ix":1},"s":{"a":1,"k":[{"i":{"x":[0.667,0.667,0.667],"y":[1,1,1]},"o":{"x":[0.167,0.167,0.167],"y":[0.167,0.167,-0.175]},"t":0,"s":[100,100,100]},{"i":{"x":[0.833,0.833,0.833],"y":[0.833,0.833,0.825]},"o":{"x":[0.333,0.333,0.333],"y":[0,0,0]},"t":8.911,"s":[94,94,100]},{"i":{"x":[0.667,0.667,0.667],"y":[1,1,1]},"o":{"x":[0.167,0.167,0.167],"y":[0.167,0.167,0]},"t":17.822,"s":[100,100,100]},{"i":{"x":[0.833,0.833,0.833],"y":[0.833,0.833,1]},"o":{"x":[0.333,0.333,0.333],"y":[0,0,0]},"t":26.732,"s":[94,94,100]},{"i":{"x":[0.667,0.667,0.667],"y":[1,1,1]},"o":{"x":[0.167,0.167,0.167],"y":[0.167,0.167,0]},"t":35.644,"s":[100,100,100]},{"i":{"x":[0.833,0.833,0.833],"y":[0.833,0.833,1]},"o":{"x":[0.333,0.333,0.333],"y":[0,0,0]},"t":44.555,"s":[94,94,100]},{"i":{"x":[0.667,0.667,0.667],"y":[1,1,1]},"o":{"x":[0.167,0.167,0.167],"y":[0.167,0.167,0]},"t":53.466,"s":[100,100,100]},{"i":{"x":[0.833,0.833,0.833],"y":[0.833,0.833,1]},"o":{"x":[0.333,0.333,0.333],"y":[0,0,0]},"t":62.376,"s":[94,94,100]},{"i":{"x":[0.667,0.667,0.667],"y":[1,1,1]},"o":{"x":[0.167,0.167,0.167],"y":[0.167,0.167,0]},"t":71.287,"s":[100,100,100]},{"i":{"x":[0.833,0.833,0.833],"y":[0.833,0.833,1]},"o":{"x":[0.333,0.333,0.333],"y":[0,0,0]},"t":81.089,"s":[94,94,100]},{"t":90,"s":[100,100,100]}],"ix":6}},"ao":0,"shapes":[{"ty":"gr","it":[{"ind":0,"ty":"sh","ix":1,"ks":{"a":0,"k":{"i":[[0.662,0],[0,0.662],[0,0],[-0.662,0],[0,-0.661],[0,0]],"o":[[-0.662,0],[0,0],[0,-0.663],[0.661,0],[0,0],[0,0.662]],"v":[[0.001,9.999],[-1.201,8.798],[-1.201,-8.796],[0.001,-9.999],[1.2,-8.799],[1.201,8.798]],"c":true},"ix":2},"nm":"Path 1","mn":"ADBE Vector Shape - Group","hd":false},{"ty":"fl","c":{"a":0,"k":[1,0.736496450387,0.170620428347,1],"ix":4},"o":{"a":0,"k":100,"ix":5},"r":1,"bm":0,"nm":"Fill 1","mn":"ADBE Vector Graphic - Fill","hd":false},{"ty":"tr","p":{"a":0,"k":[75.263,34.699],"ix":2},"a":{"a":0,"k":[0,0],"ix":1},"s":{"a":0,"k":[100,100],"ix":3},"r":{"a":0,"k":0,"ix":6},"o":{"a":0,"k":100,"ix":7},"sk":{"a":0,"k":0,"ix":4},"sa":{"a":0,"k":0,"ix":5},"nm":"Transform"}],"nm":"Group 1","np":2,"cix":2,"bm":0,"ix":1,"mn":"ADBE Vector Group","hd":false},{"ty":"gr","it":[{"ind":0,"ty":"sh","ix":1,"ks":{"a":0,"k":{"i":[[0.662,0],[0,0.662],[0,0],[-0.662,0],[0,-0.661],[0,0]],"o":[[-0.662,0],[0,0],[0,-0.663],[0.662,0],[0,0],[0,0.662]],"v":[[0,9.999],[-1.201,8.798],[-1.201,-8.796],[0,-9.999],[1.2,-8.799],[1.201,8.798]],"c":true},"ix":2},"nm":"Path 1","mn":"ADBE Vector Shape - Group","hd":false},{"ty":"fl","c":{"a":0,"k":[1,0.736496450387,0.170620428347,1],"ix":4},"o":{"a":0,"k":100,"ix":5},"r":1,"bm":0,"nm":"Fill 1","mn":"ADBE Vector Graphic - Fill","hd":false},{"ty":"tr","p":{"a":0,"k":[14.727,34.699],"ix":2},"a":{"a":0,"k":[0,0],"ix":1},"s":{"a":0,"k":[100,100],"ix":3},"r":{"a":0,"k":0,"ix":6},"o":{"a":0,"k":100,"ix":7},"sk":{"a":0,"k":0,"ix":4},"sa":{"a":0,"k":0,"ix":5},"nm":"Transform"}],"nm":"Group 2","np":2,"cix":2,"bm":0,"ix":2,"mn":"ADBE Vector Group","hd":false},{"ty":"gr","it":[{"ind":0,"ty":"sh","ix":1,"ks":{"a":0,"k":{"i":[[0,0],[0,-3.858],[-3.836,-0.382],[0,0],[0,0]],"o":[[-3.836,0.382],[0,3.857],[0,0],[0,0],[0,0]],"v":[[-35.404,4.85],[-42.133,12.288],[-35.404,19.723],[-35.017,19.762],[-35.017,4.812]],"c":true},"ix":2},"nm":"Path 1","mn":"ADBE Vector Shape - Group","hd":false},{"ind":1,"ty":"sh","ix":2,"ks":{"a":0,"k":{"i":[[0,0],[0,0],[-0.007,3.858],[3.835,0.381],[0,0]],"o":[[0,0],[3.829,-0.382],[0,-3.858],[0,0],[0,0]],"v":[[35.021,19.762],[35.408,19.723],[42.137,12.286],[35.408,4.85],[35.021,4.811]],"c":true},"ix":2},"nm":"Path 2","mn":"ADBE Vector Shape - Group","hd":false},{"ind":2,"ty":"sh","ix":3,"ks":{"a":0,"k":{"i":[[0,0],[0,5.445],[-5.192,0.321],[0,0],[0,0],[-4.711,4.554],[-6.559,0],[0,0],[-4.726,-4.569],[-0.252,-6.527],[0,0],[0,0],[-0.002,-5.181],[5.445,0],[0,0],[0,0.662],[0,0],[-0.007,0.024],[-0.007,0.05],[0,0],[0,0],[0.014,0.049],[0.001,0.01],[12.593,0],[0,0],[0,-12.593],[0.018,-0.061],[0,0],[0,0],[-0.014,-0.05],[-0.002,-0.011],[0,0],[0.662,0]],"o":[[-5.444,0],[0,-5.197],[0,0],[0,0],[0.251,-6.527],[4.725,-4.569],[0,0],[6.558,0],[4.711,4.554],[0,0],[0,0],[5.178,0.334],[0,5.444],[0,0],[-0.662,0],[0,0],[0.001,-0.01],[0.014,-0.048],[0,0],[0,0],[-0.007,-0.05],[-0.006,-0.023],[0,-12.593],[0,0],[-12.594,0],[0,0.04],[-0.008,0.029],[0,0],[0.005,0.051],[0.003,0.012],[0,0],[0,0.663],[0,0]],"v":[[-34.661,22.161],[-44.534,12.286],[-35.274,2.447],[-34.956,2.428],[-34.944,2.109],[-27.249,-15.076],[-9.75,-22.161],[9.775,-22.161],[27.273,-15.076],[34.968,2.109],[34.981,2.426],[35.297,2.447],[44.534,12.282],[34.66,22.154],[33.817,22.154],[32.616,20.954],[32.616,3.609],[32.632,3.542],[32.665,3.396],[32.673,3.346],[32.665,3.292],[32.631,3.146],[32.616,3.081],[9.776,-19.758],[-9.749,-19.758],[-32.589,3.081],[-32.623,3.238],[-32.661,3.385],[-32.655,3.445],[-32.624,3.596],[-32.615,3.631],[-32.616,20.958],[-33.817,22.161]],"c":true},"ix":2},"nm":"Path 3","mn":"ADBE Vector Shape - Group","hd":false},{"ty":"mm","mm":1,"nm":"Merge Paths 1","mn":"ADBE Vector Filter - Merge","hd":false},{"ty":"fl","c":{"a":0,"k":[1,1,1,1],"ix":4},"o":{"a":0,"k":100,"ix":5},"r":1,"bm":0,"nm":"Fill 1","mn":"ADBE Vector Graphic - Fill","hd":false},{"ty":"tr","p":{"a":0,"k":[44.784,22.411],"ix":2},"a":{"a":0,"k":[0,0],"ix":1},"s":{"a":0,"k":[100,100],"ix":3},"r":{"a":0,"k":0,"ix":6},"o":{"a":0,"k":100,"ix":7},"sk":{"a":0,"k":0,"ix":4},"sa":{"a":0,"k":0,"ix":5},"nm":"Transform"}],"nm":"Group 3","np":5,"cix":2,"bm":0,"ix":3,"mn":"ADBE Vector Group","hd":false}],"ip":0,"op":91,"st":0,"bm":0},{"ddd":0,"ind":3,"ty":4,"nm":"Layer 1 Outlines","sr":1,"ks":{"o":{"a":0,"k":100,"ix":11},"r":{"a":0,"k":0,"ix":10},"p":{"a":0,"k":[45.679,47.115,0],"ix":2},"a":{"a":0,"k":[24.325,32.023,0],"ix":1},"s":{"a":0,"k":[100,100,100],"ix":6}},"ao":0,"shapes":[{"ty":"gr","it":[{"ind":0,"ty":"sh","ix":1,"ks":{"a":0,"k":{"i":[[0,0],[0,0],[-0.38,0],[0,0],[0,0],[1.332,0],[0,0],[0,0],[0,-1.332],[0,0],[0,0],[0,-0.662],[0.662,0],[0,0]],"o":[[0,0],[0.476,-0.134],[0,0],[0,0],[0,-1.332],[0,0],[0,0],[-1.333,0],[0,0],[0,0],[0.662,0],[0,0.662],[0,0],[0,0]],"v":[[-21.143,22.818],[-20.695,22.691],[-19.441,22.495],[21.581,22.495],[21.581,-26.956],[19.165,-29.372],[-18.633,-29.372],[-18.719,-29.372],[-21.137,-26.956],[-21.137,-22.225],[-9.695,-22.226],[-8.495,-21.025],[-9.695,-19.824],[-21.143,-19.824]],"c":true},"ix":2},"nm":"Path 1","mn":"ADBE Vector Shape - Group","hd":false},{"ind":1,"ty":"sh","ix":2,"ks":{"a":0,"k":{"i":[[0,0],[-0.397,0],[0,0],[0,0],[-0.006,0.607],[-0.198,0.561],[0,0],[0,0],[0.415,-0.276],[0,0],[0,0],[0,-0.662],[0.663,0],[0,0]],"o":[[0.388,0.253],[0,0],[0,0],[-0.207,-0.584],[0,-0.601],[0,0],[0,0],[-0.412,0],[0,0],[0,0],[0.663,0],[0,0.662],[0,0],[0,0]],"v":[[-20.622,28.992],[-19.439,29.374],[20.258,29.374],[20.092,28.904],[19.788,27.107],[20.087,25.358],[20.252,24.889],[-19.439,24.889],[-20.667,25.3],[-21.635,25.945],[-12.663,25.945],[-11.462,27.145],[-12.663,28.346],[-21.617,28.346]],"c":true},"ix":2},"nm":"Path 2","mn":"ADBE Vector Shape - Group","hd":false},{"ind":2,"ty":"sh","ix":3,"ks":{"a":0,"k":{"i":[[0,0],[0,2.56],[-0.333,0.66],[0,0],[0,0],[-2.656,0],[0,0],[0,0],[-0.007,-2.657],[0,0],[0.057,-0.148],[0.009,-0.016],[0.012,-0.024],[0.063,-0.073],[0.035,-0.03],[0,0],[0.016,-0.019],[0.008,-0.007],[0.008,-0.984],[-0.802,-0.573],[0.155,-0.492],[0.511,0]],"o":[[-2.559,0],[0,-0.704],[0,0],[0,0],[0,-2.657],[0,0],[0,0],[2.653,0],[0,0],[0,0.149],[-0.008,0.02],[-0.013,0.023],[-0.046,0.089],[-0.031,0.035],[0,0],[-0.018,0.019],[-0.008,0.008],[-0.801,0.56],[0,0.989],[0.427,0.306],[-0.164,0.506],[0,0]],"v":[[-19.432,31.773],[-24.074,27.132],[-23.572,25.076],[-23.535,25.003],[-23.535,-26.956],[-18.717,-31.773],[19.003,-31.773],[19.166,-31.771],[23.992,-26.954],[23.99,23.68],[23.906,24.115],[23.878,24.165],[23.839,24.236],[23.676,24.479],[23.578,24.572],[23.546,24.6],[23.494,24.658],[23.471,24.68],[22.195,27.115],[23.456,29.57],[23.919,30.926],[22.79,31.773]],"c":true},"ix":2},"nm":"Path 3","mn":"ADBE Vector Shape - Group","hd":false},{"ty":"mm","mm":1,"nm":"Merge Paths 1","mn":"ADBE Vector Filter - Merge","hd":false},{"ty":"fl","c":{"a":0,"k":[1,1,1,1],"ix":4},"o":{"a":0,"k":100,"ix":5},"r":1,"bm":0,"nm":"Fill 1","mn":"ADBE Vector Graphic - Fill","hd":false},{"ty":"tr","p":{"a":0,"k":[24.325,32.024],"ix":2},"a":{"a":0,"k":[0,0],"ix":1},"s":{"a":0,"k":[100,100],"ix":3},"r":{"a":0,"k":0,"ix":6},"o":{"a":0,"k":100,"ix":7},"sk":{"a":0,"k":0,"ix":4},"sa":{"a":0,"k":0,"ix":5},"nm":"Transform"}],"nm":"Group 1","np":5,"cix":2,"bm":0,"ix":1,"mn":"ADBE Vector Group","hd":false}],"ip":0,"op":91,"st":0,"bm":0}],"markers":[]}