{"v":"5.5.8","fr":30,"ip":0,"op":91,"w":78,"h":78,"nm":"play-","ddd":0,"assets":[{"id":"comp_0","layers":[{"ddd":0,"ind":1,"ty":4,"nm":"Layer 19 Outlines","sr":1,"ks":{"o":{"a":0,"k":100,"ix":11},"r":{"a":0,"k":0,"ix":10},"p":{"a":1,"k":[{"i":{"x":0.667,"y":1},"o":{"x":0.333,"y":0},"t":10,"s":[84,223.5,0],"to":[20,0,0],"ti":[-20,0,0]},{"t":45,"s":[204,223.5,0]}],"ix":2},"a":{"a":0,"k":[5,19.5,0],"ix":1},"s":{"a":0,"k":[100,100,100],"ix":6}},"ao":0,"shapes":[{"ty":"gr","it":[{"ind":0,"ty":"sh","ix":1,"ks":{"a":0,"k":{"i":[[0,0],[0,0]],"o":[[0,0],[0,0]],"v":[[5,5],[5,34]],"c":false},"ix":2},"nm":"Path 1","mn":"ADBE Vector Shape - Group","hd":false},{"ty":"st","c":{"a":0,"k":[1,0.737254901961,0.172549019608,1],"ix":3},"o":{"a":0,"k":100,"ix":4},"w":{"a":0,"k":16,"ix":5},"lc":2,"lj":2,"bm":0,"nm":"Stroke 1","mn":"ADBE Vector Graphic - Stroke","hd":false},{"ty":"tr","p":{"a":0,"k":[0,0],"ix":2},"a":{"a":0,"k":[0,0],"ix":1},"s":{"a":0,"k":[100,100],"ix":3},"r":{"a":0,"k":0,"ix":6},"o":{"a":0,"k":100,"ix":7},"sk":{"a":0,"k":0,"ix":4},"sa":{"a":0,"k":0,"ix":5},"nm":"Transform"}],"nm":"Group 1","np":2,"cix":2,"bm":0,"ix":1,"mn":"ADBE Vector Group","hd":false},{"ty":"tm","s":{"a":0,"k":0,"ix":1},"e":{"a":0,"k":100,"ix":2},"o":{"a":0,"k":0,"ix":3},"m":1,"ix":2,"nm":"Trim In Path","mn":"ADBE Vector Filter - Trim","hd":false}],"ip":0,"op":60,"st":5,"bm":0},{"ddd":0,"ind":2,"ty":4,"nm":"Layer 20 Outlines","sr":1,"ks":{"o":{"a":0,"k":100,"ix":11},"r":{"a":0,"k":0,"ix":10},"p":{"a":0,"k":[147,223,0],"ix":2},"a":{"a":0,"k":[88,5,0],"ix":1},"s":{"a":0,"k":[100,100,100],"ix":6}},"ao":0,"shapes":[{"ty":"gr","it":[{"ind":0,"ty":"sh","ix":1,"ks":{"a":0,"k":{"i":[[0,0],[0,0]],"o":[[0,0],[0,0]],"v":[[5,5],[171,5]],"c":false},"ix":2},"nm":"Path 1","mn":"ADBE Vector Shape - Group","hd":false},{"ty":"st","c":{"a":0,"k":[1,1,1,1],"ix":3},"o":{"a":0,"k":100,"ix":4},"w":{"a":0,"k":16,"ix":5},"lc":2,"lj":2,"bm":0,"nm":"Stroke 1","mn":"ADBE Vector Graphic - Stroke","hd":false},{"ty":"tr","p":{"a":0,"k":[0,0],"ix":2},"a":{"a":0,"k":[0,0],"ix":1},"s":{"a":0,"k":[100,100],"ix":3},"r":{"a":0,"k":0,"ix":6},"o":{"a":0,"k":100,"ix":7},"sk":{"a":0,"k":0,"ix":4},"sa":{"a":0,"k":0,"ix":5},"nm":"Transform"}],"nm":"Group 1","np":2,"cix":2,"bm":0,"ix":1,"mn":"ADBE Vector Group","hd":false},{"ty":"tm","s":{"a":0,"k":0,"ix":1},"e":{"a":0,"k":100,"ix":2},"o":{"a":0,"k":0,"ix":3},"m":1,"ix":2,"nm":"Trim In Path","mn":"ADBE Vector Filter - Trim","hd":false}],"ip":0,"op":60,"st":0,"bm":0}]}],"layers":[{"ddd":0,"ind":1,"ty":0,"nm":"Pre-comp 24","refId":"comp_0","sr":1,"ks":{"o":{"a":0,"k":100,"ix":11},"r":{"a":0,"k":0,"ix":10},"p":{"a":0,"k":[31.25,34.5,0],"ix":2},"a":{"a":0,"k":[150,150,0],"ix":1},"s":{"a":0,"k":[16,16,100],"ix":6}},"ao":0,"tm":{"a":0,"k":1.967,"ix":2},"w":300,"h":300,"ip":59,"op":93,"st":0,"bm":0},{"ddd":0,"ind":2,"ty":0,"nm":"Pre-comp 24","refId":"comp_0","sr":1,"ks":{"o":{"a":0,"k":100,"ix":11},"r":{"a":0,"k":0,"ix":10},"p":{"a":0,"k":[31.25,34.5,0],"ix":2},"a":{"a":0,"k":[150,150,0],"ix":1},"s":{"a":0,"k":[16,16,100],"ix":6}},"ao":0,"w":300,"h":300,"ip":0,"op":59,"st":0,"bm":0},{"ddd":0,"ind":3,"ty":4,"nm":"Calque de forme 1","sr":1,"ks":{"o":{"a":0,"k":100,"ix":11},"r":{"a":1,"k":[{"i":{"x":[0.556],"y":[0.93]},"o":{"x":[0.635],"y":[0.229]},"t":6,"s":[0]},{"i":{"x":[0.667],"y":[1]},"o":{"x":[0.333],"y":[0]},"t":9,"s":[-10]},{"i":{"x":[0.23],"y":[0.849]},"o":{"x":[0.424],"y":[0.181]},"t":21,"s":[18]},{"i":{"x":[0.833],"y":[1]},"o":{"x":[0.167],"y":[0]},"t":24,"s":[0]},{"i":{"x":[0.833],"y":[1]},"o":{"x":[0.167],"y":[0]},"t":27,"s":[-10]},{"t":30,"s":[0]}],"ix":10},"p":{"a":0,"k":[31.402,22.318,0],"ix":2},"a":{"a":0,"k":[-110,-115.686,0],"ix":1},"s":{"a":0,"k":[4,4.422,100],"ix":6}},"ao":0,"shapes":[{"ty":"gr","it":[{"ty":"sr","sy":2,"d":1,"pt":{"a":0,"k":3,"ix":3},"p":{"a":0,"k":[0,0],"ix":4},"r":{"a":0,"k":0,"ix":5},"or":{"a":0,"k":158.417,"ix":7},"os":{"a":0,"k":0,"ix":9},"ix":1,"nm":"Tracé polyétoile 1","mn":"ADBE Vector Shape - Star","hd":false},{"ty":"st","c":{"a":0,"k":[1,0.737254901961,0.172549019608,1],"ix":3},"o":{"a":0,"k":99,"ix":4},"w":{"a":0,"k":36,"ix":5},"lc":2,"lj":2,"bm":0,"nm":"Contour 1","mn":"ADBE Vector Graphic - Stroke","hd":false},{"ty":"tr","p":{"a":0,"k":[-110,-110],"ix":2},"a":{"a":0,"k":[0,0],"ix":1},"s":{"a":0,"k":[100,100],"ix":3},"r":{"a":0,"k":90,"ix":6},"o":{"a":0,"k":100,"ix":7},"sk":{"a":0,"k":0,"ix":4},"sa":{"a":0,"k":0,"ix":5},"nm":"Transform"}],"nm":"Polyétoile 1","np":3,"cix":2,"bm":0,"ix":1,"mn":"ADBE Vector Group","hd":false}],"ip":0,"op":900,"st":0,"bm":0},{"ddd":0,"ind":5,"ty":4,"nm":"Layer 1 Outlines","sr":1,"ks":{"o":{"a":0,"k":100,"ix":11},"r":{"a":0,"k":0,"ix":10},"p":{"a":0,"k":[39.54,39.362,0],"ix":2},"a":{"a":0,"k":[37.607,37.614,0],"ix":1},"s":{"a":0,"k":[100,100,100],"ix":6}},"ao":0,"shapes":[{"ty":"gr","it":[{"ind":0,"ty":"sh","ix":1,"ks":{"a":0,"k":{"i":[[3.001,-0.003],[2.123,2.123],[0,3.002],[-2.123,2.123],[-3.003,0],[-2.123,-2.124],[0,-3.003],[2.122,-2.122]],"o":[[-3.003,0],[-2.123,-2.123],[0,-3.003],[2.123,-2.123],[3.002,0],[2.123,2.123],[-0.004,3.001],[-2.122,2.121]],"v":[[0,11.321],[-8.006,8.006],[-11.323,0.001],[-8.007,-8.005],[-0.001,-11.321],[8.004,-8.004],[11.319,0.002],[8,8.002]],"c":true},"ix":2},"nm":"Path 1","mn":"ADBE Vector Shape - Group","hd":false},{"ind":1,"ty":"sh","ix":2,"ks":{"a":0,"k":{"i":[[3.602,0.004],[2.547,-2.547],[0,-3.602],[-2.547,-2.548],[-3.603,0],[-2.548,2.548],[0,3.602],[2.545,2.546]],"o":[[-3.603,0],[-2.548,2.548],[0,3.603],[2.547,2.548],[3.602,0],[2.548,-2.547],[-0.004,-3.602],[-2.548,-2.547]],"v":[[0,-13.584],[-9.605,-9.606],[-13.584,-0.001],[-9.606,9.605],[-0.001,13.584],[9.604,9.606],[13.584,0.002],[9.602,-9.6]],"c":true},"ix":2},"nm":"Path 2","mn":"ADBE Vector Shape - Group","hd":false},{"ty":"mm","mm":1,"nm":"Merge Paths 1","mn":"ADBE Vector Filter - Merge","hd":false},{"ty":"fl","c":{"a":0,"k":[1,1,1,1],"ix":4},"o":{"a":0,"k":100,"ix":5},"r":1,"bm":0,"nm":"Fill 1","mn":"ADBE Vector Graphic - Fill","hd":false},{"ty":"tr","p":{"a":0,"k":[29.218,21.141],"ix":2},"a":{"a":0,"k":[0,0],"ix":1},"s":{"a":0,"k":[100,100],"ix":3},"r":{"a":0,"k":0,"ix":6},"o":{"a":0,"k":100,"ix":7},"sk":{"a":0,"k":0,"ix":4},"sa":{"a":0,"k":0,"ix":5},"nm":"Transform"}],"nm":"Group 1","np":4,"cix":2,"bm":0,"ix":1,"mn":"ADBE Vector Group","hd":false},{"ty":"gr","it":[{"ind":0,"ty":"sh","ix":1,"ks":{"a":0,"k":{"i":[[0,0],[0,0],[-0.722,0.714],[-1.015,-0.003],[0,0],[-0.212,0.212],[0,0.299],[0,0],[0,0],[-0.424,-0.425],[-0.001,-0.6]],"o":[[0,0],[0.007,-1.016],[0.722,-0.715],[0,0],[0.301,0.001],[0.213,-0.212],[0,0],[0,0],[0.601,0.001],[0.425,0.424],[0,0]],"v":[[35.087,21.503],[13.632,21.503],[14.771,18.801],[17.484,17.69],[29.279,17.69],[30.079,17.36],[30.411,16.56],[30.411,-29.318],[32.829,-29.318],[34.43,-28.653],[35.094,-27.053]],"c":true},"ix":2},"nm":"Path 1","mn":"ADBE Vector Shape - Group","hd":false},{"ind":1,"ty":"sh","ix":2,"ks":{"a":0,"k":{"i":[[0,0],[0.424,-0.425],[0.6,-0.001],[0,0],[0.424,0.424],[0.001,0.6],[0,0],[0,0]],"o":[[-0.001,0.6],[-0.424,0.424],[0,0],[-0.6,-0.001],[-0.424,-0.425],[0,0],[0,0],[0,0]],"v":[[35.087,26.033],[34.423,27.632],[32.824,28.296],[-32.829,28.296],[-34.428,27.632],[-35.092,26.033],[-35.092,23.767],[35.094,23.767]],"c":true},"ix":2},"nm":"Path 2","mn":"ADBE Vector Shape - Group","hd":false},{"ind":2,"ty":"sh","ix":3,"ks":{"a":0,"k":{"i":[[0,0],[0,0],[0,0],[0,0]],"o":[[0,0],[0,0],[0,0],[0,0]],"v":[[-9.495,35.087],[-7.23,30.559],[7.219,30.559],[9.495,35.087]],"c":true},"ix":2},"nm":"Path 3","mn":"ADBE Vector Shape - Group","hd":false},{"ind":3,"ty":"sh","ix":4,"ks":{"a":0,"k":{"i":[[0,0],[-0.424,0.424],[-0.6,0.001],[0,0],[0,0],[-0.213,-0.213],[-0.3,0],[0,0],[-0.725,-0.718],[-0.006,-1.02],[0,0]],"o":[[0,-0.6],[0.425,-0.425],[0,0],[0,0],[-0.001,0.3],[0.212,0.212],[0,0],[1.019,-0.004],[0.724,0.717],[0,0],[0,0]],"v":[[-35.092,-27.053],[-34.43,-28.653],[-32.829,-29.318],[-30.411,-29.318],[-30.411,16.545],[-30.081,17.346],[-29.281,17.677],[7.499,17.677],[10.221,18.792],[11.363,21.504],[-35.092,21.504]],"c":true},"ix":2},"nm":"Path 4","mn":"ADBE Vector Shape - Group","hd":false},{"ind":4,"ty":"sh","ix":5,"ks":{"a":0,"k":{"i":[[0,0],[0,0],[-0.725,-0.717],[-0.007,-1.019],[0,0],[1.408,-0.002],[0,0]],"o":[[0,0],[1.02,-0.004],[0.725,0.717],[0,0],[-1.094,-0.885],[0,0],[0,0]],"v":[[-28.148,-35.099],[7.497,-35.099],[10.221,-33.985],[11.364,-31.273],[11.364,16.779],[7.495,15.413],[-28.148,15.413]],"c":true},"ix":2},"nm":"Path 5","mn":"ADBE Vector Shape - Group","hd":false},{"ind":5,"ty":"sh","ix":6,"ks":{"a":0,"k":{"i":[[0,0],[-0.722,0.715],[-1.015,-0.004],[0,0],[0,0],[0,0],[1.091,-0.882]],"o":[[0.007,-1.015],[0.722,-0.714],[0,0],[0,0],[0,0],[-1.402,-0.002],[0,0]],"v":[[13.631,-31.101],[14.77,-33.803],[17.484,-34.912],[28.146,-34.912],[28.146,15.427],[17.484,15.427],[13.631,16.787]],"c":true},"ix":2},"nm":"Path 6","mn":"ADBE Vector Shape - Group","hd":false},{"ind":6,"ty":"sh","ix":7,"ks":{"a":0,"k":{"i":[[1.2,0.001],[0,0],[0,0],[0.212,0.213],[0.301,0],[0,0],[1.155,-1.559],[2.027,-0.002],[0,0],[0.212,-0.213],[0,-0.3],[0,0],[0,0],[0.849,-0.849],[0.001,-1.201],[0,0],[-0.849,-0.849],[-1.2,-0.001],[0,0],[0,0],[0,0],[0.222,-0.213],[0,-0.308],[-0.222,-0.214],[-0.308,0.011],[0,0],[-0.223,0.214],[0,0.308],[0.221,0.213],[0.308,-0.012],[0,0],[0,0],[0,0],[-0.848,0.849],[-0.001,1.2],[0,0],[0.849,0.848]],"o":[[0,0],[0,0],[0,-0.301],[-0.213,-0.212],[0,0],[-1.94,0.001],[-1.146,-1.67],[0,0],[-0.3,-0.001],[-0.213,0.212],[0,0],[0,0],[-1.2,0.001],[-0.848,0.849],[0,0],[0.001,1.2],[0.848,0.848],[0,0],[0,0],[0,0],[-0.308,-0.012],[-0.222,0.213],[0,0.308],[0.222,0.214],[0,0],[0.308,0.011],[0.221,-0.214],[0,-0.308],[-0.223,-0.213],[0,0],[0,0],[0,0],[1.2,-0.001],[0.849,-0.848],[0,0],[0,-1.201],[-0.849,-0.849]],"v":[[32.829,-31.581],[30.411,-31.581],[30.411,-36.042],[30.079,-36.844],[29.279,-37.176],[17.484,-37.176],[12.566,-34.696],[7.497,-37.362],[-29.281,-37.362],[-30.081,-37.031],[-30.413,-36.231],[-30.413,-31.581],[-32.829,-31.581],[-36.031,-30.253],[-37.357,-27.053],[-37.357,26.033],[-36.029,29.233],[-32.829,30.56],[-9.755,30.56],[-12.02,35.088],[-17.923,35.088],[-18.751,35.404],[-19.098,36.22],[-18.751,37.036],[-17.923,37.353],[17.923,37.353],[18.752,37.036],[19.098,36.22],[18.752,35.404],[17.923,35.088],[12.02,35.088],[9.756,30.56],[32.829,30.56],[36.029,29.232],[37.357,26.033],[37.357,-27.053],[36.031,-30.253]],"c":true},"ix":2},"nm":"Path 7","mn":"ADBE Vector Shape - Group","hd":false},{"ty":"mm","mm":1,"nm":"Merge Paths 1","mn":"ADBE Vector Filter - Merge","hd":false},{"ty":"fl","c":{"a":0,"k":[1,1,1,1],"ix":4},"o":{"a":0,"k":100,"ix":5},"r":1,"bm":0,"nm":"Fill 1","mn":"ADBE Vector Graphic - Fill","hd":false},{"ty":"tr","p":{"a":0,"k":[37.607,37.614],"ix":2},"a":{"a":0,"k":[0,0],"ix":1},"s":{"a":0,"k":[100,100],"ix":3},"r":{"a":0,"k":0,"ix":6},"o":{"a":0,"k":100,"ix":7},"sk":{"a":0,"k":0,"ix":4},"sa":{"a":0,"k":0,"ix":5},"nm":"Transform"}],"nm":"Group 2","np":9,"cix":2,"bm":0,"ix":2,"mn":"ADBE Vector Group","hd":false}],"ip":0,"op":93,"st":0,"bm":0}],"markers":[]}