{"v":"5.5.8","fr":29.9700012207031,"ip":0,"op":91.000003706506,"w":98,"h":98,"nm":"Pre-Publishing Services","ddd":0,"assets":[{"id":"comp_0","layers":[{"ddd":0,"ind":1,"ty":4,"nm":"Shape Layer 5","sr":1,"ks":{"o":{"a":0,"k":100,"ix":11},"r":{"a":0,"k":0,"ix":10},"p":{"a":0,"k":[18.375,30.688,0],"ix":2},"a":{"a":0,"k":[-8.75,-12.438,0],"ix":1},"s":{"a":0,"k":[100,100,100],"ix":6}},"ao":0,"shapes":[{"ty":"gr","it":[{"ind":0,"ty":"sh","ix":1,"ks":{"a":0,"k":{"i":[[0,0],[0,0]],"o":[[0,0],[0,0]],"v":[[-2.812,-12.5],[-14.438,-12.5]],"c":false},"ix":2},"nm":"Path 1","mn":"ADBE Vector Shape - Group","hd":false},{"ty":"st","c":{"a":0,"k":[1,1,1,1],"ix":3},"o":{"a":0,"k":100,"ix":4},"w":{"a":0,"k":2,"ix":5},"lc":2,"lj":1,"ml":4,"bm":0,"nm":"Stroke 1","mn":"ADBE Vector Graphic - Stroke","hd":false},{"ty":"tr","p":{"a":0,"k":[0,0],"ix":2},"a":{"a":0,"k":[0,0],"ix":1},"s":{"a":0,"k":[100,100],"ix":3},"r":{"a":0,"k":0,"ix":6},"o":{"a":0,"k":100,"ix":7},"sk":{"a":0,"k":0,"ix":4},"sa":{"a":0,"k":0,"ix":5},"nm":"Transform"}],"nm":"Shape 1","np":3,"cix":2,"bm":0,"ix":1,"mn":"ADBE Vector Group","hd":false},{"ty":"tm","s":{"a":1,"k":[{"i":{"x":[0.833],"y":[0.833]},"o":{"x":[0.167],"y":[0.167]},"t":49.95,"s":[100]},{"t":69.9300028483073,"s":[0]}],"ix":1},"e":{"a":0,"k":100,"ix":2},"o":{"a":0,"k":0,"ix":3},"m":1,"ix":2,"nm":"Trim Paths 1","mn":"ADBE Vector Filter - Trim","hd":false},{"ty":"st","c":{"a":0,"k":[1,1,1,1],"ix":3},"o":{"a":0,"k":100,"ix":4},"w":{"a":0,"k":2,"ix":5},"lc":2,"lj":1,"ml":4,"bm":0,"nm":"Stroke 1","mn":"ADBE Vector Graphic - Stroke","hd":false}],"ip":49.9500020345052,"op":140.859005737305,"st":49.9500020345052,"bm":0},{"ddd":0,"ind":2,"ty":4,"nm":"Shape Layer 4","sr":1,"ks":{"o":{"a":0,"k":100,"ix":11},"r":{"a":0,"k":0,"ix":10},"p":{"a":0,"k":[18.375,26.625,0],"ix":2},"a":{"a":0,"k":[-8.75,-12.438,0],"ix":1},"s":{"a":0,"k":[100,100,100],"ix":6}},"ao":0,"shapes":[{"ty":"gr","it":[{"ind":0,"ty":"sh","ix":1,"ks":{"a":0,"k":{"i":[[0,0],[0,0]],"o":[[0,0],[0,0]],"v":[[-2.812,-12.5],[-14.438,-12.5]],"c":false},"ix":2},"nm":"Path 1","mn":"ADBE Vector Shape - Group","hd":false},{"ty":"st","c":{"a":0,"k":[1,1,1,1],"ix":3},"o":{"a":0,"k":100,"ix":4},"w":{"a":0,"k":2,"ix":5},"lc":2,"lj":1,"ml":4,"bm":0,"nm":"Stroke 1","mn":"ADBE Vector Graphic - Stroke","hd":false},{"ty":"tr","p":{"a":0,"k":[0,0],"ix":2},"a":{"a":0,"k":[0,0],"ix":1},"s":{"a":0,"k":[100,100],"ix":3},"r":{"a":0,"k":0,"ix":6},"o":{"a":0,"k":100,"ix":7},"sk":{"a":0,"k":0,"ix":4},"sa":{"a":0,"k":0,"ix":5},"nm":"Transform"}],"nm":"Shape 1","np":3,"cix":2,"bm":0,"ix":1,"mn":"ADBE Vector Group","hd":false},{"ty":"rd","nm":"Round Corners 1","r":{"a":0,"k":10,"ix":1},"ix":2,"mn":"ADBE Vector Filter - RC","hd":false},{"ty":"tm","s":{"a":1,"k":[{"i":{"x":[0.833],"y":[0.833]},"o":{"x":[0.167],"y":[0.167]},"t":39.96,"s":[100]},{"t":59.9400024414062,"s":[0]}],"ix":1},"e":{"a":0,"k":100,"ix":2},"o":{"a":0,"k":0,"ix":3},"m":1,"ix":3,"nm":"Trim Paths 1","mn":"ADBE Vector Filter - Trim","hd":false}],"ip":39.9600016276042,"op":130.869005330404,"st":39.9600016276042,"bm":0},{"ddd":0,"ind":3,"ty":4,"nm":"Shape Layer 3","sr":1,"ks":{"o":{"a":0,"k":100,"ix":11},"r":{"a":0,"k":0,"ix":10},"p":{"a":0,"k":[18.375,14.938,0],"ix":2},"a":{"a":0,"k":[-8.75,-12.438,0],"ix":1},"s":{"a":0,"k":[100,100,100],"ix":6}},"ao":0,"shapes":[{"ty":"gr","it":[{"ind":0,"ty":"sh","ix":1,"ks":{"a":0,"k":{"i":[[0,0],[0,0]],"o":[[0,0],[0,0]],"v":[[-2.812,-12.5],[-14.438,-12.5]],"c":false},"ix":2},"nm":"Path 1","mn":"ADBE Vector Shape - Group","hd":false},{"ty":"st","c":{"a":0,"k":[1,1,1,1],"ix":3},"o":{"a":0,"k":100,"ix":4},"w":{"a":0,"k":2,"ix":5},"lc":2,"lj":1,"ml":4,"bm":0,"nm":"Stroke 1","mn":"ADBE Vector Graphic - Stroke","hd":false},{"ty":"tr","p":{"a":0,"k":[0,0],"ix":2},"a":{"a":0,"k":[0,0],"ix":1},"s":{"a":0,"k":[100,100],"ix":3},"r":{"a":0,"k":0,"ix":6},"o":{"a":0,"k":100,"ix":7},"sk":{"a":0,"k":0,"ix":4},"sa":{"a":0,"k":0,"ix":5},"nm":"Transform"}],"nm":"Shape 1","np":3,"cix":2,"bm":0,"ix":1,"mn":"ADBE Vector Group","hd":false},{"ty":"tm","s":{"a":1,"k":[{"i":{"x":[0.833],"y":[0.833]},"o":{"x":[0.167],"y":[0.167]},"t":29.97,"s":[100]},{"t":49.9500020345052,"s":[0]}],"ix":1},"e":{"a":0,"k":100,"ix":2},"o":{"a":0,"k":0,"ix":3},"m":1,"ix":2,"nm":"Trim Paths 1","mn":"ADBE Vector Filter - Trim","hd":false},{"ty":"st","c":{"a":0,"k":[1,1,1,1],"ix":3},"o":{"a":0,"k":100,"ix":4},"w":{"a":0,"k":2,"ix":5},"lc":2,"lj":1,"ml":4,"bm":0,"nm":"Stroke 1","mn":"ADBE Vector Graphic - Stroke","hd":false}],"ip":29.9700012207031,"op":120.879004923503,"st":29.9700012207031,"bm":0},{"ddd":0,"ind":4,"ty":4,"nm":"Shape Layer 1","sr":1,"ks":{"o":{"a":0,"k":100,"ix":11},"r":{"a":0,"k":0,"ix":10},"p":{"a":0,"k":[18.375,10.875,0],"ix":2},"a":{"a":0,"k":[-8.75,-12.438,0],"ix":1},"s":{"a":0,"k":[100,100,100],"ix":6}},"ao":0,"shapes":[{"ty":"gr","it":[{"ind":0,"ty":"sh","ix":1,"ks":{"a":0,"k":{"i":[[0,0],[0,0]],"o":[[0,0],[0,0]],"v":[[-2.812,-12.5],[-14.438,-12.5]],"c":false},"ix":2},"nm":"Path 1","mn":"ADBE Vector Shape - Group","hd":false},{"ty":"st","c":{"a":0,"k":[1,1,1,1],"ix":3},"o":{"a":0,"k":100,"ix":4},"w":{"a":0,"k":2,"ix":5},"lc":2,"lj":1,"ml":4,"bm":0,"nm":"Stroke 1","mn":"ADBE Vector Graphic - Stroke","hd":false},{"ty":"tr","p":{"a":0,"k":[0,0],"ix":2},"a":{"a":0,"k":[0,0],"ix":1},"s":{"a":0,"k":[100,100],"ix":3},"r":{"a":0,"k":0,"ix":6},"o":{"a":0,"k":100,"ix":7},"sk":{"a":0,"k":0,"ix":4},"sa":{"a":0,"k":0,"ix":5},"nm":"Transform"}],"nm":"Shape 1","np":3,"cix":2,"bm":0,"ix":1,"mn":"ADBE Vector Group","hd":false},{"ty":"rd","nm":"Round Corners 1","r":{"a":0,"k":10,"ix":1},"ix":2,"mn":"ADBE Vector Filter - RC","hd":false},{"ty":"tm","s":{"a":1,"k":[{"i":{"x":[0.833],"y":[0.833]},"o":{"x":[0.167],"y":[0.167]},"t":19.98,"s":[100]},{"t":39.9600016276042,"s":[0]}],"ix":1},"e":{"a":0,"k":100,"ix":2},"o":{"a":0,"k":0,"ix":3},"m":1,"ix":3,"nm":"Trim Paths 1","mn":"ADBE Vector Filter - Trim","hd":false}],"ip":19.9800008138021,"op":110.889004516602,"st":19.9800008138021,"bm":0},{"ddd":0,"ind":5,"ty":4,"nm":"Layer 2 Outlines","sr":1,"ks":{"o":{"a":0,"k":100,"ix":11},"r":{"a":0,"k":0,"ix":10},"p":{"a":0,"k":[18.716,20.575,0],"ix":2},"a":{"a":0,"k":[3.923,3.923,0],"ix":1},"s":{"a":1,"k":[{"i":{"x":[0.833,0.833,0.833],"y":[0.833,0.833,0.833]},"o":{"x":[0.167,0.167,0.167],"y":[0.167,0.167,0.167]},"t":9.99,"s":[0,0,100]},{"i":{"x":[0.833,0.833,0.833],"y":[0.833,0.833,0.833]},"o":{"x":[0.167,0.167,0.167],"y":[0.167,0.167,0.167]},"t":19.98,"s":[110,110,100]},{"t":29.9700012207031,"s":[100,100,100]}],"ix":6}},"ao":0,"shapes":[{"ty":"gr","it":[{"ind":0,"ty":"sh","ix":1,"ks":{"a":0,"k":{"i":[[0.445,0.001],[0.314,-0.315],[0,-0.446],[-0.315,-0.315],[-0.445,0],[-0.311,0.31],[0,0.445],[0.315,0.316]],"o":[[-0.446,0],[-0.315,0.314],[0,0.445],[0.314,0.314],[0.438,0],[0.314,-0.315],[-0.001,-0.444],[-0.315,-0.314]],"v":[[-0.001,-1.667],[-1.178,-1.178],[-1.667,-0.001],[-1.178,1.178],[-0.001,1.667],[1.178,1.178],[1.667,-0.001],[1.178,-1.178]],"c":true},"ix":2},"nm":"Path 1","mn":"ADBE Vector Shape - Group","hd":false},{"ind":1,"ty":"sh","ix":2,"ks":{"a":0,"k":{"i":[[0.981,0],[0.694,0.694],[0,0.981],[-0.693,0.694],[-0.98,0.001],[-0.693,-0.694],[0,-0.981],[0.694,-0.693]],"o":[[-0.981,0],[-0.694,-0.693],[0.001,-0.98],[0.694,-0.693],[0.981,0],[0.694,0.694],[0,0.981],[-0.693,0.694]],"v":[[-0.001,3.673],[-2.598,2.596],[-3.673,-0.001],[-2.596,-2.596],[-0.001,-3.673],[2.596,-2.598],[3.673,-0.001],[2.596,2.596]],"c":true},"ix":2},"nm":"Path 2","mn":"ADBE Vector Shape - Group","hd":false},{"ty":"mm","mm":1,"nm":"Merge Paths 1","mn":"ADBE Vector Filter - Merge","hd":false},{"ty":"fl","c":{"a":0,"k":[1,0.736496450387,0.170620428347,1],"ix":4},"o":{"a":0,"k":100,"ix":5},"r":1,"bm":0,"nm":"Fill 1","mn":"ADBE Vector Graphic - Fill","hd":false},{"ty":"tr","p":{"a":0,"k":[3.922,3.922],"ix":2},"a":{"a":0,"k":[0,0],"ix":1},"s":{"a":0,"k":[100,100],"ix":3},"r":{"a":0,"k":0,"ix":6},"o":{"a":0,"k":100,"ix":7},"sk":{"a":0,"k":0,"ix":4},"sa":{"a":0,"k":0,"ix":5},"nm":"Transform"}],"nm":"Group 1","np":4,"cix":2,"bm":0,"ix":1,"mn":"ADBE Vector Group","hd":false}],"ip":9.99000040690104,"op":100.899004109701,"st":9.99000040690104,"bm":0},{"ddd":0,"ind":6,"ty":4,"nm":"Layer 1 Outlines","sr":1,"ks":{"o":{"a":0,"k":100,"ix":11},"r":{"a":0,"k":0,"ix":10},"p":{"a":0,"k":[19.459,24.312,0],"ix":2},"a":{"a":0,"k":[19.709,24.562,0],"ix":1},"s":{"a":0,"k":[100,100,100],"ix":6}},"ao":0,"shapes":[{"ty":"gr","it":[{"ind":0,"ty":"sh","ix":1,"ks":{"a":0,"k":{"i":[[0,0],[0,-1.187],[0,0],[0,0],[-0.871,0.001],[0,0],[0,0]],"o":[[-0.707,0],[0,0],[0,0],[0.753,-0.427],[0,0],[0,0],[0,0]],"v":[[-16.043,-22.018],[-17.156,-20.148],[-17.156,14.949],[-16.857,14.779],[-14.374,14.124],[-13.846,14.124],[-13.846,-22.018]],"c":true},"ix":2},"nm":"Path 2","mn":"ADBE Vector Shape - Group","hd":false},{"ind":1,"ty":"sh","ix":2,"ks":{"a":0,"k":{"i":[[0,0],[0.941,0.871],[0.1,1.277],[0,0],[0,0],[0,0.05],[0,0],[-1.641,0],[0,0],[-0.643,-0.644],[-0.001,-0.911],[0,-0.06],[0.633,0],[0,0],[0.495,-0.861],[-0.496,-0.86],[-0.993,-0.005],[0,0],[-0.204,0.206],[0,0.296],[0,0],[0.207,0.208],[0.29,0.002],[0,0],[0,0.633],[-0.632,0],[0,0],[-0.641,-0.642],[0,-0.907],[0,0],[0.64,-0.644],[0.907,-0.003],[0,0]],"o":[[-1.282,-0.005],[-0.939,-0.871],[0,0],[0,0],[0.012,-0.002],[0,0],[0,-2.86],[0,0],[0.91,0.001],[0.643,0.643],[0,0],[0,0.633],[0,0],[-0.992,0.005],[-0.496,0.861],[0.495,0.861],[0,0],[0.289,-0.001],[0.208,-0.208],[0,0],[0,-0.296],[-0.205,-0.206],[0,0],[-0.632,0],[0,-0.633],[0,0],[0.908,0.002],[0.64,0.642],[0,0],[0,0.906],[-0.64,0.641],[0,0],[0,0]],"v":[[-14.373,24.312],[-17.819,22.954],[-19.43,19.622],[-19.435,19.548],[-19.459,19.525],[-19.449,19.428],[-19.449,-20.148],[-16.042,-24.311],[9.326,-24.311],[11.735,-23.311],[12.734,-20.902],[12.721,15.271],[11.573,16.419],[-14.373,16.419],[-16.783,17.823],[-16.783,20.613],[-14.371,22.017],[16.066,22.017],[16.842,21.691],[17.164,20.91],[17.164,-17.173],[16.843,-17.956],[16.064,-18.281],[14.505,-18.281],[13.358,-19.428],[14.505,-20.576],[16.066,-20.576],[18.467,-19.576],[19.459,-17.173],[19.459,20.91],[18.466,23.312],[16.067,24.312],[16.068,24.312]],"c":true},"ix":2},"nm":"Path 3","mn":"ADBE Vector Shape - Group","hd":false},{"ty":"mm","mm":1,"nm":"Merge Paths 1","mn":"ADBE Vector Filter - Merge","hd":false},{"ty":"fl","c":{"a":0,"k":[0.360784313725,0.690196078431,0.6,1],"ix":4},"o":{"a":0,"k":100,"ix":5},"r":1,"bm":0,"nm":"Fill 1","mn":"ADBE Vector Graphic - Fill","hd":false},{"ty":"tr","p":{"a":0,"k":[19.709,24.561],"ix":2},"a":{"a":0,"k":[0,0],"ix":1},"s":{"a":0,"k":[100,100],"ix":3},"r":{"a":0,"k":0,"ix":6},"o":{"a":0,"k":100,"ix":7},"sk":{"a":0,"k":0,"ix":4},"sa":{"a":0,"k":0,"ix":5},"nm":"Transform"}],"nm":"Group 1","np":6,"cix":2,"bm":0,"ix":1,"mn":"ADBE Vector Group","hd":false}],"ip":0,"op":90.9090037027995,"st":0,"bm":0}]}],"layers":[{"ddd":0,"ind":1,"ty":0,"nm":"E-Book SEO Marketing","refId":"comp_0","sr":1,"ks":{"o":{"a":0,"k":100,"ix":11},"r":{"a":0,"k":0,"ix":10},"p":{"a":0,"k":[49,28.5,0],"ix":2},"a":{"a":0,"k":[19.5,24.5,0],"ix":1},"s":{"a":0,"k":[107,107,100],"ix":6}},"ao":0,"w":39,"h":49,"ip":0,"op":90.9090037027995,"st":0,"bm":0},{"ddd":0,"ind":2,"ty":4,"nm":"Layer 7 Outlines","sr":1,"ks":{"o":{"a":0,"k":100,"ix":11},"r":{"a":0,"k":0,"ix":10},"p":{"a":1,"k":[{"i":{"x":0.667,"y":1},"o":{"x":0.333,"y":0},"t":0,"s":[49.129,70.774,0],"to":[0,-0.667,0],"ti":[0,0,0]},{"i":{"x":0.667,"y":1},"o":{"x":0.333,"y":0},"t":47,"s":[49.129,66.774,0],"to":[0,0,0],"ti":[0,-0.667,0]},{"t":94.0000038286985,"s":[49.129,70.774,0]}],"ix":2},"a":{"a":0,"k":[179.666,99.741,0],"ix":1},"s":{"a":0,"k":[27,27,100],"ix":6}},"ao":0,"shapes":[{"ty":"gr","it":[{"ind":0,"ty":"sh","ix":1,"ks":{"a":0,"k":{"i":[[26.953,26.987],[-1.523,1.514],[-9.6,9.642],[-25.682,-25.659],[11.293,-11.353]],"o":[[1.487,-1.17],[10.015,-9.962],[26.362,26.337],[-11.122,11.18],[-25.666,-25.699]],"v":[[-56.266,-22.583],[-51.406,-26.451],[-21.845,-56.089],[56.266,21.95],[22.306,56.089]],"c":true},"ix":2},"nm":"Path 1","mn":"ADBE Vector Shape - Group","hd":false},{"ty":"fl","c":{"a":0,"k":[0.409363660625,0.712989358341,0.630793133904,1],"ix":4},"o":{"a":0,"k":100,"ix":5},"r":1,"bm":0,"nm":"Fill 1","mn":"ADBE Vector Graphic - Fill","hd":false},{"ty":"tr","p":{"a":0,"k":[56.516,143.143],"ix":2},"a":{"a":0,"k":[0,0],"ix":1},"s":{"a":0,"k":[100,100],"ix":3},"r":{"a":0,"k":0,"ix":6},"o":{"a":0,"k":100,"ix":7},"sk":{"a":0,"k":0,"ix":4},"sa":{"a":0,"k":0,"ix":5},"nm":"Transform"}],"nm":"Group 1","np":2,"cix":2,"bm":0,"ix":1,"mn":"ADBE Vector Group","hd":false},{"ty":"gr","it":[{"ind":0,"ty":"sh","ix":1,"ks":{"a":0,"k":{"i":[[2.529,-2.749],[26.615,26.643],[-8.875,7.167],[-9.033,0.005],[-51.144,-0.074],[-0.028,-10.844],[11.999,-0.013],[25.155,0],[1.085,-0.521],[0.286,-1.554],[-2.706,0.001],[-8.662,-0.001],[-17.827,0.023],[-2.149,15.101],[-1.193,1.391],[-16.021,18.294],[-8.296,-7.248],[7.593,-8.783],[23.324,-26.509],[14.612,0.069],[24.152,0.276],[11.949,-13.179]],"o":[[-26.791,-26.819],[8.019,-7.422],[7.041,-5.685],[51.144,-0.031],[11.732,0.017],[0.029,10.976],[-25.156,0.024],[-1.333,0],[-1.973,0.946],[-0.59,3.201],[8.663,-0.005],[17.826,0],[15.408,-0.02],[0.26,-1.836],[15.835,-18.455],[7.71,-8.803],[8.207,7.17],[-23.093,26.712],[-9.441,10.732],[-24.155,-0.115],[-17.672,-0.202],[-2.789,3.076]],"v":[[-79.482,79.59],[-158.859,0.131],[-133.94,-22.681],[-108.984,-30.111],[44.449,-30.093],[64.273,-11.45],[44.037,7.191],[-31.43,7.199],[-35.384,7.301],[-40.615,11.074],[-35.531,14.853],[-9.543,14.855],[43.935,14.849],[71.968,-9.457],[74.227,-14.715],[121.963,-69.88],[150.042,-72.342],[151.266,-44.176],[81.819,35.813],[45.708,52.189],[-26.759,52.089],[-71.332,70.728]],"c":true},"ix":2},"nm":"Path 1","mn":"ADBE Vector Shape - Group","hd":false},{"ty":"fl","c":{"a":0,"k":[0.409363660625,0.712989358341,0.630793133904,1],"ix":4},"o":{"a":0,"k":100,"ix":5},"r":1,"bm":0,"nm":"Fill 1","mn":"ADBE Vector Graphic - Fill","hd":false},{"ty":"tr","p":{"a":0,"k":[200.223,79.841],"ix":2},"a":{"a":0,"k":[0,0],"ix":1},"s":{"a":0,"k":[100,100],"ix":3},"r":{"a":0,"k":0,"ix":6},"o":{"a":0,"k":100,"ix":7},"sk":{"a":0,"k":0,"ix":4},"sa":{"a":0,"k":0,"ix":5},"nm":"Transform"}],"nm":"Group 2","np":2,"cix":2,"bm":0,"ix":2,"mn":"ADBE Vector Group","hd":false}],"ip":0,"op":91.000003706506,"st":0,"bm":0},{"ddd":0,"ind":3,"ty":3,"nm":"Null 18","sr":1,"ks":{"o":{"a":0,"k":0,"ix":11},"r":{"a":0,"k":0,"ix":10},"p":{"a":0,"k":[49,34,0],"ix":2},"a":{"a":0,"k":[0,0,0],"ix":1},"s":{"a":0,"k":[100,100,100],"ix":6}},"ao":0,"ip":0,"op":91.000003706506,"st":0,"bm":0}],"markers":[]}