{"v":"5.5.8","fr":30,"ip":0,"op":91,"w":98,"h":98,"nm":"Self-Publishing","ddd":0,"assets":[],"layers":[{"ddd":0,"ind":1,"ty":4,"nm":"Shape Layer 6","parent":7,"sr":1,"ks":{"o":{"a":0,"k":100,"ix":11},"r":{"a":0,"k":0,"ix":10},"p":{"a":0,"k":[17.742,34.635,0],"ix":2},"a":{"a":0,"k":[0,0,0],"ix":1},"s":{"a":0,"k":[21.92,21.92,100],"ix":6}},"ao":0,"shapes":[{"ty":"gr","it":[{"ind":0,"ty":"sh","ix":1,"ks":{"a":0,"k":{"i":[[0,0],[0,0]],"o":[[0,0],[0,0]],"v":[[-38.25,0.5],[104.797,0.609]],"c":false},"ix":2},"nm":"Path 1","mn":"ADBE Vector Shape - Group","hd":false},{"ty":"st","c":{"a":0,"k":[1,1,1,1],"ix":3},"o":{"a":0,"k":100,"ix":4},"w":{"a":0,"k":11,"ix":5},"lc":2,"lj":1,"ml":4,"bm":0,"nm":"Stroke 1","mn":"ADBE Vector Graphic - Stroke","hd":false},{"ty":"fl","c":{"a":0,"k":[0.843137254902,0.81568627451,0.772549019608,1],"ix":4},"o":{"a":0,"k":100,"ix":5},"r":1,"bm":0,"nm":"Fill 1","mn":"ADBE Vector Graphic - Fill","hd":false},{"ty":"tr","p":{"a":0,"k":[0,0],"ix":2},"a":{"a":0,"k":[0,0],"ix":1},"s":{"a":0,"k":[100,100],"ix":3},"r":{"a":0,"k":0,"ix":6},"o":{"a":0,"k":100,"ix":7},"sk":{"a":0,"k":0,"ix":4},"sa":{"a":0,"k":0,"ix":5},"nm":"Transform"}],"nm":"Shape 1","np":3,"cix":2,"bm":0,"ix":1,"mn":"ADBE Vector Group","hd":false},{"ty":"tm","s":{"a":0,"k":0,"ix":1},"e":{"a":1,"k":[{"i":{"x":[0.833],"y":[0.833]},"o":{"x":[0.167],"y":[0.167]},"t":9,"s":[0]},{"t":39,"s":[77]}],"ix":2},"o":{"a":0,"k":0,"ix":3},"m":1,"ix":2,"nm":"Trim Paths 1","mn":"ADBE Vector Filter - Trim","hd":false}],"ip":9,"op":100,"st":9,"bm":0},{"ddd":0,"ind":2,"ty":4,"nm":"Shape Layer 5","parent":7,"sr":1,"ks":{"o":{"a":0,"k":100,"ix":11},"r":{"a":0,"k":0,"ix":10},"p":{"a":0,"k":[17.742,28.51,0],"ix":2},"a":{"a":0,"k":[0,0,0],"ix":1},"s":{"a":0,"k":[21.92,21.92,100],"ix":6}},"ao":0,"shapes":[{"ty":"gr","it":[{"ind":0,"ty":"sh","ix":1,"ks":{"a":0,"k":{"i":[[0,0],[0,0]],"o":[[0,0],[0,0]],"v":[[-38.25,0.5],[104.797,0.609]],"c":false},"ix":2},"nm":"Path 1","mn":"ADBE Vector Shape - Group","hd":false},{"ty":"st","c":{"a":0,"k":[1,1,1,1],"ix":3},"o":{"a":0,"k":100,"ix":4},"w":{"a":0,"k":11,"ix":5},"lc":2,"lj":1,"ml":4,"bm":0,"nm":"Stroke 1","mn":"ADBE Vector Graphic - Stroke","hd":false},{"ty":"fl","c":{"a":0,"k":[0.843137254902,0.81568627451,0.772549019608,1],"ix":4},"o":{"a":0,"k":100,"ix":5},"r":1,"bm":0,"nm":"Fill 1","mn":"ADBE Vector Graphic - Fill","hd":false},{"ty":"tr","p":{"a":0,"k":[0,0],"ix":2},"a":{"a":0,"k":[0,0],"ix":1},"s":{"a":0,"k":[100,100],"ix":3},"r":{"a":0,"k":0,"ix":6},"o":{"a":0,"k":100,"ix":7},"sk":{"a":0,"k":0,"ix":4},"sa":{"a":0,"k":0,"ix":5},"nm":"Transform"}],"nm":"Shape 1","np":3,"cix":2,"bm":0,"ix":1,"mn":"ADBE Vector Group","hd":false},{"ty":"tm","s":{"a":0,"k":0,"ix":1},"e":{"a":1,"k":[{"i":{"x":[0.833],"y":[0.833]},"o":{"x":[0.167],"y":[0.167]},"t":6,"s":[0]},{"t":36,"s":[77]}],"ix":2},"o":{"a":0,"k":0,"ix":3},"m":1,"ix":2,"nm":"Trim Paths 1","mn":"ADBE Vector Filter - Trim","hd":false}],"ip":6,"op":97,"st":6,"bm":0},{"ddd":0,"ind":3,"ty":4,"nm":"Shape Layer 4","parent":7,"sr":1,"ks":{"o":{"a":0,"k":100,"ix":11},"r":{"a":0,"k":0,"ix":10},"p":{"a":0,"k":[17.742,21.635,0],"ix":2},"a":{"a":0,"k":[0,0,0],"ix":1},"s":{"a":0,"k":[21.92,21.92,100],"ix":6}},"ao":0,"shapes":[{"ty":"gr","it":[{"ind":0,"ty":"sh","ix":1,"ks":{"a":0,"k":{"i":[[0,0],[0,0]],"o":[[0,0],[0,0]],"v":[[-38.25,0.5],[104.797,0.609]],"c":false},"ix":2},"nm":"Path 1","mn":"ADBE Vector Shape - Group","hd":false},{"ty":"st","c":{"a":0,"k":[1,1,1,1],"ix":3},"o":{"a":0,"k":100,"ix":4},"w":{"a":0,"k":11,"ix":5},"lc":2,"lj":1,"ml":4,"bm":0,"nm":"Stroke 1","mn":"ADBE Vector Graphic - Stroke","hd":false},{"ty":"fl","c":{"a":0,"k":[0.843137254902,0.81568627451,0.772549019608,1],"ix":4},"o":{"a":0,"k":100,"ix":5},"r":1,"bm":0,"nm":"Fill 1","mn":"ADBE Vector Graphic - Fill","hd":false},{"ty":"tr","p":{"a":0,"k":[0,0],"ix":2},"a":{"a":0,"k":[0,0],"ix":1},"s":{"a":0,"k":[100,100],"ix":3},"r":{"a":0,"k":0,"ix":6},"o":{"a":0,"k":100,"ix":7},"sk":{"a":0,"k":0,"ix":4},"sa":{"a":0,"k":0,"ix":5},"nm":"Transform"}],"nm":"Shape 1","np":3,"cix":2,"bm":0,"ix":1,"mn":"ADBE Vector Group","hd":false},{"ty":"tm","s":{"a":0,"k":0,"ix":1},"e":{"a":1,"k":[{"i":{"x":[0.833],"y":[0.833]},"o":{"x":[0.167],"y":[0.167]},"t":3,"s":[0]},{"t":33,"s":[77]}],"ix":2},"o":{"a":0,"k":0,"ix":3},"m":1,"ix":2,"nm":"Trim Paths 1","mn":"ADBE Vector Filter - Trim","hd":false}],"ip":3,"op":94,"st":3,"bm":0},{"ddd":0,"ind":4,"ty":4,"nm":"Shape Layer 3","parent":7,"sr":1,"ks":{"o":{"a":0,"k":100,"ix":11},"r":{"a":0,"k":0,"ix":10},"p":{"a":0,"k":[17.742,14.76,0],"ix":2},"a":{"a":0,"k":[0,0,0],"ix":1},"s":{"a":0,"k":[21.92,21.92,100],"ix":6}},"ao":0,"shapes":[{"ty":"gr","it":[{"ind":0,"ty":"sh","ix":1,"ks":{"a":0,"k":{"i":[[0,0],[0,0]],"o":[[0,0],[0,0]],"v":[[-38.25,0.5],[104.797,0.609]],"c":false},"ix":2},"nm":"Path 1","mn":"ADBE Vector Shape - Group","hd":false},{"ty":"st","c":{"a":0,"k":[1,1,1,1],"ix":3},"o":{"a":0,"k":100,"ix":4},"w":{"a":0,"k":11,"ix":5},"lc":2,"lj":1,"ml":4,"bm":0,"nm":"Stroke 1","mn":"ADBE Vector Graphic - Stroke","hd":false},{"ty":"fl","c":{"a":0,"k":[0.843137254902,0.81568627451,0.772549019608,1],"ix":4},"o":{"a":0,"k":100,"ix":5},"r":1,"bm":0,"nm":"Fill 1","mn":"ADBE Vector Graphic - Fill","hd":false},{"ty":"tr","p":{"a":0,"k":[0,0],"ix":2},"a":{"a":0,"k":[0,0],"ix":1},"s":{"a":0,"k":[100,100],"ix":3},"r":{"a":0,"k":0,"ix":6},"o":{"a":0,"k":100,"ix":7},"sk":{"a":0,"k":0,"ix":4},"sa":{"a":0,"k":0,"ix":5},"nm":"Transform"}],"nm":"Shape 1","np":3,"cix":2,"bm":0,"ix":1,"mn":"ADBE Vector Group","hd":false},{"ty":"tm","s":{"a":0,"k":0,"ix":1},"e":{"a":1,"k":[{"i":{"x":[0.833],"y":[0.833]},"o":{"x":[0.167],"y":[0.167]},"t":0,"s":[0]},{"t":30,"s":[77]}],"ix":2},"o":{"a":0,"k":0,"ix":3},"m":1,"ix":2,"nm":"Trim Paths 1","mn":"ADBE Vector Filter - Trim","hd":false}],"ip":0,"op":91,"st":0,"bm":0},{"ddd":0,"ind":5,"ty":4,"nm":"Layer 2 Outlines","sr":1,"ks":{"o":{"a":0,"k":100,"ix":11},"r":{"a":0,"k":0,"ix":10},"p":{"a":1,"k":[{"i":{"x":0.667,"y":1},"o":{"x":0.333,"y":0},"t":0,"s":[82.853,76.642,0],"to":[0,-0.5,0],"ti":[0,0,0]},{"i":{"x":0.667,"y":1},"o":{"x":0.333,"y":0},"t":45,"s":[82.853,73.642,0],"to":[0,0,0],"ti":[0,-0.5,0]},{"t":90,"s":[82.853,76.642,0]}],"ix":2},"a":{"a":0,"k":[14.439,20.731,0],"ix":1},"s":{"a":0,"k":[100,100,100],"ix":6}},"ao":0,"shapes":[{"ty":"gr","it":[{"ind":0,"ty":"sh","ix":1,"ks":{"a":0,"k":{"i":[[0,0],[-0.024,-2.705],[-1.136,0.02],[-0.017,0.674],[-0.031,2.094],[-1.184,-0.039],[-0.004,-1.383],[-0.017,-2.356],[-0.993,0.016],[-0.004,0.712],[-0.015,1.964],[-1.066,-0.006],[-0.005,-1.417],[-0.011,-2.269],[-0.932,0.157],[-0.021,0.477],[-0.008,1.92],[-0.985,0.011],[-0.003,-1.216],[0.102,-3.619],[2.708,-2.197],[-0.062,-1.049],[-0.02,-1.177],[0.813,0.019],[3.317,0.061],[-0.038,1.078],[0.117,1.211],[0.388,0.141],[0.547,1.375],[1.974,4.973],[0.069,0.159],[-1.056,0.489],[-0.558,-1.014],[-1.26,-2.24],[-0.211,-0.198],[-0.367,-0.249],[-0.007,0.425],[-0.072,6.196],[-0.013,0.217],[-1.014,-0.005],[-0.011,-1.185],[0,-2.837]],"o":[[0,2.705],[0.006,0.691],[1.136,-0.022],[0.049,-2.093],[0.021,-1.405],[1.121,0.038],[0.009,2.356],[0.005,0.676],[1.078,-0.016],[0.012,-1.963],[0.009,-1.379],[1.073,0.006],[0.007,2.269],[0.003,0.662],[0.338,-0.057],[0.087,-1.916],[0.006,-1.265],[0.972,-0.013],[0.009,3.622],[-0.097,3.504],[-0.846,0.685],[0.071,1.175],[0.013,0.833],[-3.315,-0.076],[-1.115,-0.02],[0.042,-1.221],[-0.044,-0.454],[-1.518,-0.553],[-1.976,-4.971],[-0.064,-0.162],[-0.437,-1.012],[0.996,-0.461],[1.239,2.251],[0.149,0.265],[0.319,0.299],[0.212,-0.422],[0.112,-6.196],[0.003,-0.218],[0.066,-1.163],[1.025,0.006],[0.024,2.836],[0,0]],"v":[[-1.021,-10.074],[-1.013,-1.959],[-0.132,-0.278],[0.701,-2.003],[0.755,-8.286],[2.572,-10.308],[4.208,-8.257],[4.223,-1.189],[5.081,0.412],[5.947,-1.303],[5.951,-7.194],[7.589,-9.248],[9.18,-7.162],[9.188,-0.355],[10.113,0.985],[10.893,-0.349],[10.924,-6.108],[12.488,-8.098],[14.124,-6.15],[14.087,4.716],[9.749,13.305],[8.63,15.754],[8.656,19.288],[7.458,20.462],[-2.49,20.251],[-3.988,18.587],[-4.025,14.925],[-4.85,13.671],[-7.646,10.578],[-13.569,-4.338],[-13.752,-4.827],[-13.058,-7.285],[-10.656,-6.362],[-6.881,0.36],[-6.431,1.148],[-5.342,1.905],[-4.734,0.639],[-4.489,-17.95],[-4.484,-18.604],[-2.736,-20.476],[-1.023,-18.584],[-1.015,-10.074]],"c":true},"ix":2},"nm":"Path 1","mn":"ADBE Vector Shape - Group","hd":false},{"ty":"fl","c":{"a":0,"k":[0.407843137255,0.717647058824,0.63137254902,1],"ix":4},"o":{"a":0,"k":100,"ix":5},"r":1,"bm":0,"nm":"Fill 1","mn":"ADBE Vector Graphic - Fill","hd":false},{"ty":"tr","p":{"a":0,"k":[14.439,20.731],"ix":2},"a":{"a":0,"k":[0,0],"ix":1},"s":{"a":0,"k":[100,100],"ix":3},"r":{"a":0,"k":0,"ix":6},"o":{"a":0,"k":100,"ix":7},"sk":{"a":0,"k":0,"ix":4},"sa":{"a":0,"k":0,"ix":5},"nm":"Transform"}],"nm":"Group 1","np":2,"cix":2,"bm":0,"ix":1,"mn":"ADBE Vector Group","hd":false}],"ip":0,"op":91,"st":0,"bm":0},{"ddd":0,"ind":6,"ty":4,"nm":"Layer 3 Outlines","sr":1,"ks":{"o":{"a":0,"k":100,"ix":11},"r":{"a":0,"k":0,"ix":10},"p":{"a":1,"k":[{"i":{"x":0.667,"y":1},"o":{"x":0.333,"y":0},"t":0,"s":[9.57,75.396,0],"to":[0,-0.5,0],"ti":[0,0,0]},{"i":{"x":0.667,"y":1},"o":{"x":0.333,"y":0},"t":45,"s":[9.57,72.396,0],"to":[0,0,0],"ti":[0,-0.5,0]},{"t":90,"s":[9.57,75.396,0]}],"ix":2},"a":{"a":0,"k":[8.849,21.888,0],"ix":1},"s":{"a":0,"k":[100,100,100],"ix":6}},"ao":0,"shapes":[{"ty":"gr","it":[{"ind":0,"ty":"sh","ix":1,"ks":{"a":0,"k":{"i":[[-0.494,0.064],[-0.378,-1.971],[2.782,0.061],[0.073,0.332],[1.809,8.458],[-0.246,0.641],[-1.718,4.23],[-1.613,-0.761],[0.573,-1.461],[1.062,-2.573],[0.339,-0.299],[-0.642,-1.885],[-1.063,-3.036],[-0.803,0.401],[0.15,0.456],[1.015,2.913],[-1.375,0.542],[-0.542,-1.538],[-1.539,-4.799],[3.416,-0.784],[0.331,-0.321],[-0.462,-0.14]],"o":[[0.379,1.975],[-2.961,0],[-0.266,-0.006],[-1.876,-8.444],[-0.146,-0.684],[1.639,-4.261],[0.685,-1.686],[1.414,0.669],[-1.017,2.589],[-0.172,0.418],[-1.495,1.317],[1.037,3.045],[0.228,0.654],[0.278,-0.14],[-0.965,-2.929],[-0.592,-1.697],[1.268,-0.5],[1.676,4.754],[1.07,3.338],[-0.384,0.088],[0.433,0.236],[0.297,0.091]],"v":[[5.26,15.85],[6.365,21.615],[-2.161,21.577],[-2.915,20.738],[-8.452,-4.611],[-8.335,-6.762],[-3.271,-19.487],[0.307,-20.877],[1.501,-17.924],[-1.611,-10.178],[-2.417,-9.051],[-3.79,-4.229],[-0.594,4.876],[0.727,5.855],[0.971,4.331],[-2.081,-4.406],[-0.792,-8.016],[2.626,-6.189],[7.529,8.115],[3.788,14.365],[2.788,15.295],[4.096,15.977]],"c":true},"ix":2},"nm":"Path 1","mn":"ADBE Vector Shape - Group","hd":false},{"ty":"fl","c":{"a":0,"k":[0.407843137255,0.717647058824,0.63137254902,1],"ix":4},"o":{"a":0,"k":100,"ix":5},"r":1,"bm":0,"nm":"Fill 1","mn":"ADBE Vector Graphic - Fill","hd":false},{"ty":"tr","p":{"a":0,"k":[8.848,21.888],"ix":2},"a":{"a":0,"k":[0,0],"ix":1},"s":{"a":0,"k":[100,100],"ix":3},"r":{"a":0,"k":0,"ix":6},"o":{"a":0,"k":100,"ix":7},"sk":{"a":0,"k":0,"ix":4},"sa":{"a":0,"k":0,"ix":5},"nm":"Transform"}],"nm":"Group 1","np":2,"cix":2,"bm":0,"ix":1,"mn":"ADBE Vector Group","hd":false}],"ip":0,"op":91,"st":0,"bm":0},{"ddd":0,"ind":7,"ty":4,"nm":"Layer 4 Outlines","sr":1,"ks":{"o":{"a":0,"k":100,"ix":11},"r":{"a":0,"k":0,"ix":10},"p":{"a":1,"k":[{"i":{"x":0.667,"y":1},"o":{"x":0.333,"y":0},"t":42,"s":[36.142,34.624,0],"to":[0,-0.792,0],"ti":[0,0,0]},{"i":{"x":0.667,"y":1},"o":{"x":0.333,"y":0},"t":66,"s":[36.142,29.874,0],"to":[0,0,0],"ti":[0,-0.792,0]},{"t":90,"s":[36.142,34.624,0]}],"ix":2},"a":{"a":0,"k":[19.757,28.555,0],"ix":1},"s":{"a":0,"k":[100,100,100],"ix":6}},"ao":0,"shapes":[{"ty":"gr","it":[{"ind":0,"ty":"sh","ix":1,"ks":{"a":0,"k":{"i":[[3.093,2.695],[-0.458,0],[-9.468,-0.001],[-0.01,-5.378],[0,-12.087],[0,0],[0,0],[6.283,-0.003],[0.367,-1.775],[3.257,0.264],[0.027,3.507],[0.003,8.945],[-0.072,4.537]],"o":[[0.849,0],[9.468,0],[5.294,0],[0.022,12.087],[0,0],[0,0],[-6.284,0],[-1.858,0.001],[-0.715,3.447],[-3.209,-0.26],[-0.069,-8.944],[-0.002,-4.538],[0.055,-3.433]],"v":[[-19.507,-28.304],[-17.741,-28.304],[10.665,-28.304],[19.484,-19.42],[19.492,16.84],[19.492,20.379],[17.99,20.379],[-0.861,20.38],[-3.633,22.599],[-10.422,28.041],[-16.199,21.558],[-16.232,-5.276],[-16.215,-18.89]],"c":true},"ix":2},"nm":"Path 1","mn":"ADBE Vector Shape - Group","hd":false},{"ty":"fl","c":{"a":0,"k":[0.407843167174,0.717647058824,0.63137254902,1],"ix":4},"o":{"a":0,"k":100,"ix":5},"r":1,"bm":0,"nm":"Fill 1","mn":"ADBE Vector Graphic - Fill","hd":false},{"ty":"tr","p":{"a":0,"k":[19.757,28.555],"ix":2},"a":{"a":0,"k":[0,0],"ix":1},"s":{"a":0,"k":[100,100],"ix":3},"r":{"a":0,"k":0,"ix":6},"o":{"a":0,"k":100,"ix":7},"sk":{"a":0,"k":0,"ix":4},"sa":{"a":0,"k":0,"ix":5},"nm":"Transform"}],"nm":"Group 1","np":2,"cix":2,"bm":0,"ix":1,"mn":"ADBE Vector Group","hd":false}],"ip":0,"op":91,"st":0,"bm":0},{"ddd":0,"ind":8,"ty":4,"nm":"Layer 1 Outlines","sr":1,"ks":{"o":{"a":0,"k":100,"ix":11},"r":{"a":0,"k":0,"ix":10},"p":{"a":0,"k":[43.131,39.893,0],"ix":2},"a":{"a":0,"k":[37.888,34.15,0],"ix":1},"s":{"a":0,"k":[100,100,100],"ix":6}},"ao":0,"shapes":[{"ty":"gr","it":[{"ind":0,"ty":"sh","ix":1,"ks":{"a":0,"k":{"i":[[0.554,-0.617],[0.616,0.554],[-0.554,0.617],[-0.616,-0.554]],"o":[[-0.553,0.616],[-0.616,-0.553],[0.552,-0.616],[0.616,0.553]],"v":[[32.701,-0.84],[30.583,-0.725],[30.469,-2.844],[32.587,-2.958]],"c":true},"ix":2},"nm":"Path 1","mn":"ADBE Vector Shape - Group","hd":false},{"ind":1,"ty":"sh","ix":2,"ks":{"a":0,"k":{"i":[[-0.021,4.102],[1.16,0.134],[1.802,0],[0,0],[0.016,-11.52],[1.206,0.035],[0.001,0.706],[0,11.477],[0,0],[0,0],[0,0],[-0.04,0],[-3.011,-0.024],[0.481,-1.827],[4.061,-0.003],[11.212,-0.18],[-0.037,5.344],[0,9.601],[0,0],[1.252,-0.075],[0.007,-2.084],[-0.026,-7.156],[-0.331,-0.377],[0.59,-1.457],[0.294,-0.528],[0.041,-1.983],[-0.161,-0.234],[-0.478,-1.15],[-0.88,-2.499],[0,0],[0.576,1.489],[-2.109,0.543],[-0.876,-1.503],[-0.883,-1.563],[-0.002,0.465],[-0.036,4.45],[-3.439,0.632],[0,0]],"o":[[0.007,-1.203],[-1.697,-0.195],[0,0],[0,11.52],[-0.002,0.712],[-1.172,-0.034],[-0.021,-11.477],[0,0],[0,0],[0,0],[0.147,0.051],[3.01,0.011],[1.873,0.015],[-1.042,3.955],[-11.215,0.006],[-5.165,0.082],[0.067,-9.601],[0,0],[-1.426,0],[-2.032,0.124],[-0.022,7.156],[0.001,0.495],[1.016,1.161],[-0.23,0.565],[-1.043,1.878],[-0.005,0.243],[0.718,1.053],[1.028,2.474],[0,0],[-0.643,-1.589],[-0.808,-2.09],[1.442,-0.372],[0.904,1.55],[0.282,-0.554],[0.022,-4.452],[0.027,-3.449],[0,0],[-0.001,-4.102]],"v":[[34.846,-21.801],[33.215,-24.141],[27.982,-24.191],[27.982,-22.527],[27.971,12.035],[27.118,13.846],[26.324,11.973],[26.309,-22.458],[26.309,-24.279],[11.564,-24.279],[11.564,5.553],[11.792,5.631],[20.822,5.665],[23.092,8.697],[14.9,15.07],[-18.745,15.129],[-27.799,5.993],[-27.779,-22.809],[-27.779,-24.389],[-31.717,-24.376],[-34.476,-21.365],[-34.488,0.103],[-33.898,1.564],[-33.122,5.419],[-33.811,7.113],[-34.488,13.008],[-34.07,13.743],[-31.943,16.908],[-29.24,24.452],[23.352,24.452],[21.512,19.902],[23.867,15.187],[27.693,17.021],[30.346,21.706],[30.628,20.223],[30.699,6.87],[34.84,1.997],[34.84,-9.495]],"c":true},"ix":2},"nm":"Path 2","mn":"ADBE Vector Shape - Group","hd":false},{"ty":"mm","mm":1,"nm":"Merge Paths 1","mn":"ADBE Vector Filter - Merge","hd":false},{"ty":"fl","c":{"a":0,"k":[0.407843137255,0.717647058824,0.63137254902,1],"ix":4},"o":{"a":0,"k":100,"ix":5},"r":1,"bm":0,"nm":"Fill 1","mn":"ADBE Vector Graphic - Fill","hd":false},{"ty":"tr","p":{"a":0,"k":[40.673,43.598],"ix":2},"a":{"a":0,"k":[0,0],"ix":1},"s":{"a":0,"k":[100,100],"ix":3},"r":{"a":0,"k":0,"ix":6},"o":{"a":0,"k":100,"ix":7},"sk":{"a":0,"k":0,"ix":4},"sa":{"a":0,"k":0,"ix":5},"nm":"Transform"}],"nm":"Group 1","np":4,"cix":2,"bm":0,"ix":1,"mn":"ADBE Vector Group","hd":false},{"ty":"gr","it":[{"ind":0,"ty":"sh","ix":1,"ks":{"a":0,"k":{"i":[[-0.407,-3.657],[0,0],[-2.966,0.298]],"o":[[0,0],[-0.181,-2.717],[3.402,-0.341]],"v":[[6.273,3.133],[-6.092,3.133],[-0.577,-2.792]],"c":true},"ix":2},"nm":"Path 1","mn":"ADBE Vector Shape - Group","hd":false},{"ty":"fl","c":{"a":0,"k":[0.98431372549,0.745098039216,0.266666666667,1],"ix":4},"o":{"a":0,"k":100,"ix":5},"r":1,"bm":0,"nm":"Fill 1","mn":"ADBE Vector Graphic - Fill","hd":false},{"ty":"tr","p":{"a":0,"k":[6.522,3.383],"ix":2},"a":{"a":0,"k":[0,0],"ix":1},"s":{"a":0,"k":[100,100],"ix":3},"r":{"a":0,"k":0,"ix":6},"o":{"a":0,"k":100,"ix":7},"sk":{"a":0,"k":0,"ix":4},"sa":{"a":0,"k":0,"ix":5},"nm":"Transform"}],"nm":"Group 2","np":2,"cix":2,"bm":0,"ix":2,"mn":"ADBE Vector Group","hd":false},{"ty":"gr","it":[{"ind":0,"ty":"sh","ix":1,"ks":{"a":0,"k":{"i":[[0.585,0.03],[-0.383,2.031],[-0.315,0.034],[-0.741,0],[-9.457,0],[0,0],[2.816,-0.434],[0.521,0],[9.457,0.002]],"o":[[1.648,-1.633],[0.043,-0.231],[0.732,-0.079],[9.457,-0.001],[0,0],[0.366,2.515],[-0.514,0.08],[-9.457,0.007],[-0.258,0]],"v":[[-18.183,2.951],[-15.163,-2.399],[-14.298,-2.93],[-12.078,-2.957],[16.293,-2.957],[17.817,-2.957],[12.85,2.89],[11.288,3.002],[-17.083,3.006]],"c":true},"ix":2},"nm":"Path 1","mn":"ADBE Vector Shape - Group","hd":false},{"ty":"fl","c":{"a":0,"k":[0.98431372549,0.745098039216,0.266666666667,1],"ix":4},"o":{"a":0,"k":100,"ix":5},"r":1,"bm":0,"nm":"Fill 1","mn":"ADBE Vector Graphic - Fill","hd":false},{"ty":"tr","p":{"a":0,"k":[44.163,53.965],"ix":2},"a":{"a":0,"k":[0,0],"ix":1},"s":{"a":0,"k":[100,100],"ix":3},"r":{"a":0,"k":0,"ix":6},"o":{"a":0,"k":100,"ix":7},"sk":{"a":0,"k":0,"ix":4},"sa":{"a":0,"k":0,"ix":5},"nm":"Transform"}],"nm":"Group 3","np":2,"cix":2,"bm":0,"ix":3,"mn":"ADBE Vector Group","hd":false}],"ip":0,"op":91,"st":0,"bm":0}],"markers":[]}