{"v":"5.5.8","fr":30,"ip":0,"op":90,"w":98,"h":98,"nm":"Be Your Own Boss","ddd":0,"assets":[],"layers":[{"ddd":0,"ind":1,"ty":4,"nm":"Layer 2 Outlines","parent":3,"sr":1,"ks":{"o":{"a":0,"k":100,"ix":11},"r":{"a":0,"k":0,"ix":10},"p":{"a":0,"k":[46.883,3.425,0],"ix":2},"a":{"a":0,"k":[12.952,12.922,0],"ix":1},"s":{"a":0,"k":[100,100,100],"ix":6}},"ao":0,"shapes":[{"ty":"gr","it":[{"ind":0,"ty":"sh","ix":1,"ks":{"a":0,"k":{"i":[[-6.817,0.022],[-0.081,-6.715],[7.131,0.01],[0.02,7.038]],"o":[[7.203,0.129],[0.088,7.265],[-6.788,-0.008],[-0.018,-6.667]],"v":[[-0.055,-12.672],[12.614,-0.297],[-0.211,12.662],[-12.684,-0.247]],"c":true},"ix":2},"nm":"Path 1","mn":"ADBE Vector Shape - Group","hd":false},{"ty":"fl","c":{"a":0,"k":[0.407843137255,0.717647058824,0.63137254902,1],"ix":4},"o":{"a":0,"k":100,"ix":5},"r":1,"bm":0,"nm":"Fill 1","mn":"ADBE Vector Graphic - Fill","hd":false},{"ty":"tr","p":{"a":0,"k":[12.952,12.922],"ix":2},"a":{"a":0,"k":[0,0],"ix":1},"s":{"a":0,"k":[100,100],"ix":3},"r":{"a":0,"k":0,"ix":6},"o":{"a":0,"k":100,"ix":7},"sk":{"a":0,"k":0,"ix":4},"sa":{"a":0,"k":0,"ix":5},"nm":"Transform"}],"nm":"Group 1","np":2,"cix":2,"bm":0,"ix":1,"mn":"ADBE Vector Group","hd":false}],"ip":0,"op":90,"st":0,"bm":0},{"ddd":0,"ind":2,"ty":4,"nm":"Layer 1 Outlines 2","sr":1,"ks":{"o":{"a":0,"k":100,"ix":11},"r":{"a":0,"k":0,"ix":10},"p":{"a":0,"k":[48.941,53.37,0],"ix":2},"a":{"a":0,"k":[48.167,41.852,0],"ix":1},"s":{"a":0,"k":[100,100,100],"ix":6}},"ao":0,"shapes":[{"ty":"gr","it":[{"ind":0,"ty":"sh","ix":1,"ks":{"a":0,"k":{"i":[[-0.253,-0.578],[1.497,0.139],[0.068,0.481],[0.392,3.176],[0.884,7.136],[0.42,4.196],[-9.902,0.037],[-2.599,0],[-4.798,-4.516],[2.046,-0.665],[2.21,-0.825],[1.032,-3.191],[0.036,-5.343],[-0.209,-4.541],[-0.449,-1.739]],"o":[[-1.704,0],[-0.323,-0.03],[-0.45,-3.167],[-0.88,-7.136],[-0.518,-4.186],[-0.985,-9.844],[2.363,-0.009],[-0.475,6.311],[-2.267,0.717],[-2.245,0.73],[-3.249,1.213],[-1.66,5.129],[-0.031,4.548],[0.082,1.76],[0.1,0.384]],"v":[[-3.713,31.694],[-8.432,31.633],[-9.26,30.34],[-10.463,20.816],[-13.105,-0.59],[-14.653,-13.148],[2.216,-31.762],[9.541,-31.764],[15.638,-15.48],[9.271,-13.462],[2.555,-11.217],[-3.555,-4.275],[-5.681,11.502],[-5.519,25.145],[-4.28,30.377]],"c":true},"ix":2},"nm":"Path 1","mn":"ADBE Vector Shape - Group","hd":false},{"ty":"fl","c":{"a":0,"k":[0.98431372549,0.745098039216,0.266666666667,1],"ix":4},"o":{"a":0,"k":100,"ix":5},"r":1,"bm":0,"nm":"Fill 1","mn":"ADBE Vector Graphic - Fill","hd":false},{"ty":"tr","p":{"a":0,"k":[18.954,32.631],"ix":2},"a":{"a":0,"k":[0,0],"ix":1},"s":{"a":0,"k":[100,100],"ix":3},"r":{"a":0,"k":0,"ix":6},"o":{"a":0,"k":100,"ix":7},"sk":{"a":0,"k":0,"ix":4},"sa":{"a":0,"k":0,"ix":5},"nm":"Transform"}],"nm":"Group 1","np":2,"cix":2,"bm":0,"ix":1,"mn":"ADBE Vector Group","hd":false},{"ty":"gr","it":[{"ind":0,"ty":"sh","ix":1,"ks":{"a":0,"k":{"i":[[3.276,1.062],[-0.614,8.892],[-4.404,-1.878],[-2.017,-3.469],[0.571,-4.204],[1.108,-8.832],[0.685,-5.362],[0,0],[0.047,6.982],[0.398,3.306],[0.665,1.817],[4.06,1.191]],"o":[[5.435,-7.377],[4.539,0.134],[3.718,1.587],[2.188,3.76],[-1.197,8.821],[-0.662,5.282],[0,0],[2.958,-6.856],[-0.023,-3.328],[-0.23,-1.914],[-1.529,-4.178],[-3.271,-0.96]],"v":[[-15.214,-15.072],[-9.165,-31.34],[4.383,-30.1],[12.934,-22.44],[14.644,-10.442],[11.314,16.055],[9.285,31.977],[4.109,31.977],[5.68,11.047],[4.977,1.072],[3.54,-4.574],[-5.445,-11.923]],"c":true},"ix":2},"nm":"Path 1","mn":"ADBE Vector Shape - Group","hd":false},{"ty":"fl","c":{"a":0,"k":[0.98431372549,0.745098039216,0.266666666667,1],"ix":4},"o":{"a":0,"k":100,"ix":5},"r":1,"bm":0,"nm":"Fill 1","mn":"ADBE Vector Graphic - Fill","hd":false},{"ty":"tr","p":{"a":0,"k":[74.576,32.227],"ix":2},"a":{"a":0,"k":[0,0],"ix":1},"s":{"a":0,"k":[100,100],"ix":3},"r":{"a":0,"k":0,"ix":6},"o":{"a":0,"k":100,"ix":7},"sk":{"a":0,"k":0,"ix":4},"sa":{"a":0,"k":0,"ix":5},"nm":"Transform"}],"nm":"Group 2","np":2,"cix":2,"bm":0,"ix":2,"mn":"ADBE Vector Group","hd":false}],"ip":0,"op":90,"st":0,"bm":0},{"ddd":0,"ind":3,"ty":4,"nm":"Layer 1 Outlines 3","sr":1,"ks":{"o":{"a":0,"k":100,"ix":11},"r":{"a":1,"k":[{"i":{"x":[0.833],"y":[0.833]},"o":{"x":[0.167],"y":[0.167]},"t":0,"s":[0]},{"i":{"x":[0.833],"y":[0.833]},"o":{"x":[0.167],"y":[0.167]},"t":12.521,"s":[3]},{"i":{"x":[0.833],"y":[0.833]},"o":{"x":[0.167],"y":[0.167]},"t":27.319,"s":[3]},{"i":{"x":[0.833],"y":[0.833]},"o":{"x":[0.167],"y":[0.167]},"t":42.118,"s":[0]},{"i":{"x":[0.833],"y":[0.833]},"o":{"x":[0.167],"y":[0.167]},"t":59.193,"s":[-4]},{"i":{"x":[0.833],"y":[0.833]},"o":{"x":[0.167],"y":[0.167]},"t":75.13,"s":[-4]},{"t":89,"s":[0]}],"ix":10},"p":{"a":0,"k":[47.941,76.87,0],"ix":2},"a":{"a":0,"k":[47.167,65.352,0],"ix":1},"s":{"a":0,"k":[100,100,100],"ix":6}},"ao":0,"shapes":[{"ty":"gr","it":[{"ind":0,"ty":"sh","ix":1,"ks":{"a":0,"k":{"i":[[-0.488,0.104],[-1.355,-5.562],[-0.142,0.009],[-0.133,1.225],[-0.074,1.896],[0.266,0.915],[-2.161,0.001],[-0.511,-0.009],[0.512,-1.11],[-0.093,-3.331],[-0.106,-0.94],[0,0],[-1.428,5.74],[-1.794,-0.568],[-3.081,-1.014],[-0.627,-1.999],[-0.082,-4.686],[-0.014,-3.943],[2.171,-1.969],[0.607,-0.002],[15.284,-0.031],[0.907,1.143],[-0.013,1.928],[-0.317,5.835],[-0.663,2.931],[-1.839,0.567],[-4.415,1.397]],"o":[[1.387,5.695],[0.142,-0.009],[0.143,-1.224],[0.206,-1.891],[0.036,-0.931],[-0.606,-2.083],[0.512,0],[1.292,0.023],[-1.548,3.362],[0.027,0.943],[0,0],[1.388,-5.572],[1.86,0.541],[3.092,0.98],[1.95,0.641],[1.425,4.545],[0.071,3.943],[0.011,2.838],[-0.46,0.416],[-15.284,0.041],[-1.896,0.003],[-1.228,-1.546],[0.038,-5.849],[0.162,-2.974],[0.424,-1.869],[4.425,-1.365],[0.512,-0.162]],"v":[[-7.475,-21.204],[-3.378,-4.384],[-2.952,-4.412],[-2.525,-8.084],[-1.963,-13.758],[-2.48,-16.572],[-0.488,-19.289],[1.047,-19.288],[2.706,-17.263],[2.618,-7.253],[2.924,-4.431],[3.372,-4.361],[7.574,-21.245],[13.046,-19.646],[22.298,-16.627],[26.057,-12.694],[27.658,1.211],[27.822,13.04],[24.896,20.438],[23.098,21.192],[-22.755,21.242],[-26.236,18.626],[-27.794,13.245],[-27.516,-4.296],[-25.846,-13.15],[-22.258,-16.664],[-9.018,-20.868]],"c":true},"ix":2},"nm":"Path 1","mn":"ADBE Vector Shape - Group","hd":false},{"ty":"fl","c":{"a":0,"k":[0.407843137255,0.717647058824,0.63137254902,1],"ix":4},"o":{"a":0,"k":100,"ix":5},"r":1,"bm":0,"nm":"Fill 1","mn":"ADBE Vector Graphic - Fill","hd":false},{"ty":"tr","p":{"a":0,"k":[46.874,43.108],"ix":2},"a":{"a":0,"k":[0,0],"ix":1},"s":{"a":0,"k":[100,100],"ix":3},"r":{"a":0,"k":0,"ix":6},"o":{"a":0,"k":100,"ix":7},"sk":{"a":0,"k":0,"ix":4},"sa":{"a":0,"k":0,"ix":5},"nm":"Transform"}],"nm":"Group 3","np":2,"cix":2,"bm":0,"ix":1,"mn":"ADBE Vector Group","hd":false}],"ip":0,"op":90,"st":0,"bm":0},{"ddd":0,"ind":4,"ty":4,"nm":"Layer 1 Outlines","sr":1,"ks":{"o":{"a":0,"k":100,"ix":11},"r":{"a":0,"k":0,"ix":10},"p":{"a":0,"k":[48.941,53.37,0],"ix":2},"a":{"a":0,"k":[48.167,41.852,0],"ix":1},"s":{"a":0,"k":[100,100,100],"ix":6}},"ao":0,"shapes":[{"ty":"gr","it":[{"ind":0,"ty":"sh","ix":1,"ks":{"a":0,"k":{"i":[[-14.178,0],[-13.949,0.003],[-1.198,-1.047],[-0.011,-1.356],[0.16,-2.554],[2.378,-0.157],[0.306,0],[28.241,-0.001],[0.005,3.499],[0.134,1.829],[-3.542,-0.024]],"o":[[13.948,0],[1.466,0],[0.992,0.867],[0.02,2.562],[-0.15,2.391],[-0.305,0.019],[-28.241,0],[-3.529,0],[-0.003,-1.838],[-0.201,-2.715],[14.177,0.093]],"v":[[0.137,-8.072],[41.982,-8.074],[46.098,-7.012],[47.805,-3.762],[47.758,3.924],[43.357,8.115],[42.439,8.118],[-42.285,8.12],[-47.691,2.77],[-47.717,-2.745],[-42.396,-8.109]],"c":true},"ix":2},"nm":"Path 1","mn":"ADBE Vector Shape - Group","hd":false},{"ty":"fl","c":{"a":0,"k":[0.407843137255,0.717647058824,0.63137254902,1],"ix":4},"o":{"a":0,"k":100,"ix":5},"r":1,"bm":0,"nm":"Fill 1","mn":"ADBE Vector Graphic - Fill","hd":false},{"ty":"tr","p":{"a":0,"k":[48.167,75.321],"ix":2},"a":{"a":0,"k":[0,0],"ix":1},"s":{"a":0,"k":[100,100],"ix":3},"r":{"a":0,"k":0,"ix":6},"o":{"a":0,"k":100,"ix":7},"sk":{"a":0,"k":0,"ix":4},"sa":{"a":0,"k":0,"ix":5},"nm":"Transform"}],"nm":"Group 4","np":2,"cix":2,"bm":0,"ix":1,"mn":"ADBE Vector Group","hd":false}],"ip":0,"op":90,"st":0,"bm":0}],"markers":[]}