{"v":"5.5.8","fr":30,"ip":0,"op":90,"w":98,"h":98,"nm":"Tech-Savvy Downloadable Digital Formats","ddd":0,"assets":[{"id":"comp_0","layers":[{"ddd":0,"ind":1,"ty":5,"nm":"m4a","sr":1,"ks":{"o":{"a":1,"k":[{"i":{"x":[0.833],"y":[0.833]},"o":{"x":[0.167],"y":[0.167]},"t":70,"s":[100]},{"t":80,"s":[0]}],"ix":11},"r":{"a":0,"k":0,"ix":10},"p":{"a":1,"k":[{"i":{"x":0.833,"y":0.833},"o":{"x":0.167,"y":0.167},"t":60,"s":[30.5,46.75,0],"to":[0,-1,0],"ti":[0,1,0]},{"t":70,"s":[30.5,40.75,0]}],"ix":2},"a":{"a":0,"k":[0,0,0],"ix":1},"s":{"a":0,"k":[19,19,100],"ix":6}},"ao":0,"t":{"d":{"k":[{"s":{"s":87,"f":"Mont-Bold","t":"m4a","j":0,"tr":17,"lh":104.4,"ls":0,"fc":[1,1,1]},"t":0}]},"p":{},"m":{"g":1,"a":{"a":0,"k":[0,0],"ix":2}},"a":[]},"ip":60,"op":80,"st":60,"bm":0},{"ddd":0,"ind":2,"ty":5,"nm":"ogg","sr":1,"ks":{"o":{"a":1,"k":[{"i":{"x":[0.833],"y":[0.833]},"o":{"x":[0.167],"y":[0.167]},"t":50,"s":[100]},{"t":60,"s":[0]}],"ix":11},"r":{"a":0,"k":0,"ix":10},"p":{"a":1,"k":[{"i":{"x":0.833,"y":0.833},"o":{"x":0.167,"y":0.167},"t":40,"s":[32.5,46.75,0],"to":[0,-1,0],"ti":[0,1,0]},{"t":50,"s":[32.5,40.75,0]}],"ix":2},"a":{"a":0,"k":[0,0,0],"ix":1},"s":{"a":0,"k":[19,19,100],"ix":6}},"ao":0,"t":{"d":{"k":[{"s":{"s":87,"f":"Mont-Bold","t":"ogg","j":0,"tr":17,"lh":104.4,"ls":0,"fc":[1,1,1]},"t":0}]},"p":{},"m":{"g":1,"a":{"a":0,"k":[0,0],"ix":2}},"a":[]},"ip":40,"op":60,"st":40,"bm":0},{"ddd":0,"ind":3,"ty":5,"nm":"mp3","sr":1,"ks":{"o":{"a":1,"k":[{"i":{"x":[0.833],"y":[0.833]},"o":{"x":[0.167],"y":[0.167]},"t":30,"s":[100]},{"t":40,"s":[0]}],"ix":11},"r":{"a":0,"k":0,"ix":10},"p":{"a":1,"k":[{"i":{"x":0.833,"y":0.833},"o":{"x":0.167,"y":0.167},"t":20,"s":[30.5,46.75,0],"to":[0,-1,0],"ti":[0,1,0]},{"t":30,"s":[30.5,40.75,0]}],"ix":2},"a":{"a":0,"k":[0,0,0],"ix":1},"s":{"a":0,"k":[19,19,100],"ix":6}},"ao":0,"t":{"d":{"k":[{"s":{"s":87,"f":"Mont-Bold","t":"mp3","j":0,"tr":17,"lh":104.4,"ls":0,"fc":[1,1,1]},"t":0}]},"p":{},"m":{"g":1,"a":{"a":0,"k":[0,0],"ix":2}},"a":[]},"ip":20,"op":40,"st":20,"bm":0},{"ddd":0,"ind":4,"ty":5,"nm":"wav","sr":1,"ks":{"o":{"a":1,"k":[{"i":{"x":[0.833],"y":[0.833]},"o":{"x":[0.167],"y":[0.167]},"t":10,"s":[100]},{"t":20,"s":[0]}],"ix":11},"r":{"a":0,"k":0,"ix":10},"p":{"a":1,"k":[{"i":{"x":0.833,"y":0.833},"o":{"x":0.167,"y":0.167},"t":0,"s":[30.5,46.75,0],"to":[0,-1,0],"ti":[0,1,0]},{"t":10,"s":[30.5,40.75,0]}],"ix":2},"a":{"a":0,"k":[0,0,0],"ix":1},"s":{"a":0,"k":[19,19,100],"ix":6}},"ao":0,"t":{"d":{"k":[{"s":{"s":87,"f":"Mont-Bold","t":"wav","j":0,"tr":17,"lh":104.4,"ls":0,"fc":[1,1,1]},"t":0}]},"p":{},"m":{"g":1,"a":{"a":0,"k":[0,0],"ix":2}},"a":[]},"ip":0,"op":20,"st":0,"bm":0}]}],"fonts":{"list":[{"fName":"Mont-Bold","fFamily":"Mont","fStyle":"Bold","ascent":73.49853515625}]},"layers":[{"ddd":0,"ind":1,"ty":0,"nm":"Pre-comp 35","refId":"comp_0","sr":1.11,"ks":{"o":{"a":0,"k":100,"ix":11},"r":{"a":0,"k":0,"ix":10},"p":{"a":0,"k":[58.5,49,0],"ix":2},"a":{"a":0,"k":[49,49,0],"ix":1},"s":{"a":0,"k":[100,100,100],"ix":6}},"ao":0,"w":98,"h":98,"ip":0,"op":89.91,"st":0,"bm":0},{"ddd":0,"ind":2,"ty":4,"nm":"Shape Layer 4","sr":1,"ks":{"o":{"a":0,"k":100,"ix":11},"r":{"a":0,"k":0,"ix":10},"p":{"a":0,"k":[61.627,66.329,0],"ix":2},"a":{"a":0,"k":[0,0,0],"ix":1},"s":{"a":0,"k":[34.92,34.92,100],"ix":6}},"ao":0,"shapes":[{"ty":"gr","it":[{"ind":0,"ty":"sh","ix":1,"ks":{"a":0,"k":{"i":[[0,0],[0,0]],"o":[[0,0],[0,0]],"v":[[-38.25,0.5],[104.797,0.609]],"c":false},"ix":2},"nm":"Path 1","mn":"ADBE Vector Shape - Group","hd":false},{"ty":"st","c":{"a":0,"k":[1,1,1,1],"ix":3},"o":{"a":0,"k":100,"ix":4},"w":{"a":0,"k":11,"ix":5},"lc":2,"lj":1,"ml":4,"bm":0,"nm":"Stroke 1","mn":"ADBE Vector Graphic - Stroke","hd":false},{"ty":"fl","c":{"a":0,"k":[0.843137254902,0.81568627451,0.772549019608,1],"ix":4},"o":{"a":0,"k":100,"ix":5},"r":1,"bm":0,"nm":"Fill 1","mn":"ADBE Vector Graphic - Fill","hd":false},{"ty":"tr","p":{"a":0,"k":[0,0],"ix":2},"a":{"a":0,"k":[0,0],"ix":1},"s":{"a":0,"k":[100,100],"ix":3},"r":{"a":0,"k":0,"ix":6},"o":{"a":0,"k":100,"ix":7},"sk":{"a":0,"k":0,"ix":4},"sa":{"a":0,"k":0,"ix":5},"nm":"Transform"}],"nm":"Shape 1","np":3,"cix":2,"bm":0,"ix":1,"mn":"ADBE Vector Group","hd":false},{"ty":"tm","s":{"a":0,"k":0,"ix":1},"e":{"a":1,"k":[{"i":{"x":[0.833],"y":[0.833]},"o":{"x":[0.167],"y":[0.167]},"t":6,"s":[0]},{"t":36,"s":[44]}],"ix":2},"o":{"a":0,"k":0,"ix":3},"m":1,"ix":2,"nm":"Trim Paths 1","mn":"ADBE Vector Filter - Trim","hd":false}],"ip":6,"op":90,"st":6,"bm":0},{"ddd":0,"ind":3,"ty":4,"nm":"Shape Layer 3","sr":1,"ks":{"o":{"a":0,"k":100,"ix":11},"r":{"a":0,"k":0,"ix":10},"p":{"a":0,"k":[51.502,78.329,0],"ix":2},"a":{"a":0,"k":[0,0,0],"ix":1},"s":{"a":0,"k":[34.92,34.92,100],"ix":6}},"ao":0,"shapes":[{"ty":"gr","it":[{"ind":0,"ty":"sh","ix":1,"ks":{"a":0,"k":{"i":[[0,0],[0,0]],"o":[[0,0],[0,0]],"v":[[-38.25,0.5],[104.797,0.609]],"c":false},"ix":2},"nm":"Path 1","mn":"ADBE Vector Shape - Group","hd":false},{"ty":"st","c":{"a":0,"k":[1,1,1,1],"ix":3},"o":{"a":0,"k":100,"ix":4},"w":{"a":0,"k":11,"ix":5},"lc":2,"lj":1,"ml":4,"bm":0,"nm":"Stroke 1","mn":"ADBE Vector Graphic - Stroke","hd":false},{"ty":"fl","c":{"a":0,"k":[0.843137254902,0.81568627451,0.772549019608,1],"ix":4},"o":{"a":0,"k":100,"ix":5},"r":1,"bm":0,"nm":"Fill 1","mn":"ADBE Vector Graphic - Fill","hd":false},{"ty":"tr","p":{"a":0,"k":[0,0],"ix":2},"a":{"a":0,"k":[0,0],"ix":1},"s":{"a":0,"k":[100,100],"ix":3},"r":{"a":0,"k":0,"ix":6},"o":{"a":0,"k":100,"ix":7},"sk":{"a":0,"k":0,"ix":4},"sa":{"a":0,"k":0,"ix":5},"nm":"Transform"}],"nm":"Shape 1","np":3,"cix":2,"bm":0,"ix":1,"mn":"ADBE Vector Group","hd":false},{"ty":"tm","s":{"a":0,"k":0,"ix":1},"e":{"a":1,"k":[{"i":{"x":[0.833],"y":[0.833]},"o":{"x":[0.167],"y":[0.167]},"t":16,"s":[0]},{"t":46,"s":[77]}],"ix":2},"o":{"a":0,"k":0,"ix":3},"m":1,"ix":2,"nm":"Trim Paths 1","mn":"ADBE Vector Filter - Trim","hd":false}],"ip":16,"op":90,"st":16,"bm":0},{"ddd":0,"ind":4,"ty":4,"nm":"Layer 1 Outlines","sr":1,"ks":{"o":{"a":0,"k":100,"ix":11},"r":{"a":0,"k":0,"ix":10},"p":{"a":0,"k":[48.598,48.998,0],"ix":2},"a":{"a":0,"k":[41.372,48.248,0],"ix":1},"s":{"a":0,"k":[100,100,100],"ix":6}},"ao":0,"shapes":[{"ty":"gr","it":[{"ind":0,"ty":"sh","ix":1,"ks":{"a":0,"k":{"i":[[2.641,0],[0,0],[0,0],[0,0],[0,2.663],[0,0]],"o":[[0,0],[0,0],[0,0],[2.641,0],[0,0],[0,-2.64]],"v":[[25.523,-47.998],[-30.322,-47.998],[-30.322,47.998],[25.523,47.998],[30.322,43.198],[30.322,-43.198]],"c":true},"ix":2},"nm":"Path 1","mn":"ADBE Vector Shape - Group","hd":false},{"ty":"fl","c":{"a":0,"k":[0.406414046942,0.715991988837,0.631064919864,1],"ix":4},"o":{"a":0,"k":100,"ix":5},"r":1,"bm":0,"nm":"Fill 1","mn":"ADBE Vector Graphic - Fill","hd":false},{"ty":"tr","p":{"a":0,"k":[52.171,48.248],"ix":2},"a":{"a":0,"k":[0,0],"ix":1},"s":{"a":0,"k":[100,100],"ix":3},"r":{"a":0,"k":0,"ix":6},"o":{"a":0,"k":100,"ix":7},"sk":{"a":0,"k":0,"ix":4},"sa":{"a":0,"k":0,"ix":5},"nm":"Transform"}],"nm":"Group 1","np":2,"cix":2,"bm":0,"ix":1,"mn":"ADBE Vector Group","hd":false},{"ty":"gr","it":[{"ind":0,"ty":"sh","ix":1,"ks":{"a":0,"k":{"i":[[0,-2.641],[0,0],[-2.64,0],[0,0],[0,0],[0,0]],"o":[[0,0],[0,2.664],[0,0],[0,0],[0,0],[-2.64,0]],"v":[[-8.4,-43.198],[-8.4,43.197],[-3.6,47.997],[8.4,47.997],[8.4,-47.997],[-3.6,-47.997]],"c":true},"ix":2},"nm":"Path 1","mn":"ADBE Vector Shape - Group","hd":false},{"ty":"fl","c":{"a":0,"k":[0.984534768497,0.745770143995,0.26626515108,1],"ix":4},"o":{"a":0,"k":100,"ix":5},"r":1,"bm":0,"nm":"Fill 1","mn":"ADBE Vector Graphic - Fill","hd":false},{"ty":"tr","p":{"a":0,"k":[8.65,48.247],"ix":2},"a":{"a":0,"k":[0,0],"ix":1},"s":{"a":0,"k":[100,100],"ix":3},"r":{"a":0,"k":0,"ix":6},"o":{"a":0,"k":100,"ix":7},"sk":{"a":0,"k":0,"ix":4},"sa":{"a":0,"k":0,"ix":5},"nm":"Transform"}],"nm":"Group 2","np":2,"cix":2,"bm":0,"ix":2,"mn":"ADBE Vector Group","hd":false}],"ip":0,"op":90,"st":0,"bm":0}],"markers":[],"chars":[{"ch":"w","size":87,"style":"Bold","w":85.2,"data":{"shapes":[{"ty":"gr","it":[{"ind":0,"ty":"sh","ix":1,"ks":{"a":0,"k":{"i":[[0,0],[0,0],[0,0],[0,0],[0,0],[0,0],[0,0],[0,0],[0,0],[0,0],[0,0],[0,0],[0,0]],"o":[[0,0],[0,0],[0,0],[0,0],[0,0],[0,0],[0,0],[0,0],[0,0],[0,0],[0,0],[0,0],[0,0]],"v":[[59.1,-21.7],[44.6,-53.6],[40.5,-53.6],[26.4,-21.8],[15.8,-54],[0.9,-54],[18.8,0],[30.5,0],[42.5,-27.9],[54.8,0],[66.5,0],[84.2,-54],[69.7,-54]],"c":true},"ix":2},"nm":"w","mn":"ADBE Vector Shape - Group","hd":false}],"nm":"w","np":3,"cix":2,"bm":0,"ix":1,"mn":"ADBE Vector Group","hd":false}]},"fFamily":"Mont"},{"ch":"a","size":87,"style":"Bold","w":69,"data":{"shapes":[{"ty":"gr","it":[{"ind":0,"ty":"sh","ix":1,"ks":{"a":0,"k":{"i":[[0,0],[6.866,0],[5.366,-5.4],[0,-8.133],[-5.367,-5.433],[-8.134,0],[-4.934,4.267],[0,0],[0,0],[0,0],[0,0]],"o":[[-4.934,-4.4],[-8.134,0],[-5.367,5.4],[0,8.2],[5.366,5.434],[6.733,0],[0,0],[0,0],[0,0],[0,0],[0,0]],"v":[[49.5,-48.9],[31.8,-55.5],[11.55,-47.4],[3.5,-27.1],[11.55,-6.65],[31.8,1.5],[49.3,-4.9],[50.5,-0.1],[62,-0.1],[62,-54.1],[51.1,-54.1]],"c":true},"ix":2},"nm":"a","mn":"ADBE Vector Shape - Group","hd":false},{"ind":1,"ty":"sh","ix":2,"ks":{"a":0,"k":{"i":[[0,4.267],[-1.267,2.234],[-2.234,1.3],[-2.8,0],[-2.8,-2.8],[0,-4.266],[2.8,-2.8],[4.233,0],[2.766,2.8]],"o":[[0,-2.8],[1.266,-2.233],[2.233,-1.3],[4.2,0],[2.8,2.8],[0,4.267],[-2.8,2.8],[-4.234,0],[-2.767,-2.8]],"v":[[18.3,-27.1],[20.2,-34.65],[25.45,-39.95],[33,-41.9],[43.5,-37.7],[47.7,-27.1],[43.5,-16.5],[32.95,-12.3],[22.45,-16.5]],"c":true},"ix":2},"nm":"a","mn":"ADBE Vector Shape - Group","hd":false}],"nm":"a","np":5,"cix":2,"bm":0,"ix":1,"mn":"ADBE Vector Group","hd":false}]},"fFamily":"Mont"},{"ch":"v","size":87,"style":"Bold","w":58.4,"data":{"shapes":[{"ty":"gr","it":[{"ind":0,"ty":"sh","ix":1,"ks":{"a":0,"k":{"i":[[0,0],[0,0],[0,0],[0,0],[0,0],[0,0],[0,0]],"o":[[0,0],[0,0],[0,0],[0,0],[0,0],[0,0],[0,0]],"v":[[29.5,-17.8],[16.2,-54],[0.7,-54],[22.6,0],[36.1,0],[57.6,-54],[42.4,-54]],"c":true},"ix":2},"nm":"v","mn":"ADBE Vector Shape - Group","hd":false}],"nm":"v","np":3,"cix":2,"bm":0,"ix":1,"mn":"ADBE Vector Group","hd":false}]},"fFamily":"Mont"},{"ch":"m","size":87,"style":"Bold","w":93.8,"data":{"shapes":[{"ty":"gr","it":[{"ind":0,"ty":"sh","ix":1,"ks":{"a":0,"k":{"i":[[1.1,-0.2],[1.033,-0.333],[0.933,-0.5],[0.866,-0.633],[0.733,-0.766],[0.666,-0.933],[2.733,1.534],[3.4,0],[2.833,-1.433],[2,-2.466],[0,0],[0,0],[0,0],[0,0],[0,0],[-1.867,2.334],[-3.334,0],[0,-7.333],[0,0],[0,0],[0,0],[-0.8,2],[-1.567,1.034],[-2.134,0],[0,-7.333],[0,0],[0,0],[0,0],[3.566,4],[5.6,0]],"o":[[-1.1,0.2],[-1.034,0.334],[-0.934,0.5],[-0.867,0.634],[-0.734,0.767],[-1.534,-2.733],[-2.734,-1.533],[-3.134,0],[-2.834,1.434],[0,0],[0,0],[0,0],[0,0],[0,0],[0,-4.2],[1.866,-2.333],[5.266,0],[0,0],[0,0],[0,0],[0,-2.8],[0.8,-2],[1.566,-1.033],[5.466,0],[0,0],[0,0],[0,0],[0,-6.266],[-3.567,-4],[-1.134,0]],"v":[[65.05,-55],[61.85,-54.2],[58.9,-52.95],[56.2,-51.25],[53.8,-49.15],[51.7,-46.6],[45.3,-53],[36.1,-55.3],[27.15,-53.15],[19.9,-47.3],[17.2,-54],[7,-54],[7,0],[21.6,0],[21.6,-29.2],[24.4,-39],[32.2,-42.5],[40.1,-31.5],[40.1,0],[54.4,0],[54.4,-29.2],[55.6,-36.4],[59.15,-40.95],[64.7,-42.5],[72.9,-31.5],[72.9,0],[87.5,0],[87.5,-33.9],[82.15,-49.3],[68.4,-55.3]],"c":true},"ix":2},"nm":"m","mn":"ADBE Vector Shape - Group","hd":false}],"nm":"m","np":3,"cix":2,"bm":0,"ix":1,"mn":"ADBE Vector Group","hd":false}]},"fFamily":"Mont"},{"ch":"p","size":87,"style":"Bold","w":68.2,"data":{"shapes":[{"ty":"gr","it":[{"ind":0,"ty":"sh","ix":1,"ks":{"a":0,"k":{"i":[[4.8,-4.266],[0,0],[0,0],[0,0],[0,0],[0,0],[-5.534,0],[-5.4,5.434],[0,8.2],[5.366,5.4],[8.133,0]],"o":[[0,0],[0,0],[0,0],[0,0],[0,0],[4.4,3],[8.066,0],[5.4,-5.433],[0,-8.2],[-5.367,-5.4],[-6.734,0]],"v":[[19.2,-49.1],[16.7,-54],[7,-54],[7,19.5],[21.6,19.5],[21.6,-2.9],[36.5,1.6],[56.7,-6.55],[64.8,-27],[56.75,-47.4],[36.5,-55.5]],"c":true},"ix":2},"nm":"p","mn":"ADBE Vector Shape - Group","hd":false},{"ind":1,"ty":"sh","ix":2,"ks":{"a":0,"k":{"i":[[0,4.267],[-1.234,2.267],[-2.267,1.267],[-2.8,0],[-2.234,-1.266],[-1.267,-2.266],[0,-2.8],[2.8,-2.8],[4.233,0],[2.766,2.8]],"o":[[0,-2.8],[1.233,-2.266],[2.266,-1.266],[2.8,0],[2.233,1.267],[1.266,2.267],[0,4.267],[-2.8,2.8],[-4.234,0],[-2.767,-2.8]],"v":[[20.6,-27],[22.45,-34.6],[27.7,-39.9],[35.3,-41.8],[42.85,-39.9],[48.1,-34.6],[50,-27],[45.8,-16.4],[35.25,-12.2],[24.75,-16.4]],"c":true},"ix":2},"nm":"p","mn":"ADBE Vector Shape - Group","hd":false}],"nm":"p","np":5,"cix":2,"bm":0,"ix":1,"mn":"ADBE Vector Group","hd":false}]},"fFamily":"Mont"},{"ch":"3","size":87,"style":"Bold","w":55.1,"data":{"shapes":[{"ty":"gr","it":[{"ind":0,"ty":"sh","ix":1,"ks":{"a":0,"k":{"i":[[0,0],[0,0],[0,0],[0,0],[0,0],[0,0],[0,0],[0,0],[-1.867,-1.666],[0,-2.833],[1.733,-1.8],[2.666,0],[1.6,1.634],[0.133,2.667],[0,0],[-4.234,-4.133],[-6.6,0],[-4.467,4.267],[0,6.467],[2.966,3.7],[4.933,1.134]],"o":[[0,0],[0,0],[0,0],[0,0],[0,0],[0,0],[0,0],[3.066,0],[1.866,1.667],[0,2.834],[-1.734,1.8],[-2.467,0],[-1.6,-1.633],[0,0],[0.266,6.534],[4.233,4.134],[6.8,0],[4.466,-4.266],[0,-5.2],[-2.967,-3.7],[0,0]],"v":[[48.2,-63.8],[48.2,-66.5],[5.7,-66.5],[5.7,-53.7],[28.6,-53.7],[16.5,-33.7],[16.5,-31],[26.1,-31],[33.5,-28.5],[36.3,-21.75],[33.7,-14.8],[27.1,-12.1],[21,-14.55],[18.4,-21],[4.1,-21],[10.85,-5],[27.1,1.2],[44,-5.2],[50.7,-21.3],[46.25,-34.65],[34.4,-41.9]],"c":true},"ix":2},"nm":"3","mn":"ADBE Vector Shape - Group","hd":false}],"nm":"3","np":3,"cix":2,"bm":0,"ix":1,"mn":"ADBE Vector Group","hd":false}]},"fFamily":"Mont"},{"ch":"o","size":87,"style":"Bold","w":65.3,"data":{"shapes":[{"ty":"gr","it":[{"ind":0,"ty":"sh","ix":1,"ks":{"a":0,"k":{"i":[[-5.567,5.434],[0,8.134],[5.533,5.4],[8.333,0],[5.533,-5.4],[0,-8.2],[-2.5,-4.366],[-4.467,-2.466],[-5.534,0]],"o":[[5.566,-5.433],[0,-8.2],[-5.534,-5.4],[-8.4,0],[-5.534,5.4],[0,5.334],[2.5,4.367],[4.466,2.466],[8.266,0]],"v":[[53.45,-6.65],[61.8,-27],[53.5,-47.4],[32.7,-55.5],[11.8,-47.4],[3.5,-27],[7.25,-12.45],[17.7,-2.2],[32.7,1.5]],"c":true},"ix":2},"nm":"o","mn":"ADBE Vector Shape - Group","hd":false},{"ind":1,"ty":"sh","ix":2,"ks":{"a":0,"k":{"i":[[1.766,0.734],[1.266,1.267],[0.7,1.867],[0,2.134],[-2.667,2.767],[-4.234,0],[-2.667,-2.766],[0,-4.333],[2.666,-2.766],[4.2,0]],"o":[[-1.767,-0.733],[-1.267,-1.266],[-0.7,-1.866],[0,-4.333],[2.666,-2.766],[4.233,0],[2.666,2.767],[0,4.334],[-2.667,2.767],[-2.134,0]],"v":[[26.85,-13.3],[22.3,-16.3],[19.35,-21],[18.3,-27],[22.3,-37.65],[32.65,-41.8],[43,-37.65],[47,-27],[43,-16.35],[32.7,-12.2]],"c":true},"ix":2},"nm":"o","mn":"ADBE Vector Shape - Group","hd":false}],"nm":"o","np":5,"cix":2,"bm":0,"ix":1,"mn":"ADBE Vector Group","hd":false}]},"fFamily":"Mont"},{"ch":"g","size":87,"style":"Bold","w":67.1,"data":{"shapes":[{"ty":"gr","it":[{"ind":0,"ty":"sh","ix":1,"ks":{"a":0,"k":{"i":[[0,0],[7,0],[5.166,-5.266],[0,-7.533],[-2.334,-4.133],[-4.134,-2.366],[-4.934,0],[-4.467,3.2],[0,0],[2.566,-2.3],[3.866,0],[2.4,1.3],[0.8,2.266],[0,0],[-4.9,-3.534],[-7.334,0],[-4.134,2.2],[-2.234,4.1],[0,5.6],[0,0],[0,0]],"o":[[-5,-4.6],[-7.534,0],[-5.167,5.267],[0,5],[2.333,4.134],[4.133,2.367],[5.8,0],[0,0],[0,3.867],[-2.567,2.3],[-2.867,0],[-2.4,-1.3],[0,0],[1.2,6.133],[4.9,3.533],[5.666,0],[4.133,-2.2],[2.233,-4.1],[0,0],[0,0],[0,0]],"v":[[48.3,-48.6],[30.3,-55.5],[11.25,-47.6],[3.5,-28.4],[7,-14.7],[16.7,-4.95],[30.3,-1.4],[45.7,-6.2],[45.7,-4.2],[41.85,5.05],[32.2,8.5],[24.3,6.55],[19.5,1.2],[5,1.2],[14.15,15.7],[32.5,21],[47.2,17.7],[56.75,8.25],[60.1,-6.3],[60.1,-54],[50.6,-54]],"c":true},"ix":2},"nm":"g","mn":"ADBE Vector Shape - Group","hd":false},{"ind":1,"ty":"sh","ix":2,"ks":{"a":0,"k":{"i":[[2.566,2.634],[0,4.067],[-2.6,2.634],[-3.934,0],[-2.567,-2.633],[0,-4],[2.6,-2.633],[4,0]],"o":[[-2.567,-2.633],[0,-4],[2.6,-2.633],[4.066,0],[2.566,2.634],[0,4.067],[-2.6,2.634],[-4,0]],"v":[[22.15,-18.35],[18.3,-28.4],[22.2,-38.35],[32,-42.3],[41.95,-38.35],[45.8,-28.4],[41.9,-18.35],[32,-14.4]],"c":true},"ix":2},"nm":"g","mn":"ADBE Vector Shape - Group","hd":false}],"nm":"g","np":5,"cix":2,"bm":0,"ix":1,"mn":"ADBE Vector Group","hd":false}]},"fFamily":"Mont"},{"ch":"4","size":87,"style":"Bold","w":55.7,"data":{"shapes":[{"ty":"gr","it":[{"ind":0,"ty":"sh","ix":1,"ks":{"a":0,"k":{"i":[[0,0],[0,0],[0,0],[0,0],[0,0],[0,0],[0,0],[0,0],[0,0],[0,0],[0,0],[0,0],[0,0],[0,0],[0,0]],"o":[[0,0],[0,0],[0,0],[0,0],[0,0],[0,0],[0,0],[0,0],[0,0],[0,0],[0,0],[0,0],[0,0],[0,0],[0,0]],"v":[[47,-25.2],[47,-41.1],[36.3,-41.1],[34,-25.2],[20,-25.2],[37.7,-66.5],[23.6,-66.5],[1.7,-15.3],[1.7,-12.8],[33.6,-12.8],[33.6,0],[47,0],[47,-12.8],[52.8,-12.8],[52.8,-25.2]],"c":true},"ix":2},"nm":"4","mn":"ADBE Vector Shape - Group","hd":false}],"nm":"4","np":3,"cix":2,"bm":0,"ix":1,"mn":"ADBE Vector Group","hd":false}]},"fFamily":"Mont"}]}