{"v":"5.5.8","fr":30,"ip":0,"op":91,"w":98,"h":98,"nm":"Unravel Multiple Tones and Atmospheres","ddd":0,"assets":[],"fonts":{"list":[{"fName":"Mont-Bold","fFamily":"Mont","fStyle":"Bold","ascent":73.49853515625}]},"layers":[{"ddd":0,"ind":1,"ty":5,"nm":"$","sr":1,"ks":{"o":{"a":0,"k":100,"ix":11},"r":{"a":0,"k":0,"ix":10},"p":{"a":0,"k":[51.828,49.065,0],"ix":2},"a":{"a":0,"k":[0,0,0],"ix":1},"s":{"a":0,"k":[34,34,100],"ix":6}},"ao":0,"t":{"d":{"k":[{"s":{"s":87,"f":"Mont-Bold","t":"$","j":0,"tr":17,"lh":104.4,"ls":0,"fc":[0.408,0.718,0.631]},"t":0}]},"p":{},"m":{"g":1,"a":{"a":0,"k":[0,0],"ix":2}},"a":[]},"ip":0,"op":91,"st":0,"bm":0},{"ddd":0,"ind":2,"ty":4,"nm":"Shape Layer 5","sr":1,"ks":{"o":{"a":0,"k":100,"ix":11},"r":{"a":0,"k":0,"ix":10},"p":{"a":0,"k":[48.672,49.185,0],"ix":2},"a":{"a":0,"k":[0,0,0],"ix":1},"s":{"a":0,"k":[100,100,100],"ix":6}},"ao":0,"shapes":[{"ty":"gr","it":[{"d":1,"ty":"el","s":{"a":0,"k":[31.5,31.5],"ix":2},"p":{"a":0,"k":[0,0],"ix":3},"nm":"Ellipse Path 1","mn":"ADBE Vector Shape - Ellipse","hd":false},{"ty":"st","c":{"a":0,"k":[0.980391977348,0.741175991881,0.231372997808,1],"ix":3},"o":{"a":0,"k":100,"ix":4},"w":{"a":0,"k":0,"ix":5},"lc":1,"lj":1,"ml":4,"bm":0,"nm":"Stroke 1","mn":"ADBE Vector Graphic - Stroke","hd":false},{"ty":"fl","c":{"a":0,"k":[1,1,1,1],"ix":4},"o":{"a":0,"k":100,"ix":5},"r":1,"bm":0,"nm":"Fill 1","mn":"ADBE Vector Graphic - Fill","hd":false},{"ty":"tr","p":{"a":0,"k":[12,-10],"ix":2},"a":{"a":0,"k":[0,0],"ix":1},"s":{"a":0,"k":[100,100],"ix":3},"r":{"a":0,"k":0,"ix":6},"o":{"a":0,"k":100,"ix":7},"sk":{"a":0,"k":0,"ix":4},"sa":{"a":0,"k":0,"ix":5},"nm":"Transform"}],"nm":"Ellipse 1","np":3,"cix":2,"bm":0,"ix":1,"mn":"ADBE Vector Group","hd":false}],"ip":0,"op":91,"st":0,"bm":0},{"ddd":0,"ind":3,"ty":4,"nm":"Layer 1/Customization Outlines","sr":1,"ks":{"o":{"a":0,"k":100,"ix":11},"r":{"a":1,"k":[{"i":{"x":[0.833],"y":[0.833]},"o":{"x":[0.167],"y":[0.167]},"t":0,"s":[0]},{"t":90,"s":[360]}],"ix":10},"p":{"a":0,"k":[60,38.5,0],"ix":2},"a":{"a":0,"k":[230,229.5,0],"ix":1},"s":{"a":0,"k":[7,7,100],"ix":6}},"ao":0,"shapes":[{"ty":"gr","it":[{"ind":0,"ty":"sh","ix":1,"ks":{"a":0,"k":{"i":[[0,0],[16.626,-16.627],[23.509,0],[16.627,16.637],[0,23.52],[-16.637,16.627],[-23.52,0],[-16.616,-16.616],[-0.063,-23.488]],"o":[[0,23.519],[-16.627,16.638],[-23.52,0],[-16.637,-16.626],[0,-23.509],[16.626,-16.627],[23.488,0.063],[16.616,16.616],[0,0]],"v":[[88.661,-0.005],[62.698,62.688],[0.005,88.661],[-62.688,62.688],[-88.662,-0.005],[-62.688,-62.698],[0.005,-88.661],[62.626,-62.625],[88.662,-0.004]],"c":true},"ix":2},"nm":"Path 1","mn":"ADBE Vector Shape - Group","hd":false},{"ty":"fl","c":{"a":0,"k":[1,1,1,1],"ix":4},"o":{"a":0,"k":100,"ix":5},"r":1,"bm":0,"nm":"Fill 1","mn":"ADBE Vector Graphic - Fill","hd":false},{"ty":"tr","p":{"a":0,"k":[229.283,229.267],"ix":2},"a":{"a":0,"k":[0,0],"ix":1},"s":{"a":0,"k":[100,100],"ix":3},"r":{"a":0,"k":0,"ix":6},"o":{"a":0,"k":100,"ix":7},"sk":{"a":0,"k":0,"ix":4},"sa":{"a":0,"k":0,"ix":5},"nm":"Transform"}],"nm":"Group 1","np":2,"cix":2,"bm":0,"ix":1,"mn":"ADBE Vector Group","hd":false},{"ty":"gr","it":[{"ind":0,"ty":"sh","ix":1,"ks":{"a":0,"k":{"i":[[0,0],[0,0],[21.189,21.118],[0.04,29.92],[-21.137,21.18],[-29.92,0.022],[-21.16,-21.148],[0,-29.909],[21.095,-21.137],[29.858,-0.064]],"o":[[0,0],[-29.921,0.062],[-21.19,-21.117],[-0.042,-29.912],[21.128,-21.18],[29.912,-0.021],[21.159,21.149],[0,29.869],[-21.097,21.138],[0,0]],"v":[[-0.242,112.729],[-0.231,112.729],[-80.063,79.841],[-113.231,0.125],[-80.282,-79.676],[-0.545,-112.784],[79.237,-79.792],[112.289,-0.033],[79.352,79.622],[-0.231,112.729]],"c":true},"ix":2},"nm":"Path 1","mn":"ADBE Vector Shape - Group","hd":false},{"ind":1,"ty":"sh","ix":2,"ks":{"a":0,"k":{"i":[[0,0],[0,0],[1.441,4.47],[4.033,8.438],[-2.474,3.843],[0,0],[5.911,6.527],[0,0],[7.101,-5.4],[0,0],[3.937,2.454],[8.71,2.601],[0.502,4.553],[0,0],[9.254,0.083],[0,0],[1.066,-9.159],[0,0],[4.376,-1.586],[8.365,-4.188],[3.937,2.454],[0,0],[0,0],[6.35,-6.266],[0,0],[-5.107,-7.196],[0,0],[0,0],[2.13,-4.073],[2.997,-8.877],[4.585,-0.595],[0,0],[0.125,-9.16],[0,0],[-9.096,-1.274],[0,0],[-1.39,-4.46],[-4.167,-8.324],[2.84,-3.613],[0,0],[-6.173,-6.381],[0,0],[-7.133,5.295],[0,0],[-2.631,0.073],[-1.639,-0.93],[-9.055,-2.757],[-0.658,-4.481],[0,0],[0,0],[-9.253,0.051],[0,0],[-1.169,9.065],[0,0],[0,0],[-4.302,1.482],[-8.292,4.397],[-3.937,-2.454],[0,0],[-6.298,6.371],[0,0],[5.17,7.143],[0,0],[0,0],[-1.89,4.147],[-2.955,8.898],[-4.783,0.209],[0,0],[-0.042,9.264],[0,0],[8.961,1.472]],"o":[[0,0],[-4.668,-0.512],[-2.987,-8.866],[-2.474,-3.844],[0,0],[5.232,-7.081],[0,0],[-6.277,-6.339],[0,0],[-3.937,2.454],[-8.271,-3.781],[-4.345,-1.441],[0,0],[-0.845,-9.222],[0,0],[-9.222,0.052],[0,0],[-0.669,4.606],[-8.919,2.82],[-3.938,2.454],[0,0],[0,0],[-7.039,-5.462],[0,0],[-6.057,6.402],[0,0],[0,0],[2.84,3.624],[-4.157,8.407],[-1.41,4.407],[0,0],[-9.054,1.379],[0,0],[0.032,9.191],[0,0],[4.616,0.689],[2.997,8.814],[2.13,4.083],[0,0],[-5.358,7.081],[0,0],[6.329,6.245],[0,0],[2.089,-1.608],[1.88,-0.011],[8.376,4.396],[4.24,1.577],[0,0],[0,0],[0.961,9.212],[0,0],[9.139,-0.042],[0,0],[0,0],[0.554,-4.523],[8.982,-2.758],[3.938,-2.454],[0,0],[7.017,5.567],[0,0],[5.984,-6.465],[0,0],[0,0],[-2.757,-3.634],[4.209,-8.387],[1.953,-4.387],[0,0],[9.202,-1.17],[0,0],[-0.105,-9.076],[0,0]],"v":[[213.584,-40.73],[175.453,-45.409],[165.396,-53.597],[154.868,-79.57],[154.868,-92.197],[178.263,-122.379],[177.094,-145.773],[145.042,-177.354],[121.648,-178.993],[91.706,-155.599],[78.841,-155.599],[53.336,-165.187],[45.388,-175.014],[40.24,-212.674],[22.453,-229.05],[-22.695,-229.05],[-40.711,-212.915],[-45.619,-175.014],[-53.807,-164.957],[-79.77,-154.429],[-92.637,-154.429],[-122.577,-177.823],[-122.589,-177.823],[-145.982,-176.413],[-177.794,-144.833],[-179.432,-121.438],[-156.038,-91.256],[-156.038,-91.267],[-154.868,-78.63],[-165.626,-52.667],[-175.454,-44.479],[-213.355,-39.8],[-229.26,-21.544],[-229.26,21.963],[-213.355,40.208],[-175.454,45.357],[-165.626,53.775],[-154.868,79.508],[-156.038,92.145],[-179.432,122.557],[-178.023,145.951],[-146.212,177.532],[-122.819,179.171],[-92.877,155.777],[-85.619,153.198],[-80.241,154.608],[-54.037,165.365],[-46.089,175.192],[-41.181,212.852],[-41.17,212.852],[-23.165,228.999],[21.994,228.999],[40,213.093],[44.909,175.192],[44.918,175.192],[52.867,165.365],[78.841,154.607],[91.706,154.607],[121.649,178.001],[145.042,176.591],[177.094,145.011],[178.492,121.617],[155.099,91.435],[155.099,91.445],[153.699,78.808],[164.456,52.845],[175.453,45.357],[213.113,40.678],[229.26,22.433],[229.26,-22.486],[213.584,-40.731]],"c":true},"ix":2},"nm":"Path 2","mn":"ADBE Vector Shape - Group","hd":false},{"ty":"mm","mm":1,"nm":"Merge Paths 1","mn":"ADBE Vector Filter - Merge","hd":false},{"ty":"fl","c":{"a":0,"k":[1,1,1,1],"ix":4},"o":{"a":0,"k":100,"ix":5},"r":1,"bm":0,"nm":"Fill 1","mn":"ADBE Vector Graphic - Fill","hd":false},{"ty":"tr","p":{"a":0,"k":[229.51,229.3],"ix":2},"a":{"a":0,"k":[0,0],"ix":1},"s":{"a":0,"k":[100,100],"ix":3},"r":{"a":0,"k":0,"ix":6},"o":{"a":0,"k":100,"ix":7},"sk":{"a":0,"k":0,"ix":4},"sa":{"a":0,"k":0,"ix":5},"nm":"Transform"}],"nm":"Group 2","np":4,"cix":2,"bm":0,"ix":2,"mn":"ADBE Vector Group","hd":false}],"ip":0,"op":91,"st":0,"bm":0},{"ddd":0,"ind":5,"ty":4,"nm":"Shape Layer 4","sr":1,"ks":{"o":{"a":0,"k":100,"ix":11},"r":{"a":0,"k":0,"ix":10},"p":{"a":0,"k":[61.627,66.329,0],"ix":2},"a":{"a":0,"k":[0,0,0],"ix":1},"s":{"a":0,"k":[34.92,34.92,100],"ix":6}},"ao":0,"shapes":[{"ty":"gr","it":[{"ind":0,"ty":"sh","ix":1,"ks":{"a":0,"k":{"i":[[0,0],[0,0]],"o":[[0,0],[0,0]],"v":[[-38.25,0.5],[104.797,0.609]],"c":false},"ix":2},"nm":"Path 1","mn":"ADBE Vector Shape - Group","hd":false},{"ty":"st","c":{"a":0,"k":[1,1,1,1],"ix":3},"o":{"a":0,"k":100,"ix":4},"w":{"a":0,"k":11,"ix":5},"lc":2,"lj":1,"ml":4,"bm":0,"nm":"Stroke 1","mn":"ADBE Vector Graphic - Stroke","hd":false},{"ty":"fl","c":{"a":0,"k":[0.843137254902,0.81568627451,0.772549019608,1],"ix":4},"o":{"a":0,"k":100,"ix":5},"r":1,"bm":0,"nm":"Fill 1","mn":"ADBE Vector Graphic - Fill","hd":false},{"ty":"tr","p":{"a":0,"k":[0,0],"ix":2},"a":{"a":0,"k":[0,0],"ix":1},"s":{"a":0,"k":[100,100],"ix":3},"r":{"a":0,"k":0,"ix":6},"o":{"a":0,"k":100,"ix":7},"sk":{"a":0,"k":0,"ix":4},"sa":{"a":0,"k":0,"ix":5},"nm":"Transform"}],"nm":"Shape 1","np":3,"cix":2,"bm":0,"ix":1,"mn":"ADBE Vector Group","hd":false},{"ty":"tm","s":{"a":0,"k":0,"ix":1},"e":{"a":1,"k":[{"i":{"x":[0.833],"y":[0.833]},"o":{"x":[0.167],"y":[0.167]},"t":20,"s":[0]},{"t":50,"s":[44]}],"ix":2},"o":{"a":0,"k":0,"ix":3},"m":1,"ix":2,"nm":"Trim Paths 1","mn":"ADBE Vector Filter - Trim","hd":false}],"ip":20,"op":111,"st":20,"bm":0},{"ddd":0,"ind":6,"ty":4,"nm":"Shape Layer 3","sr":1,"ks":{"o":{"a":0,"k":100,"ix":11},"r":{"a":0,"k":0,"ix":10},"p":{"a":0,"k":[51.502,78.329,0],"ix":2},"a":{"a":0,"k":[0,0,0],"ix":1},"s":{"a":0,"k":[34.92,34.92,100],"ix":6}},"ao":0,"shapes":[{"ty":"gr","it":[{"ind":0,"ty":"sh","ix":1,"ks":{"a":0,"k":{"i":[[0,0],[0,0]],"o":[[0,0],[0,0]],"v":[[-38.25,0.5],[104.797,0.609]],"c":false},"ix":2},"nm":"Path 1","mn":"ADBE Vector Shape - Group","hd":false},{"ty":"st","c":{"a":0,"k":[1,1,1,1],"ix":3},"o":{"a":0,"k":100,"ix":4},"w":{"a":0,"k":11,"ix":5},"lc":2,"lj":1,"ml":4,"bm":0,"nm":"Stroke 1","mn":"ADBE Vector Graphic - Stroke","hd":false},{"ty":"fl","c":{"a":0,"k":[0.843137254902,0.81568627451,0.772549019608,1],"ix":4},"o":{"a":0,"k":100,"ix":5},"r":1,"bm":0,"nm":"Fill 1","mn":"ADBE Vector Graphic - Fill","hd":false},{"ty":"tr","p":{"a":0,"k":[0,0],"ix":2},"a":{"a":0,"k":[0,0],"ix":1},"s":{"a":0,"k":[100,100],"ix":3},"r":{"a":0,"k":0,"ix":6},"o":{"a":0,"k":100,"ix":7},"sk":{"a":0,"k":0,"ix":4},"sa":{"a":0,"k":0,"ix":5},"nm":"Transform"}],"nm":"Shape 1","np":3,"cix":2,"bm":0,"ix":1,"mn":"ADBE Vector Group","hd":false},{"ty":"tm","s":{"a":0,"k":0,"ix":1},"e":{"a":1,"k":[{"i":{"x":[0.833],"y":[0.833]},"o":{"x":[0.167],"y":[0.167]},"t":30,"s":[0]},{"t":60,"s":[77]}],"ix":2},"o":{"a":0,"k":0,"ix":3},"m":1,"ix":2,"nm":"Trim Paths 1","mn":"ADBE Vector Filter - Trim","hd":false}],"ip":30,"op":121,"st":30,"bm":0},{"ddd":0,"ind":7,"ty":4,"nm":"Layer 1 Outlines","sr":1,"ks":{"o":{"a":0,"k":100,"ix":11},"r":{"a":0,"k":0,"ix":10},"p":{"a":0,"k":[48.598,48.998,0],"ix":2},"a":{"a":0,"k":[41.372,48.248,0],"ix":1},"s":{"a":0,"k":[100,100,100],"ix":6}},"ao":0,"shapes":[{"ty":"gr","it":[{"ind":0,"ty":"sh","ix":1,"ks":{"a":0,"k":{"i":[[2.641,0],[0,0],[0,0],[0,0],[0,2.663],[0,0]],"o":[[0,0],[0,0],[0,0],[2.641,0],[0,0],[0,-2.64]],"v":[[25.523,-47.998],[-30.322,-47.998],[-30.322,47.998],[25.523,47.998],[30.322,43.198],[30.322,-43.198]],"c":true},"ix":2},"nm":"Path 1","mn":"ADBE Vector Shape - Group","hd":false},{"ty":"fl","c":{"a":0,"k":[0.406414046942,0.715991988837,0.631064919864,1],"ix":4},"o":{"a":0,"k":100,"ix":5},"r":1,"bm":0,"nm":"Fill 1","mn":"ADBE Vector Graphic - Fill","hd":false},{"ty":"tr","p":{"a":0,"k":[52.171,48.248],"ix":2},"a":{"a":0,"k":[0,0],"ix":1},"s":{"a":0,"k":[100,100],"ix":3},"r":{"a":0,"k":0,"ix":6},"o":{"a":0,"k":100,"ix":7},"sk":{"a":0,"k":0,"ix":4},"sa":{"a":0,"k":0,"ix":5},"nm":"Transform"}],"nm":"Group 1","np":2,"cix":2,"bm":0,"ix":1,"mn":"ADBE Vector Group","hd":false},{"ty":"gr","it":[{"ind":0,"ty":"sh","ix":1,"ks":{"a":0,"k":{"i":[[0,-2.641],[0,0],[-2.64,0],[0,0],[0,0],[0,0]],"o":[[0,0],[0,2.664],[0,0],[0,0],[0,0],[-2.64,0]],"v":[[-8.4,-43.198],[-8.4,43.197],[-3.6,47.997],[8.4,47.997],[8.4,-47.997],[-3.6,-47.997]],"c":true},"ix":2},"nm":"Path 1","mn":"ADBE Vector Shape - Group","hd":false},{"ty":"fl","c":{"a":0,"k":[0.984534768497,0.745770143995,0.26626515108,1],"ix":4},"o":{"a":0,"k":100,"ix":5},"r":1,"bm":0,"nm":"Fill 1","mn":"ADBE Vector Graphic - Fill","hd":false},{"ty":"tr","p":{"a":0,"k":[8.65,48.247],"ix":2},"a":{"a":0,"k":[0,0],"ix":1},"s":{"a":0,"k":[100,100],"ix":3},"r":{"a":0,"k":0,"ix":6},"o":{"a":0,"k":100,"ix":7},"sk":{"a":0,"k":0,"ix":4},"sa":{"a":0,"k":0,"ix":5},"nm":"Transform"}],"nm":"Group 2","np":2,"cix":2,"bm":0,"ix":2,"mn":"ADBE Vector Group","hd":false}],"ip":0,"op":91,"st":0,"bm":0}],"markers":[],"chars":[{"ch":"$","size":87,"style":"Bold","w":59.6,"data":{"shapes":[{"ty":"gr","it":[{"ind":0,"ty":"sh","ix":1,"ks":{"a":0,"k":{"i":[[0.566,1.767],[0.733,1.234],[1.4,1.1],[1.066,0.634],[1.933,0.634],[1.033,0.3],[2,0.467],[0.5,0.134],[1.066,0.3],[0.466,0.2],[0.766,0.3],[0.333,0.334],[0.4,0.434],[0.166,0.5],[0,0.534],[-1.9,1.034],[-2.6,0],[-1.967,-1.433],[0,-2.733],[0,0],[3.2,3.7],[5.933,0.934],[0,0],[0,0],[0,0],[3.3,-3.366],[0,-5.4],[-0.534,-1.7],[-0.7,-1.2],[-1.367,-1.033],[-1.034,-0.6],[-1.867,-0.633],[-1.034,-0.266],[-2,-0.466],[-0.867,-0.233],[-1.434,-0.5],[-0.634,-0.5],[-0.534,-0.8],[0,-1],[2.166,-1.366],[2.933,0],[1.666,0.667],[1.066,1.434],[0,2],[0,0],[-3.634,-3.966],[-6.267,-0.933],[0,0],[0,0],[0,0],[-3.6,3.567],[0,5.867]],"o":[[-0.567,-1.766],[-0.734,-1.233],[-1.4,-1.1],[-1.067,-0.633],[-1.934,-0.633],[-1.034,-0.3],[-1.267,-0.333],[-0.5,-0.133],[-1.067,-0.3],[-0.467,-0.2],[-0.767,-0.3],[-0.334,-0.333],[-0.4,-0.433],[-0.167,-0.5],[0,-2],[1.9,-1.033],[2.866,0],[1.966,1.434],[0,0],[0,-5.8],[-3.2,-3.7],[0,0],[0,0],[0,0],[-5.8,0.867],[-3.3,3.367],[0,2],[0.533,1.7],[0.7,1.2],[1.366,1.034],[1.033,0.6],[1.866,0.634],[1.033,0.267],[1.933,0.467],[0.866,0.234],[1.433,0.5],[0.633,0.5],[0.533,0.8],[0,2.267],[-2.167,1.367],[-2,0],[-1.667,-0.666],[-1.067,-1.433],[0,0],[0,6.134],[3.633,3.967],[0,0],[0,0],[0,0],[5.933,-0.866],[3.6,-3.566],[0,-2.066]],"v":[[54.85,-26.05],[52.9,-30.55],[49.7,-34.05],[46,-36.65],[41.5,-38.55],[37.05,-39.95],[32.5,-41.1],[29.85,-41.8],[27.5,-42.45],[25.2,-43.2],[23.35,-43.95],[21.7,-44.9],[20.6,-46.05],[19.75,-47.45],[19.5,-49],[22.35,-53.55],[29.1,-55.1],[36.35,-52.95],[39.3,-46.7],[53.7,-46.7],[48.9,-60.95],[35.2,-67.9],[35.2,-74.4],[23.6,-74.4],[23.6,-67.9],[9.95,-61.55],[5,-48.4],[5.8,-42.85],[7.65,-38.5],[10.75,-35.15],[14.35,-32.7],[18.7,-30.85],[23.05,-29.5],[27.6,-28.4],[31.8,-27.35],[35.25,-26.25],[38.35,-24.75],[40.1,-22.8],[40.9,-20.1],[37.65,-14.65],[30,-12.6],[24.5,-13.6],[20.4,-16.75],[18.8,-21.9],[4.1,-21.9],[9.55,-6.75],[24.4,0.6],[24.4,7.6],[36,7.6],[36,0.5],[50.3,-6.15],[55.7,-20.3]],"c":true},"ix":2},"nm":"$","mn":"ADBE Vector Shape - Group","hd":false}],"nm":"$","np":3,"cix":2,"bm":0,"ix":1,"mn":"ADBE Vector Group","hd":false}]},"fFamily":"Mont"}]}