{"v":"5.5.8","fr":30,"ip":0,"op":91,"w":98,"h":98,"nm":"Complete Encryption","ddd":0,"assets":[{"id":"comp_0","layers":[{"ddd":0,"ind":4,"ty":4,"nm":"Bar","sr":1,"ks":{"o":{"a":0,"k":100,"ix":11},"r":{"a":1,"k":[{"i":{"x":[0],"y":[1.017]},"o":{"x":[0.167],"y":[0.167]},"t":45.045,"s":[15]},{"i":{"x":[0.833],"y":[0.833]},"o":{"x":[0.167],"y":[0.167]},"t":50.05,"s":[0]},{"i":{"x":[0],"y":[1]},"o":{"x":[0.167],"y":[0.167]},"t":105.105,"s":[0]},{"i":{"x":[0.667],"y":[1]},"o":{"x":[0.382],"y":[0]},"t":110.11,"s":[18]},{"t":117.117117117117,"s":[15]}],"ix":10},"p":{"a":1,"k":[{"i":{"x":0.667,"y":1},"o":{"x":0.333,"y":0},"t":45.045,"s":[480.5,274.5,0],"to":[0,0.833,0],"ti":[0,0,0]},{"i":{"x":0.667,"y":1},"o":{"x":0.333,"y":0},"t":50.05,"s":[480.5,279.5,0],"to":[0,0,0],"ti":[0,0.833,0]},{"t":55.055055055055,"s":[480.5,274.5,0]}],"ix":2},"a":{"a":0,"k":[76,-25.5,0],"ix":1},"s":{"a":0,"k":[100,100,100],"ix":6}},"ao":0,"shapes":[{"ty":"gr","it":[{"ind":0,"ty":"sh","ix":1,"ks":{"a":0,"k":{"i":[[0.802,0],[1.062,3.12],[0,15.891],[5.327,0],[0,-5.514],[0,0],[4.143,0],[0,4.142],[0,0],[-13.785,0],[0,-13.551],[-3.768,-11.07],[3.921,-1.334]],"o":[[-3.122,0],[-4.307,-12.652],[0,-5.327],[-5.514,0],[0,0],[0,4.142],[-4.143,0],[0,0],[0,-13.785],[13.552,0],[0,14.22],[1.335,3.922],[-0.801,0.272]],"v":[[20.032,16.251],[12.933,11.166],[6.533,-31.251],[-3.467,-41.251],[-13.467,-31.251],[-13.467,-18.25],[-20.967,-10.75],[-28.467,-18.25],[-28.467,-31.251],[-3.467,-56.251],[21.533,-31.251],[27.132,6.332],[22.45,15.849]],"c":true},"ix":2},"nm":"Path 1","mn":"ADBE Vector Shape - Group","hd":false},{"ty":"fl","c":{"a":0,"k":[1,1,1,1],"ix":4},"o":{"a":0,"k":100,"ix":5},"r":1,"bm":0,"nm":"Fill 1","mn":"ADBE Vector Graphic - Fill","hd":false},{"ty":"tr","p":{"a":0,"k":[0,0],"ix":2},"a":{"a":0,"k":[0,0],"ix":1},"s":{"a":0,"k":[100,100],"ix":3},"r":{"a":0,"k":0,"ix":6},"o":{"a":0,"k":100,"ix":7},"sk":{"a":0,"k":0,"ix":4},"sa":{"a":0,"k":0,"ix":5},"nm":"Transform"}],"nm":"Shape 1","np":3,"cix":2,"bm":0,"ix":1,"mn":"ADBE Vector Group","hd":false}],"ip":0,"op":300.3003003003,"st":0,"bm":0},{"ddd":0,"ind":5,"ty":4,"nm":"Body","sr":1,"ks":{"o":{"a":0,"k":100,"ix":11},"r":{"a":0,"k":0,"ix":10},"p":{"a":0,"k":[401.5,310.5,0],"ix":2},"a":{"a":0,"k":[0,0,0],"ix":1},"s":{"a":0,"k":[100,100,100],"ix":6}},"ao":0,"shapes":[{"ty":"gr","it":[{"ind":0,"ty":"sh","ix":1,"ks":{"a":0,"k":{"i":[[4.4,0],[0,0],[0,4.4],[0,0],[-4.4,0],[0,0],[0,-4.4],[0,0]],"o":[[0,0],[-4.4,0],[0,0],[0,-4.4],[0,0],[4.4,0],[0,0],[0,4.4]],"v":[[29.5,32.5],[-29.5,32.5],[-37.5,24.5],[-37.5,-24.5],[-29.5,-32.5],[29.5,-32.5],[37.5,-24.5],[37.5,24.5]],"c":true},"ix":2},"nm":"Path 1","mn":"ADBE Vector Shape - Group","hd":false},{"ty":"fl","c":{"a":0,"k":[1,1,1,1],"ix":4},"o":{"a":0,"k":100,"ix":5},"r":1,"bm":0,"nm":"Fill 1","mn":"ADBE Vector Graphic - Fill","hd":false},{"ty":"tr","p":{"a":0,"k":[0,0],"ix":2},"a":{"a":0,"k":[0,0],"ix":1},"s":{"a":0,"k":[100,100],"ix":3},"r":{"a":0,"k":0,"ix":6},"o":{"a":0,"k":100,"ix":7},"sk":{"a":0,"k":0,"ix":4},"sa":{"a":0,"k":0,"ix":5},"nm":"Transform"}],"nm":"Shape 1","np":3,"cix":2,"bm":0,"ix":1,"mn":"ADBE Vector Group","hd":false}],"ip":0,"op":300.3003003003,"st":0,"bm":0}]}],"layers":[{"ddd":0,"ind":1,"ty":3,"nm":"Adjustment Layer 1","sr":1,"ks":{"o":{"a":0,"k":100,"ix":11},"r":{"a":0,"k":0,"ix":10},"p":{"a":0,"k":[53,49,0],"ix":2},"a":{"a":0,"k":[49,49,0],"ix":1},"s":{"a":0,"k":[100,100,100],"ix":6}},"ao":0,"ip":0,"op":91,"st":0,"bm":0},{"ddd":0,"ind":2,"ty":4,"nm":"2 Outlines","parent":1,"sr":1,"ks":{"o":{"a":0,"k":100,"ix":11},"r":{"a":0,"k":0,"ix":10},"p":{"a":0,"k":[32.5,33.25,0],"ix":2},"a":{"a":0,"k":[540,540,0],"ix":1},"s":{"a":1,"k":[{"i":{"x":[0.833,0.833,0.833],"y":[0.833,0.833,0.833]},"o":{"x":[0.167,0.167,0.167],"y":[0.167,0.167,0.167]},"t":0,"s":[0,0,100]},{"i":{"x":[0.833,0.833,0.833],"y":[0.833,0.833,0.833]},"o":{"x":[0.167,0.167,0.167],"y":[0.167,0.167,0.167]},"t":10,"s":[6,6,100]},{"t":20,"s":[5,5,100]}],"ix":6}},"ao":0,"shapes":[{"ty":"gr","it":[{"ind":0,"ty":"sh","ix":1,"ks":{"a":0,"k":{"i":[[0,0],[0,0],[11.52,15.864],[9.468,6.996],[11.218,3.86],[0,0],[0,0],[0,46.362],[67.198,0],[0,-65.799],[-34.702,-28.19],[0,0],[0,0],[13.993,-19.179],[2.472,-19.422],[0,0],[-25.453,0],[0,0],[3.257,25.212]],"o":[[0,0],[-2.472,-19.422],[-6.996,-9.589],[-9.411,-6.996],[0,0],[0,0],[34.703,-28.188],[0,-65.796],[-67.203,0],[0,46.364],[0,0],[0,0],[-22.438,7.782],[-11.52,15.864],[0,0],[-3.258,25.212],[0,0],[25.444,-0.004],[0,0]],"v":[[223.592,217.793],[211.407,123.16],[189.997,69.36],[165.15,44.391],[134.029,27.984],[57.853,1.625],[47.904,-20.624],[107.2,-149.745],[0.01,-265.385],[-107.19,-149.745],[-47.893,-20.624],[-57.842,1.625],[-134.018,27.984],[-189.991,69.36],[-211.401,123.16],[-223.585,217.793],[-181.726,265.384],[181.735,265.384],[223.586,217.793]],"c":true},"ix":2},"nm":"Path 1","mn":"ADBE Vector Shape - Group","hd":false},{"ty":"fl","c":{"a":0,"k":[1,1,1,1],"ix":4},"o":{"a":0,"k":100,"ix":5},"r":1,"bm":0,"nm":"Fill 1","mn":"ADBE Vector Graphic - Fill","hd":false},{"ty":"tr","p":{"a":0,"k":[539.881,540.214],"ix":2},"a":{"a":0,"k":[0,0],"ix":1},"s":{"a":0,"k":[100,100],"ix":3},"r":{"a":0,"k":0,"ix":6},"o":{"a":0,"k":100,"ix":7},"sk":{"a":0,"k":0,"ix":4},"sa":{"a":0,"k":0,"ix":5},"nm":"Transform"}],"nm":"Group 1","np":2,"cix":2,"bm":0,"ix":1,"mn":"ADBE Vector Group","hd":false}],"ip":0,"op":91,"st":0,"bm":0},{"ddd":0,"ind":3,"ty":0,"nm":"Lock","parent":1,"refId":"comp_0","sr":1,"ks":{"o":{"a":0,"k":100,"ix":11},"r":{"a":0,"k":0,"ix":10},"p":{"a":0,"k":[75,70.25,0],"ix":2},"a":{"a":0,"k":[400,300,0],"ix":1},"s":{"a":0,"k":[19,19,100],"ix":6}},"ao":0,"w":800,"h":600,"ip":-7,"op":293.3003003003,"st":-7,"bm":0},{"ddd":0,"ind":4,"ty":4,"nm":"Shild Outlines","parent":1,"sr":1,"ks":{"o":{"a":0,"k":100,"ix":11},"r":{"a":0,"k":0,"ix":10},"p":{"a":0,"k":[75.5,68.75,0],"ix":2},"a":{"a":0,"k":[540,540,0],"ix":1},"s":{"a":0,"k":[5,5,100],"ix":6}},"ao":0,"shapes":[{"ty":"gr","it":[{"ind":0,"ty":"sh","ix":1,"ks":{"a":0,"k":{"i":[[0,0],[43.646,-43.537],[56.238,-23.867],[3.578,1.495],[43.208,43.211],[28.05,54.889],[-9.696,124.573],[-6.574,1.044],[-124.485,114.924],[-5.541,-5.091],[-120.279,-18.992],[-0.572,-6.619],[57.479,-110.928]],"o":[[-28.06,54.887],[-43.193,43.205],[-3.579,1.495],[-56.252,-23.861],[-43.634,-43.531],[-57.478,-110.939],[0.571,-6.631],[120.247,-18.998],[5.541,-5.091],[124.511,114.927],[6.562,1.056],[9.695,124.573],[0,0]],"v":[[264.372,149.751],[156.144,298.298],[5.597,399.85],[-5.588,399.85],[-156.18,298.298],[-264.369,149.751],[-337.472,-210.556],[-325.311,-223.618],[-9.81,-396.255],[9.786,-396.255],[325.346,-223.618],[337.473,-210.556],[264.369,149.751]],"c":true},"ix":2},"nm":"Path 1","mn":"ADBE Vector Shape - Group","hd":false},{"ty":"fl","c":{"a":0,"k":[1,0.737254901961,0.172549019608,1],"ix":4},"o":{"a":0,"k":100,"ix":5},"r":1,"bm":0,"nm":"Fill 1","mn":"ADBE Vector Graphic - Fill","hd":false},{"ty":"tr","p":{"a":0,"k":[539.881,540.073],"ix":2},"a":{"a":0,"k":[0,0],"ix":1},"s":{"a":0,"k":[100,100],"ix":3},"r":{"a":0,"k":0,"ix":6},"o":{"a":0,"k":100,"ix":7},"sk":{"a":0,"k":0,"ix":4},"sa":{"a":0,"k":0,"ix":5},"nm":"Transform"}],"nm":"Group 1","np":2,"cix":2,"bm":0,"ix":1,"mn":"ADBE Vector Group","hd":false}],"ip":0,"op":91,"st":0,"bm":0},{"ddd":0,"ind":5,"ty":4,"nm":"Layer 4 Outlines","parent":1,"sr":1,"ks":{"o":{"a":0,"k":100,"ix":11},"r":{"a":0,"k":0,"ix":10},"p":{"a":0,"k":[74.972,69.84,0],"ix":2},"a":{"a":0,"k":[5.609,4.234,0],"ix":1},"s":{"a":1,"k":[{"i":{"x":[0.833,0.833,0.833],"y":[0.833,0.833,0.833]},"o":{"x":[0.167,0.167,0.167],"y":[0.167,0.167,0.167]},"t":34,"s":[0,0,100]},{"i":{"x":[0.833,0.833,0.833],"y":[0.833,0.833,0.833]},"o":{"x":[0.167,0.167,0.167],"y":[0.167,0.167,0.167]},"t":44,"s":[110,110,100]},{"t":54,"s":[100,100,100]}],"ix":6}},"ao":0,"shapes":[{"ty":"gr","it":[{"ind":0,"ty":"sh","ix":1,"ks":{"a":0,"k":{"i":[[0.533,-0.533],[0,0],[0.328,0],[0.246,0.246],[0,0],[-0.535,0.535],[-0.535,-0.533],[0,0],[0,0],[-0.534,-0.535]],"o":[[0,0],[-0.246,0.246],[-0.33,0],[0,0],[-0.535,-0.534],[0.534,-0.533],[0,0],[0,0],[0.536,-0.535],[0.533,0.534]],"v":[[4.826,-1.56],[-0.349,3.615],[-1.292,3.984],[-2.237,3.615],[-4.824,1.027],[-4.824,-0.863],[-2.935,-0.863],[-1.292,0.78],[2.936,-3.449],[4.826,-3.449]],"c":true},"ix":2},"nm":"Path 1","mn":"ADBE Vector Shape - Group","hd":false},{"ty":"fl","c":{"a":0,"k":[1,1,1,1],"ix":4},"o":{"a":0,"k":100,"ix":5},"r":1,"bm":0,"nm":"Fill 1","mn":"ADBE Vector Graphic - Fill","hd":false},{"ty":"tr","p":{"a":0,"k":[5.609,4.234],"ix":2},"a":{"a":0,"k":[0,0],"ix":1},"s":{"a":0,"k":[100,100],"ix":3},"r":{"a":0,"k":0,"ix":6},"o":{"a":0,"k":100,"ix":7},"sk":{"a":0,"k":0,"ix":4},"sa":{"a":0,"k":0,"ix":5},"nm":"Transform"}],"nm":"Group 1","np":2,"cix":2,"bm":0,"ix":1,"mn":"ADBE Vector Group","hd":false}],"ip":34,"op":125,"st":34,"bm":0},{"ddd":0,"ind":6,"ty":4,"nm":"Shape Layer 8","parent":1,"sr":1,"ks":{"o":{"a":0,"k":100,"ix":11},"r":{"a":0,"k":0,"ix":10},"p":{"a":0,"k":[25,57.625,0],"ix":2},"a":{"a":0,"k":[-8.75,-12.438,0],"ix":1},"s":{"a":0,"k":[139,139,100],"ix":6}},"ao":0,"shapes":[{"ty":"gr","it":[{"ind":0,"ty":"sh","ix":1,"ks":{"a":0,"k":{"i":[[0,0],[0,0]],"o":[[0,0],[0,0]],"v":[[6.375,-12.562],[-17.562,-12.562]],"c":false},"ix":2},"nm":"Path 1","mn":"ADBE Vector Shape - Group","hd":false},{"ty":"st","c":{"a":0,"k":[1,1,1,1],"ix":3},"o":{"a":0,"k":100,"ix":4},"w":{"a":0,"k":4,"ix":5},"lc":2,"lj":1,"ml":4,"bm":0,"nm":"Stroke 1","mn":"ADBE Vector Graphic - Stroke","hd":false},{"ty":"tr","p":{"a":0,"k":[0,0],"ix":2},"a":{"a":0,"k":[0,0],"ix":1},"s":{"a":0,"k":[100,100],"ix":3},"r":{"a":0,"k":0,"ix":6},"o":{"a":0,"k":100,"ix":7},"sk":{"a":0,"k":0,"ix":4},"sa":{"a":0,"k":0,"ix":5},"nm":"Transform"}],"nm":"Shape 1","np":3,"cix":2,"bm":0,"ix":1,"mn":"ADBE Vector Group","hd":false},{"ty":"tm","s":{"a":1,"k":[{"i":{"x":[0.833],"y":[0.833]},"o":{"x":[0.167],"y":[0.167]},"t":10,"s":[100]},{"t":24.2001953125,"s":[0]}],"ix":1},"e":{"a":0,"k":100,"ix":2},"o":{"a":0,"k":0,"ix":3},"m":1,"ix":2,"nm":"Trim Paths 1","mn":"ADBE Vector Filter - Trim","hd":false}],"ip":10,"op":91,"st":10,"bm":0},{"ddd":0,"ind":7,"ty":4,"nm":"Shape Layer 7","parent":1,"sr":1,"ks":{"o":{"a":0,"k":100,"ix":11},"r":{"a":0,"k":0,"ix":10},"p":{"a":0,"k":[25,68.094,0],"ix":2},"a":{"a":0,"k":[-8.75,-12.438,0],"ix":1},"s":{"a":0,"k":[139,139,100],"ix":6}},"ao":0,"shapes":[{"ty":"gr","it":[{"ind":0,"ty":"sh","ix":1,"ks":{"a":0,"k":{"i":[[0,0],[0,0]],"o":[[0,0],[0,0]],"v":[[-0.46,-12.62],[-17.562,-12.562]],"c":false},"ix":2},"nm":"Path 1","mn":"ADBE Vector Shape - Group","hd":false},{"ty":"st","c":{"a":0,"k":[1,1,1,1],"ix":3},"o":{"a":0,"k":100,"ix":4},"w":{"a":0,"k":4,"ix":5},"lc":2,"lj":1,"ml":4,"bm":0,"nm":"Stroke 1","mn":"ADBE Vector Graphic - Stroke","hd":false},{"ty":"tr","p":{"a":0,"k":[0,0],"ix":2},"a":{"a":0,"k":[0,0],"ix":1},"s":{"a":0,"k":[100,100],"ix":3},"r":{"a":0,"k":0,"ix":6},"o":{"a":0,"k":100,"ix":7},"sk":{"a":0,"k":0,"ix":4},"sa":{"a":0,"k":0,"ix":5},"nm":"Transform"}],"nm":"Shape 1","np":3,"cix":2,"bm":0,"ix":1,"mn":"ADBE Vector Group","hd":false},{"ty":"tm","s":{"a":1,"k":[{"i":{"x":[0.833],"y":[0.833]},"o":{"x":[0.167],"y":[0.167]},"t":24.2,"s":[100]},{"t":38.400390625,"s":[0]}],"ix":1},"e":{"a":0,"k":100,"ix":2},"o":{"a":0,"k":0,"ix":3},"m":1,"ix":2,"nm":"Trim Paths 1","mn":"ADBE Vector Filter - Trim","hd":false}],"ip":20,"op":91,"st":20,"bm":0},{"ddd":0,"ind":8,"ty":4,"nm":"Layer 1 Outlines","parent":1,"sr":1,"ks":{"o":{"a":0,"k":100,"ix":11},"r":{"a":0,"k":0,"ix":10},"p":{"a":0,"k":[37.359,49.015,0],"ix":2},"a":{"a":0,"k":[34.272,48.133,0],"ix":1},"s":{"a":0,"k":[100,100,100],"ix":6}},"ao":0,"shapes":[{"ty":"gr","it":[{"ind":0,"ty":"sh","ix":1,"ks":{"a":0,"k":{"i":[[-0.04,0.027],[0,0],[0,0],[2.239,2.24],[0,3.361],[0,0],[0,0],[0,0],[0,-3.921],[0,0],[-3.92,0],[0,0],[-0.518,3.466],[2.568,13.25],[0,0],[-3.664,1.711]],"o":[[0,0],[0,0],[-3.08,0],[-1.96,-1.96],[0,0],[0,0],[0,0],[-3.92,0],[0,0],[0,3.921],[0,0],[3.576,0],[-0.176,-0.125],[-1.193,-6.158],[0,0],[3.637,-1.698]],"v":[[34.007,-0.985],[34.022,-23.52],[20.301,-23.52],[11.902,-27.161],[8.542,-35.562],[8.542,-47.882],[-26.742,-47.882],[-32.367,-47.883],[-39.647,-40.603],[-39.647,40.602],[-32.367,47.883],[26.743,47.883],[35.25,41.057],[19.448,22.235],[19.348,5.735],[27.385,3.69]],"c":true},"ix":2},"nm":"Path 1","mn":"ADBE Vector Shape - Group","hd":false},{"ty":"fl","c":{"a":0,"k":[0.367762995701,0.691943239698,0.605688416724,1],"ix":4},"o":{"a":0,"k":100,"ix":5},"r":1,"bm":0,"nm":"Fill 1","mn":"ADBE Vector Graphic - Fill","hd":false},{"ty":"tr","p":{"a":0,"k":[34.272,48.133],"ix":2},"a":{"a":0,"k":[0,0],"ix":1},"s":{"a":0,"k":[100,100],"ix":3},"r":{"a":0,"k":0,"ix":6},"o":{"a":0,"k":100,"ix":7},"sk":{"a":0,"k":0,"ix":4},"sa":{"a":0,"k":0,"ix":5},"nm":"Transform"}],"nm":"Group 1","np":2,"cix":2,"bm":0,"ix":1,"mn":"ADBE Vector Group","hd":false},{"ty":"gr","it":[{"ind":0,"ty":"sh","ix":1,"ks":{"a":0,"k":{"i":[[0,0],[-1.4,-1.121],[-1.96,0],[0,0],[0,0],[0.561,0.28],[0,0]],"o":[[0,1.96],[1.12,1.4],[0,0],[0,0],[-0.28,-0.56],[0,0],[0,0]],"v":[[-9.24,1.96],[-6.999,7.001],[-2.24,9.241],[9.241,9.241],[-8.12,-8.122],[-9.241,-9.241],[-9.24,-9.241]],"c":true},"ix":2},"nm":"Path 1","mn":"ADBE Vector Shape - Group","hd":false},{"ty":"fl","c":{"a":0,"k":[1,0.736496450387,0.170620428347,1],"ix":4},"o":{"a":0,"k":100,"ix":5},"r":1,"bm":0,"nm":"Fill 1","mn":"ADBE Vector Graphic - Fill","hd":false},{"ty":"tr","p":{"a":0,"k":[56.813,10.612],"ix":2},"a":{"a":0,"k":[0,0],"ix":1},"s":{"a":0,"k":[100,100],"ix":3},"r":{"a":0,"k":0,"ix":6},"o":{"a":0,"k":100,"ix":7},"sk":{"a":0,"k":0,"ix":4},"sa":{"a":0,"k":0,"ix":5},"nm":"Transform"}],"nm":"Group 2","np":2,"cix":2,"bm":0,"ix":2,"mn":"ADBE Vector Group","hd":false}],"ip":0,"op":91,"st":0,"bm":0}],"markers":[]}