{"v":"5.5.8","fr":30,"ip":0,"op":90,"w":98,"h":98,"nm":"Unleash Your Imagination","ddd":0,"assets":[],"layers":[{"ddd":0,"ind":1,"ty":4,"nm":"Shape Layer 18","sr":1,"ks":{"o":{"a":0,"k":100,"ix":11},"r":{"a":0,"k":0,"ix":10},"p":{"a":0,"k":[79.794,31.656,0],"ix":2},"a":{"a":0,"k":[-16.087,-3.072,0],"ix":1},"s":{"a":1,"k":[{"i":{"x":[0.667,0.667,0.667],"y":[1,1,1]},"o":{"x":[0.333,0.333,0.333],"y":[0,0,0]},"t":0,"s":[0,0,100]},{"i":{"x":[0.667,0.667,0.667],"y":[1,1,1]},"o":{"x":[0.333,0.333,0.333],"y":[0,0,0]},"t":13,"s":[753.066,753.066,100]},{"i":{"x":[0.667,0.667,0.667],"y":[1,1,1]},"o":{"x":[0.333,0.333,0.333],"y":[0,0,0]},"t":26,"s":[583.257,583.257,100]},{"t":39,"s":[649.704,649.704,100]}],"ix":6}},"ao":0,"shapes":[{"ty":"gr","it":[{"ty":"sr","sy":1,"d":1,"pt":{"a":0,"k":5,"ix":3},"p":{"a":0,"k":[0,0],"ix":4},"r":{"a":0,"k":0,"ix":5},"ir":{"a":0,"k":0.929,"ix":6},"is":{"a":0,"k":0,"ix":8},"or":{"a":0,"k":1.858,"ix":7},"os":{"a":0,"k":0,"ix":9},"ix":1,"nm":"Polystar Path 1","mn":"ADBE Vector Shape - Star","hd":false},{"ty":"st","c":{"a":0,"k":[0.980391977348,0.741175991881,0.231372997808,1],"ix":3},"o":{"a":0,"k":100,"ix":4},"w":{"a":0,"k":0,"ix":5},"lc":1,"lj":1,"ml":4,"bm":0,"nm":"Stroke 1","mn":"ADBE Vector Graphic - Stroke","hd":false},{"ty":"fl","c":{"a":0,"k":[0.98431372549,0.745098039216,0.266666666667,1],"ix":4},"o":{"a":0,"k":100,"ix":5},"r":1,"bm":0,"nm":"Fill 1","mn":"ADBE Vector Graphic - Fill","hd":false},{"ty":"tr","p":{"a":0,"k":[-16.125,-3],"ix":2},"a":{"a":0,"k":[0,0],"ix":1},"s":{"a":0,"k":[100,100],"ix":3},"r":{"a":0,"k":0,"ix":6},"o":{"a":0,"k":100,"ix":7},"sk":{"a":0,"k":0,"ix":4},"sa":{"a":0,"k":0,"ix":5},"nm":"Transform"}],"nm":"Polystar 1","np":3,"cix":2,"bm":0,"ix":1,"mn":"ADBE Vector Group","hd":false}],"ip":0,"op":91,"st":0,"bm":0},{"ddd":0,"ind":2,"ty":4,"nm":"Layer 3 Outlines","sr":1,"ks":{"o":{"a":0,"k":100,"ix":11},"r":{"a":0,"k":0,"ix":10},"p":{"a":0,"k":[51.687,21.45,0],"ix":2},"a":{"a":0,"k":[11.748,12.701,0],"ix":1},"s":{"a":1,"k":[{"i":{"x":[0.667,0.667,0.667],"y":[1,1,1]},"o":{"x":[0.333,0.333,0.333],"y":[0,0,0]},"t":13,"s":[0,0,100]},{"i":{"x":[0.667,0.667,0.667],"y":[1,1,1]},"o":{"x":[0.333,0.333,0.333],"y":[0,0,0]},"t":26,"s":[109,109,100]},{"i":{"x":[0.667,0.667,0.667],"y":[1,1,1]},"o":{"x":[0.333,0.333,0.333],"y":[0,0,0]},"t":39,"s":[70,70,100]},{"t":52,"s":[88,88,100]}],"ix":6}},"ao":0,"shapes":[{"ty":"gr","it":[{"ind":0,"ty":"sh","ix":1,"ks":{"a":0,"k":{"i":[[-0.027,-0.026],[-2.438,-4.992],[-5.781,2.447],[0.039,-0.049],[4.231,0.194],[1.674,4.657],[-4.198,3.336],[-2.706,0.065],[-0.075,-0.003]],"o":[[-5.248,3.136],[2.363,4.838],[-0.05,0.09],[-2.618,3.321],[-4.912,-0.226],[-1.814,-5.049],[2.119,-1.683],[0.075,-0.002],[0.007,0.001]],"v":[[1.803,-12.406],[-2.529,2.074],[11.497,7.251],[11.383,7.45],[1.115,12.257],[-9.684,4.155],[-5.717,-9.847],[1.538,-12.449],[1.762,-12.444]],"c":true},"ix":2},"nm":"Path 1","mn":"ADBE Vector Shape - Group","hd":false},{"ty":"fl","c":{"a":0,"k":[1,1,1,1],"ix":4},"o":{"a":0,"k":100,"ix":5},"r":1,"bm":0,"nm":"Fill 1","mn":"ADBE Vector Graphic - Fill","hd":false},{"ty":"tr","p":{"a":0,"k":[11.748,12.701],"ix":2},"a":{"a":0,"k":[0,0],"ix":1},"s":{"a":0,"k":[100,100],"ix":3},"r":{"a":0,"k":0,"ix":6},"o":{"a":0,"k":100,"ix":7},"sk":{"a":0,"k":0,"ix":4},"sa":{"a":0,"k":0,"ix":5},"nm":"Transform"}],"nm":"Group 1","np":2,"cix":2,"bm":0,"ix":1,"mn":"ADBE Vector Group","hd":false}],"ip":13,"op":103,"st":13,"bm":0},{"ddd":0,"ind":3,"ty":4,"nm":"Layer 2 Outlines","sr":1,"ks":{"o":{"a":0,"k":100,"ix":11},"r":{"a":0,"k":0,"ix":10},"p":{"a":0,"k":[25.377,30.754,0],"ix":2},"a":{"a":0,"k":[12.274,12.253,0],"ix":1},"s":{"a":1,"k":[{"i":{"x":[0.667,0.667,0.667],"y":[1,1,1]},"o":{"x":[0.333,0.333,0.333],"y":[0,0,0]},"t":26,"s":[0,0,100]},{"i":{"x":[0.667,0.667,0.667],"y":[1,1,1]},"o":{"x":[0.333,0.333,0.333],"y":[0,0,0]},"t":39,"s":[100,100,100]},{"i":{"x":[0.667,0.667,0.667],"y":[1,1,1]},"o":{"x":[0.333,0.333,0.333],"y":[0,0,0]},"t":52,"s":[114,114,100]},{"t":65,"s":[85,85,100]}],"ix":6}},"ao":0,"shapes":[{"ty":"gr","it":[{"ind":0,"ty":"sh","ix":1,"ks":{"a":0,"k":{"i":[[0.438,0],[0,0],[0,0.439],[-0.44,0],[0,0],[0,-0.439]],"o":[[0,0],[-0.44,0],[0,-0.439],[0,0],[0.438,0],[0,0.439]],"v":[[1.764,0.795],[-1.764,0.795],[-2.559,0],[-1.764,-0.795],[1.764,-0.795],[2.559,0]],"c":true},"ix":2},"nm":"Path 1","mn":"ADBE Vector Shape - Group","hd":false},{"ty":"fl","c":{"a":0,"k":[1,1,1,1],"ix":4},"o":{"a":0,"k":100,"ix":5},"r":1,"bm":0,"nm":"Fill 1","mn":"ADBE Vector Graphic - Fill","hd":false},{"ty":"tr","p":{"a":0,"k":[21.739,12.258],"ix":2},"a":{"a":0,"k":[0,0],"ix":1},"s":{"a":0,"k":[100,100],"ix":3},"r":{"a":0,"k":0,"ix":6},"o":{"a":0,"k":100,"ix":7},"sk":{"a":0,"k":0,"ix":4},"sa":{"a":0,"k":0,"ix":5},"nm":"Transform"}],"nm":"Group 1","np":2,"cix":2,"bm":0,"ix":1,"mn":"ADBE Vector Group","hd":false},{"ty":"gr","it":[{"ind":0,"ty":"sh","ix":1,"ks":{"a":0,"k":{"i":[[0,0],[0,0],[0.311,0.31],[0,0],[-0.312,0.31],[-0.31,-0.313],[0,0],[0.31,-0.311]],"o":[[0,0],[-0.311,0.31],[0,0],[-0.311,-0.313],[0.314,-0.31],[0,0],[0.31,0.309],[0,0]],"v":[[1.792,1.815],[1.792,1.815],[0.667,1.815],[-1.79,-0.686],[-1.786,-1.815],[-0.658,-1.81],[1.792,0.639],[1.792,1.762]],"c":true},"ix":2},"nm":"Path 1","mn":"ADBE Vector Shape - Group","hd":false},{"ty":"fl","c":{"a":0,"k":[1,1,1,1],"ix":4},"o":{"a":0,"k":100,"ix":5},"r":1,"bm":0,"nm":"Fill 1","mn":"ADBE Vector Graphic - Fill","hd":false},{"ty":"tr","p":{"a":0,"k":[18.936,18.975],"ix":2},"a":{"a":0,"k":[0,0],"ix":1},"s":{"a":0,"k":[100,100],"ix":3},"r":{"a":0,"k":0,"ix":6},"o":{"a":0,"k":100,"ix":7},"sk":{"a":0,"k":0,"ix":4},"sa":{"a":0,"k":0,"ix":5},"nm":"Transform"}],"nm":"Group 2","np":2,"cix":2,"bm":0,"ix":2,"mn":"ADBE Vector Group","hd":false},{"ty":"gr","it":[{"ind":0,"ty":"sh","ix":1,"ks":{"a":0,"k":{"i":[[0,0],[0,0],[0.785,0.801],[-0.009,1.12],[-0.798,0.787],[-1.121,-0.004],[-0.791,-0.795],[0,-1.121],[0.802,-0.793],[1.128,-0.003]],"o":[[0,0],[-1.122,-0.015],[-0.785,-0.801],[0.009,-1.122],[0.798,-0.788],[1.122,0.004],[0.791,0.794],[-0.017,1.129],[-0.803,0.793],[0,0]],"v":[[-0.048,4.242],[-0.048,4.242],[-3.025,2.969],[-4.235,-0.033],[-2.975,-3.014],[0.021,-4.238],[3.008,-2.99],[4.244,0.001],[2.965,2.999],[-0.049,4.242]],"c":true},"ix":2},"nm":"Path 1","mn":"ADBE Vector Shape - Group","hd":false},{"ty":"fl","c":{"a":0,"k":[1,1,1,1],"ix":4},"o":{"a":0,"k":100,"ix":5},"r":1,"bm":0,"nm":"Fill 1","mn":"ADBE Vector Graphic - Fill","hd":false},{"ty":"tr","p":{"a":0,"k":[12.297,12.309],"ix":2},"a":{"a":0,"k":[0,0],"ix":1},"s":{"a":0,"k":[100,100],"ix":3},"r":{"a":0,"k":0,"ix":6},"o":{"a":0,"k":100,"ix":7},"sk":{"a":0,"k":0,"ix":4},"sa":{"a":0,"k":0,"ix":5},"nm":"Transform"}],"nm":"Group 3","np":2,"cix":2,"bm":0,"ix":3,"mn":"ADBE Vector Group","hd":false},{"ty":"gr","it":[{"ind":0,"ty":"sh","ix":1,"ks":{"a":0,"k":{"i":[[0,0],[0,0],[0.439,0],[0,0.438],[0,0],[-0.44,0],[0,-0.439]],"o":[[0,0],[0,0.438],[-0.44,0],[0,0],[0,-0.439],[0.439,0],[0,0]],"v":[[0.795,1.733],[0.794,1.733],[0,2.528],[-0.795,1.733],[-0.795,-1.733],[0,-2.528],[0.794,-1.733]],"c":true},"ix":2},"nm":"Path 1","mn":"ADBE Vector Shape - Group","hd":false},{"ty":"fl","c":{"a":0,"k":[1,1,1,1],"ix":4},"o":{"a":0,"k":100,"ix":5},"r":1,"bm":0,"nm":"Fill 1","mn":"ADBE Vector Graphic - Fill","hd":false},{"ty":"tr","p":{"a":0,"k":[12.249,21.728],"ix":2},"a":{"a":0,"k":[0,0],"ix":1},"s":{"a":0,"k":[100,100],"ix":3},"r":{"a":0,"k":0,"ix":6},"o":{"a":0,"k":100,"ix":7},"sk":{"a":0,"k":0,"ix":4},"sa":{"a":0,"k":0,"ix":5},"nm":"Transform"}],"nm":"Group 4","np":2,"cix":2,"bm":0,"ix":4,"mn":"ADBE Vector Group","hd":false},{"ty":"gr","it":[{"ind":0,"ty":"sh","ix":1,"ks":{"a":0,"k":{"i":[[0,0],[0,0],[0.209,0.001],[0.152,0.144],[0,0],[0,0.211],[-0.151,0.147],[-0.31,-0.31],[0,0],[0,-0.216],[0.155,-0.15]],"o":[[0,0],[-0.151,0.144],[-0.208,0],[0,0],[-0.151,-0.147],[0,-0.212],[0.311,-0.31],[0,0],[0.155,0.15],[0,0.216],[0,0]],"v":[[1.784,1.835],[1.783,1.834],[1.221,2.057],[0.66,1.834],[-1.789,-0.625],[-2.026,-1.186],[-1.789,-1.748],[-0.665,-1.748],[1.783,0.689],[2.026,1.262],[1.783,1.834]],"c":true},"ix":2},"nm":"Path 1","mn":"ADBE Vector Shape - Group","hd":false},{"ty":"fl","c":{"a":0,"k":[1,1,1,1],"ix":4},"o":{"a":0,"k":100,"ix":5},"r":1,"bm":0,"nm":"Fill 1","mn":"ADBE Vector Graphic - Fill","hd":false},{"ty":"tr","p":{"a":0,"k":[5.557,5.527],"ix":2},"a":{"a":0,"k":[0,0],"ix":1},"s":{"a":0,"k":[100,100],"ix":3},"r":{"a":0,"k":0,"ix":6},"o":{"a":0,"k":100,"ix":7},"sk":{"a":0,"k":0,"ix":4},"sa":{"a":0,"k":0,"ix":5},"nm":"Transform"}],"nm":"Group 5","np":2,"cix":2,"bm":0,"ix":5,"mn":"ADBE Vector Group","hd":false},{"ty":"gr","it":[{"ind":0,"ty":"sh","ix":1,"ks":{"a":0,"k":{"i":[[0,0],[0,0],[0.211,0],[0.147,0.153],[0,0.212],[-0.151,0.147],[0,0],[-0.303,-0.303],[0.292,-0.313]],"o":[[0,0],[-0.149,0.15],[-0.212,0.004],[-0.151,-0.148],[0,-0.212],[0,0],[0.313,-0.292],[0.302,0.303],[0,0]],"v":[[1.76,-0.635],[-0.689,1.813],[-1.251,2.047],[-1.813,1.813],[-2.051,1.251],[-1.813,0.69],[0.635,-1.759],[1.74,-1.739],[1.758,-0.635]],"c":true},"ix":2},"nm":"Path 1","mn":"ADBE Vector Shape - Group","hd":false},{"ty":"fl","c":{"a":0,"k":[1,1,1,1],"ix":4},"o":{"a":0,"k":100,"ix":5},"r":1,"bm":0,"nm":"Fill 1","mn":"ADBE Vector Graphic - Fill","hd":false},{"ty":"tr","p":{"a":0,"k":[5.582,18.924],"ix":2},"a":{"a":0,"k":[0,0],"ix":1},"s":{"a":0,"k":[100,100],"ix":3},"r":{"a":0,"k":0,"ix":6},"o":{"a":0,"k":100,"ix":7},"sk":{"a":0,"k":0,"ix":4},"sa":{"a":0,"k":0,"ix":5},"nm":"Transform"}],"nm":"Group 6","np":2,"cix":2,"bm":0,"ix":6,"mn":"ADBE Vector Group","hd":false},{"ty":"gr","it":[{"ind":0,"ty":"sh","ix":1,"ks":{"a":0,"k":{"i":[[0,0],[0,0.439],[-0.439,0],[0,0],[0,-0.439],[0.439,0]],"o":[[-0.439,0],[0,-0.439],[0,0],[0.439,0],[0,0.439],[0,0]],"v":[[-1.738,0.795],[-2.533,0],[-1.738,-0.795],[1.739,-0.795],[2.533,0],[1.739,0.795]],"c":true},"ix":2},"nm":"Path 1","mn":"ADBE Vector Shape - Group","hd":false},{"ty":"fl","c":{"a":0,"k":[1,1,1,1],"ix":4},"o":{"a":0,"k":100,"ix":5},"r":1,"bm":0,"nm":"Fill 1","mn":"ADBE Vector Graphic - Fill","hd":false},{"ty":"tr","p":{"a":0,"k":[2.783,12.258],"ix":2},"a":{"a":0,"k":[0,0],"ix":1},"s":{"a":0,"k":[100,100],"ix":3},"r":{"a":0,"k":0,"ix":6},"o":{"a":0,"k":100,"ix":7},"sk":{"a":0,"k":0,"ix":4},"sa":{"a":0,"k":0,"ix":5},"nm":"Transform"}],"nm":"Group 7","np":2,"cix":2,"bm":0,"ix":7,"mn":"ADBE Vector Group","hd":false},{"ty":"gr","it":[{"ind":0,"ty":"sh","ix":1,"ks":{"a":0,"k":{"i":[[0,0],[-0.44,0],[0,-0.439],[0,0],[0.439,0],[0,0.439]],"o":[[0,-0.439],[0.439,0],[0,0],[0,0.439],[-0.44,0],[0,0]],"v":[[-0.794,-1.738],[0.001,-2.533],[0.794,-1.738],[0.794,1.738],[0.001,2.533],[-0.794,1.738]],"c":true},"ix":2},"nm":"Path 1","mn":"ADBE Vector Shape - Group","hd":false},{"ty":"fl","c":{"a":0,"k":[1,1,1,1],"ix":4},"o":{"a":0,"k":100,"ix":5},"r":1,"bm":0,"nm":"Fill 1","mn":"ADBE Vector Graphic - Fill","hd":false},{"ty":"tr","p":{"a":0,"k":[12.248,2.783],"ix":2},"a":{"a":0,"k":[0,0],"ix":1},"s":{"a":0,"k":[100,100],"ix":3},"r":{"a":0,"k":0,"ix":6},"o":{"a":0,"k":100,"ix":7},"sk":{"a":0,"k":0,"ix":4},"sa":{"a":0,"k":0,"ix":5},"nm":"Transform"}],"nm":"Group 8","np":2,"cix":2,"bm":0,"ix":8,"mn":"ADBE Vector Group","hd":false},{"ty":"gr","it":[{"ind":0,"ty":"sh","ix":1,"ks":{"a":0,"k":{"i":[[-0.305,0.316],[0,0],[-0.303,-0.302],[0.291,-0.313],[0,0],[0.32,0.295]],"o":[[0,0],[0.313,-0.292],[0.303,0.303],[0,0],[-0.321,0.295],[-0.305,-0.316]],"v":[[-1.785,0.656],[0.674,-1.793],[1.779,-1.773],[1.798,-0.669],[-0.65,1.79],[-1.785,1.79]],"c":true},"ix":2},"nm":"Path 1","mn":"ADBE Vector Shape - Group","hd":false},{"ty":"fl","c":{"a":0,"k":[1,1,1,1],"ix":4},"o":{"a":0,"k":100,"ix":5},"r":1,"bm":0,"nm":"Fill 1","mn":"ADBE Vector Graphic - Fill","hd":false},{"ty":"tr","p":{"a":0,"k":[18.929,5.561],"ix":2},"a":{"a":0,"k":[0,0],"ix":1},"s":{"a":0,"k":[100,100],"ix":3},"r":{"a":0,"k":0,"ix":6},"o":{"a":0,"k":100,"ix":7},"sk":{"a":0,"k":0,"ix":4},"sa":{"a":0,"k":0,"ix":5},"nm":"Transform"}],"nm":"Group 9","np":2,"cix":2,"bm":0,"ix":9,"mn":"ADBE Vector Group","hd":false}],"ip":26,"op":116,"st":26,"bm":0},{"ddd":0,"ind":4,"ty":4,"nm":"Layer 1 Outlines","sr":1,"ks":{"o":{"a":0,"k":100,"ix":11},"r":{"a":0,"k":0,"ix":10},"p":{"a":0,"k":[49.209,49.343,0],"ix":2},"a":{"a":0,"k":[48.781,46.979,0],"ix":1},"s":{"a":0,"k":[100,100,100],"ix":6}},"ao":0,"shapes":[{"ty":"gr","it":[{"ind":0,"ty":"sh","ix":1,"ks":{"a":0,"k":{"i":[[0,0],[2.622,1.827],[0,0],[0,0],[15.24,5.7],[3.179,-0.007]],"o":[[-3.195,-0.002],[-15.283,5.649],[0,0],[0,0],[-2.602,1.828],[0,0]],"v":[[0.053,-12.011],[-8.882,-14.82],[-24.176,14.829],[24.176,14.829],[8.936,-14.829],[0.053,-12.01]],"c":true},"ix":2},"nm":"Path 1","mn":"ADBE Vector Shape - Group","hd":false},{"ty":"fl","c":{"a":0,"k":[0.43886494356,0.73270000383,0.65023354923,1],"ix":4},"o":{"a":0,"k":100,"ix":5},"r":1,"bm":0,"nm":"Fill 1","mn":"ADBE Vector Graphic - Fill","hd":false},{"ty":"tr","p":{"a":0,"k":[49.154,78.879],"ix":2},"a":{"a":0,"k":[0,0],"ix":1},"s":{"a":0,"k":[100,100],"ix":3},"r":{"a":0,"k":0,"ix":6},"o":{"a":0,"k":100,"ix":7},"sk":{"a":0,"k":0,"ix":4},"sa":{"a":0,"k":0,"ix":5},"nm":"Transform"}],"nm":"Group 1","np":2,"cix":2,"bm":0,"ix":1,"mn":"ADBE Vector Group","hd":false},{"ty":"gr","it":[{"ind":0,"ty":"sh","ix":1,"ks":{"a":0,"k":{"i":[[3.629,0.963],[0,0],[0,0],[2.812,2.935],[4.062,0.176],[3.054,-2.683],[3.055,0.857],[2.829,-1.435],[1.113,-2.972],[4.411,-0.974],[1.37,-4.305],[0.511,-0.002],[2.104,-2.111],[0,-2.979],[-0.388,-1.155],[-1.04,-3.879],[-3.879,-1.039],[-2.84,2.84],[-4.502,0.015],[-0.601,0.076],[-4.682,2.623],[-4.708,-2.578],[0.211,-0.378],[0.381,0.203],[4.026,-1.798],[0.975,-4.3],[-2.858,-3.358],[-4.401,0.274],[-2.42,3.686],[1.5,4.147],[-0.418,0.15],[-0.149,-0.419],[-0.15,-0.739],[-2.479,0.265],[-1.995,1.495],[-3.359,1.678],[-1.112,3.585],[1.818,3.285]],"o":[[0,0],[0,0],[0,-4.065],[-2.811,-2.936],[-4.061,-0.175],[-1.67,-2.697],[-3.055,-0.856],[-2.829,1.436],[-3.054,-3.328],[-4.41,0.974],[-0.505,-0.074],[-2.979,0.009],[-2.104,2.11],[-0.003,1.218],[-2.84,2.839],[1.039,3.879],[3.879,1.039],[2.883,3.459],[0.606,0],[0.26,-5.362],[4.683,-2.623],[0.374,0.218],[-0.21,0.377],[-3.855,-2.144],[-4.026,1.799],[-0.974,4.301],[2.858,3.359],[4.402,-0.274],[2.419,-3.687],[-0.149,-0.418],[0.419,-0.149],[0.259,0.707],[2.266,1.038],[2.479,-0.265],[3.536,1.262],[3.356,-1.679],[1.113,-3.585],[-1.817,-3.285]],"v":[[37.791,-13.055],[37.791,-13.893],[37.791,-13.892],[33.41,-24.801],[22.7,-29.649],[11.612,-25.742],[4.265,-31.268],[-4.885,-30.368],[-11.016,-23.515],[-23.077,-27.317],[-32.415,-18.788],[-33.941,-18.895],[-41.879,-15.586],[-45.165,-7.639],[-44.582,-4.056],[-47.491,6.802],[-39.542,14.751],[-28.684,11.841],[-17.025,17.278],[-15.212,17.162],[-7.267,4.328],[7.828,4.253],[8.121,5.326],[7.056,5.641],[-5.463,5.093],[-13.407,14.783],[-10.414,26.95],[1.118,31.85],[11.954,25.558],[13.414,13.113],[13.901,12.085],[14.93,12.573],[15.545,14.746],[22.794,15.928],[29.63,13.24],[40.421,12.587],[47.418,4.347],[46.315,-6.406]],"c":true},"ix":2},"nm":"Path 1","mn":"ADBE Vector Shape - Group","hd":false},{"ty":"fl","c":{"a":0,"k":[0.43886494356,0.73270000383,0.65023354923,1],"ix":4},"o":{"a":0,"k":100,"ix":5},"r":1,"bm":0,"nm":"Fill 1","mn":"ADBE Vector Graphic - Fill","hd":false},{"ty":"tr","p":{"a":0,"k":[48.781,32.374],"ix":2},"a":{"a":0,"k":[0,0],"ix":1},"s":{"a":0,"k":[100,100],"ix":3},"r":{"a":0,"k":0,"ix":6},"o":{"a":0,"k":100,"ix":7},"sk":{"a":0,"k":0,"ix":4},"sa":{"a":0,"k":0,"ix":5},"nm":"Transform"}],"nm":"Group 2","np":2,"cix":2,"bm":0,"ix":2,"mn":"ADBE Vector Group","hd":false}],"ip":0,"op":90,"st":0,"bm":0}],"markers":[]}