{"v":"5.5.8","fr":30,"ip":0,"op":91,"w":98,"h":98,"nm":"Abrupt surprises in the thrilleraa","ddd":0,"assets":[{"id":"comp_0","layers":[{"ddd":0,"ind":1,"ty":0,"nm":"Pre-comp 41","refId":"comp_1","sr":1.5,"ks":{"o":{"a":0,"k":100,"ix":11},"r":{"a":0,"k":0,"ix":10},"p":{"a":0,"k":[49,49,0],"ix":2},"a":{"a":0,"k":[49,49,0],"ix":1},"s":{"a":0,"k":[100,100,100],"ix":6}},"ao":0,"w":98,"h":98,"ip":0,"op":90,"st":0,"bm":0},{"ddd":0,"ind":2,"ty":0,"nm":"Pre-comp 42","refId":"comp_2","sr":1.5,"ks":{"o":{"a":0,"k":100,"ix":11},"r":{"a":0,"k":0,"ix":10},"p":{"a":0,"k":[49,49,0],"ix":2},"a":{"a":0,"k":[49,49,0],"ix":1},"s":{"a":0,"k":[100,100,100],"ix":6}},"ao":0,"w":98,"h":98,"ip":0,"op":135,"st":0,"bm":0}]},{"id":"comp_1","layers":[{"ddd":0,"ind":1,"ty":4,"nm":"Layer 2 Outlines 3","sr":1,"ks":{"o":{"a":0,"k":100,"ix":11},"r":{"a":0,"k":0,"ix":10},"p":{"a":1,"k":[{"i":{"x":0.833,"y":0.833},"o":{"x":0.167,"y":0.167},"t":40,"s":[21.383,56.236,0],"to":[0,0.833,0],"ti":[0,-0.833,0]},{"t":60,"s":[21.383,61.236,0]}],"ix":2},"a":{"a":0,"k":[3.326,5.725,0],"ix":1},"s":{"a":0,"k":[100,100,100],"ix":6}},"ao":0,"shapes":[{"ty":"gr","it":[{"ind":0,"ty":"sh","ix":1,"ks":{"a":0,"k":{"i":[[-0.5,1.528],[-0.135,-0.273],[-0.652,-1.407],[-0.133,-0.883],[1.821,-0.022],[-0.219,1.815],[-0.341,1.188]],"o":[[0.192,0.441],[0.691,1.389],[0.383,0.826],[0.269,1.783],[-1.757,0.021],[0.148,-1.22],[0.394,-1.365]],"v":[[-0.635,-5.475],[-0.197,-4.475],[1.874,-0.307],[2.807,2.261],[-0.076,5.454],[-2.857,2.368],[-2.008,-1.241]],"c":true},"ix":2},"nm":"Path 1","mn":"ADBE Vector Shape - Group","hd":false},{"ty":"fl","c":{"a":0,"k":[0.98431372549,0.745098039216,0.266666666667,1],"ix":4},"o":{"a":0,"k":100,"ix":5},"r":1,"bm":0,"nm":"Fill 1","mn":"ADBE Vector Graphic - Fill","hd":false},{"ty":"tr","p":{"a":0,"k":[3.326,5.725],"ix":2},"a":{"a":0,"k":[0,0],"ix":1},"s":{"a":0,"k":[100,100],"ix":3},"r":{"a":0,"k":0,"ix":6},"o":{"a":0,"k":100,"ix":7},"sk":{"a":0,"k":0,"ix":4},"sa":{"a":0,"k":0,"ix":5},"nm":"Transform"}],"nm":"Group 1","np":2,"cix":2,"bm":0,"ix":1,"mn":"ADBE Vector Group","hd":false}],"ip":40,"op":60,"st":40,"bm":0},{"ddd":0,"ind":2,"ty":4,"nm":"Layer 2 Outlines 2","sr":1,"ks":{"o":{"a":0,"k":100,"ix":11},"r":{"a":0,"k":0,"ix":10},"p":{"a":1,"k":[{"i":{"x":0.833,"y":0.833},"o":{"x":0.167,"y":0.167},"t":20,"s":[21.383,56.236,0],"to":[0,0.833,0],"ti":[0,-0.833,0]},{"t":40,"s":[21.383,61.236,0]}],"ix":2},"a":{"a":0,"k":[3.326,5.725,0],"ix":1},"s":{"a":0,"k":[100,100,100],"ix":6}},"ao":0,"shapes":[{"ty":"gr","it":[{"ind":0,"ty":"sh","ix":1,"ks":{"a":0,"k":{"i":[[-0.5,1.528],[-0.135,-0.273],[-0.652,-1.407],[-0.133,-0.883],[1.821,-0.022],[-0.219,1.815],[-0.341,1.188]],"o":[[0.192,0.441],[0.691,1.389],[0.383,0.826],[0.269,1.783],[-1.757,0.021],[0.148,-1.22],[0.394,-1.365]],"v":[[-0.635,-5.475],[-0.197,-4.475],[1.874,-0.307],[2.807,2.261],[-0.076,5.454],[-2.857,2.368],[-2.008,-1.241]],"c":true},"ix":2},"nm":"Path 1","mn":"ADBE Vector Shape - Group","hd":false},{"ty":"fl","c":{"a":0,"k":[0.98431372549,0.745098039216,0.266666666667,1],"ix":4},"o":{"a":0,"k":100,"ix":5},"r":1,"bm":0,"nm":"Fill 1","mn":"ADBE Vector Graphic - Fill","hd":false},{"ty":"tr","p":{"a":0,"k":[3.326,5.725],"ix":2},"a":{"a":0,"k":[0,0],"ix":1},"s":{"a":0,"k":[100,100],"ix":3},"r":{"a":0,"k":0,"ix":6},"o":{"a":0,"k":100,"ix":7},"sk":{"a":0,"k":0,"ix":4},"sa":{"a":0,"k":0,"ix":5},"nm":"Transform"}],"nm":"Group 1","np":2,"cix":2,"bm":0,"ix":1,"mn":"ADBE Vector Group","hd":false}],"ip":20,"op":40,"st":20,"bm":0},{"ddd":0,"ind":3,"ty":4,"nm":"Layer 2 Outlines","sr":1,"ks":{"o":{"a":0,"k":100,"ix":11},"r":{"a":0,"k":0,"ix":10},"p":{"a":1,"k":[{"i":{"x":0.833,"y":0.833},"o":{"x":0.167,"y":0.167},"t":0,"s":[21.383,56.236,0],"to":[0,0.833,0],"ti":[0,-0.833,0]},{"t":20,"s":[21.383,61.236,0]}],"ix":2},"a":{"a":0,"k":[3.326,5.725,0],"ix":1},"s":{"a":0,"k":[100,100,100],"ix":6}},"ao":0,"shapes":[{"ty":"gr","it":[{"ind":0,"ty":"sh","ix":1,"ks":{"a":0,"k":{"i":[[-0.5,1.528],[-0.135,-0.273],[-0.652,-1.407],[-0.133,-0.883],[1.821,-0.022],[-0.219,1.815],[-0.341,1.188]],"o":[[0.192,0.441],[0.691,1.389],[0.383,0.826],[0.269,1.783],[-1.757,0.021],[0.148,-1.22],[0.394,-1.365]],"v":[[-0.635,-5.475],[-0.197,-4.475],[1.874,-0.307],[2.807,2.261],[-0.076,5.454],[-2.857,2.368],[-2.008,-1.241]],"c":true},"ix":2},"nm":"Path 1","mn":"ADBE Vector Shape - Group","hd":false},{"ty":"fl","c":{"a":0,"k":[0.98431372549,0.745098039216,0.266666666667,1],"ix":4},"o":{"a":0,"k":100,"ix":5},"r":1,"bm":0,"nm":"Fill 1","mn":"ADBE Vector Graphic - Fill","hd":false},{"ty":"tr","p":{"a":0,"k":[3.326,5.725],"ix":2},"a":{"a":0,"k":[0,0],"ix":1},"s":{"a":0,"k":[100,100],"ix":3},"r":{"a":0,"k":0,"ix":6},"o":{"a":0,"k":100,"ix":7},"sk":{"a":0,"k":0,"ix":4},"sa":{"a":0,"k":0,"ix":5},"nm":"Transform"}],"nm":"Group 1","np":2,"cix":2,"bm":0,"ix":1,"mn":"ADBE Vector Group","hd":false}],"ip":0,"op":20,"st":0,"bm":0},{"ddd":0,"ind":4,"ty":4,"nm":"Layer 3 Outlines 3","sr":1,"ks":{"o":{"a":0,"k":100,"ix":11},"r":{"a":0,"k":0,"ix":10},"p":{"a":1,"k":[{"i":{"x":0.833,"y":0.833},"o":{"x":0.167,"y":0.167},"t":40,"s":[30.807,75.933,0],"to":[0,1.25,0],"ti":[0,-1.25,0]},{"t":60,"s":[30.807,83.433,0]}],"ix":2},"a":{"a":0,"k":[3.303,5.71,0],"ix":1},"s":{"a":0,"k":[100,100,100],"ix":6}},"ao":0,"shapes":[{"ty":"gr","it":[{"ind":0,"ty":"sh","ix":1,"ks":{"a":0,"k":{"i":[[-0.493,1.521],[-0.973,-1.835],[1.077,-1.01],[1.215,0.473],[-0.104,1.288],[-0.293,1.034]],"o":[[1.003,1.868],[0.918,1.733],[-0.961,0.903],[-1.04,-0.406],[0.087,-1.069],[0.451,-1.593]],"v":[[-0.833,-5.46],[2.135,0.069],[1.899,4.394],[-1.408,4.987],[-2.949,2.389],[-2.332,-0.782]],"c":true},"ix":2},"nm":"Path 1","mn":"ADBE Vector Shape - Group","hd":false},{"ty":"fl","c":{"a":0,"k":[0.98431372549,0.745098039216,0.266666666667,1],"ix":4},"o":{"a":0,"k":100,"ix":5},"r":1,"bm":0,"nm":"Fill 1","mn":"ADBE Vector Graphic - Fill","hd":false},{"ty":"tr","p":{"a":0,"k":[3.303,5.71],"ix":2},"a":{"a":0,"k":[0,0],"ix":1},"s":{"a":0,"k":[100,100],"ix":3},"r":{"a":0,"k":0,"ix":6},"o":{"a":0,"k":100,"ix":7},"sk":{"a":0,"k":0,"ix":4},"sa":{"a":0,"k":0,"ix":5},"nm":"Transform"}],"nm":"Group 1","np":2,"cix":2,"bm":0,"ix":1,"mn":"ADBE Vector Group","hd":false}],"ip":40,"op":60,"st":40,"bm":0},{"ddd":0,"ind":5,"ty":4,"nm":"Layer 3 Outlines 2","sr":1,"ks":{"o":{"a":0,"k":100,"ix":11},"r":{"a":0,"k":0,"ix":10},"p":{"a":1,"k":[{"i":{"x":0.833,"y":0.833},"o":{"x":0.167,"y":0.167},"t":20,"s":[30.807,75.933,0],"to":[0,1.25,0],"ti":[0,-1.25,0]},{"t":40,"s":[30.807,83.433,0]}],"ix":2},"a":{"a":0,"k":[3.303,5.71,0],"ix":1},"s":{"a":0,"k":[100,100,100],"ix":6}},"ao":0,"shapes":[{"ty":"gr","it":[{"ind":0,"ty":"sh","ix":1,"ks":{"a":0,"k":{"i":[[-0.493,1.521],[-0.973,-1.835],[1.077,-1.01],[1.215,0.473],[-0.104,1.288],[-0.293,1.034]],"o":[[1.003,1.868],[0.918,1.733],[-0.961,0.903],[-1.04,-0.406],[0.087,-1.069],[0.451,-1.593]],"v":[[-0.833,-5.46],[2.135,0.069],[1.899,4.394],[-1.408,4.987],[-2.949,2.389],[-2.332,-0.782]],"c":true},"ix":2},"nm":"Path 1","mn":"ADBE Vector Shape - Group","hd":false},{"ty":"fl","c":{"a":0,"k":[0.98431372549,0.745098039216,0.266666666667,1],"ix":4},"o":{"a":0,"k":100,"ix":5},"r":1,"bm":0,"nm":"Fill 1","mn":"ADBE Vector Graphic - Fill","hd":false},{"ty":"tr","p":{"a":0,"k":[3.303,5.71],"ix":2},"a":{"a":0,"k":[0,0],"ix":1},"s":{"a":0,"k":[100,100],"ix":3},"r":{"a":0,"k":0,"ix":6},"o":{"a":0,"k":100,"ix":7},"sk":{"a":0,"k":0,"ix":4},"sa":{"a":0,"k":0,"ix":5},"nm":"Transform"}],"nm":"Group 1","np":2,"cix":2,"bm":0,"ix":1,"mn":"ADBE Vector Group","hd":false}],"ip":20,"op":40,"st":20,"bm":0},{"ddd":0,"ind":6,"ty":4,"nm":"Layer 3 Outlines","sr":1,"ks":{"o":{"a":0,"k":100,"ix":11},"r":{"a":0,"k":0,"ix":10},"p":{"a":1,"k":[{"i":{"x":0.833,"y":0.833},"o":{"x":0.167,"y":0.167},"t":0,"s":[30.807,75.933,0],"to":[0,1.25,0],"ti":[0,-1.25,0]},{"t":20,"s":[30.807,83.433,0]}],"ix":2},"a":{"a":0,"k":[3.303,5.71,0],"ix":1},"s":{"a":0,"k":[100,100,100],"ix":6}},"ao":0,"shapes":[{"ty":"gr","it":[{"ind":0,"ty":"sh","ix":1,"ks":{"a":0,"k":{"i":[[-0.493,1.521],[-0.973,-1.835],[1.077,-1.01],[1.215,0.473],[-0.104,1.288],[-0.293,1.034]],"o":[[1.003,1.868],[0.918,1.733],[-0.961,0.903],[-1.04,-0.406],[0.087,-1.069],[0.451,-1.593]],"v":[[-0.833,-5.46],[2.135,0.069],[1.899,4.394],[-1.408,4.987],[-2.949,2.389],[-2.332,-0.782]],"c":true},"ix":2},"nm":"Path 1","mn":"ADBE Vector Shape - Group","hd":false},{"ty":"fl","c":{"a":0,"k":[0.98431372549,0.745098039216,0.266666666667,1],"ix":4},"o":{"a":0,"k":100,"ix":5},"r":1,"bm":0,"nm":"Fill 1","mn":"ADBE Vector Graphic - Fill","hd":false},{"ty":"tr","p":{"a":0,"k":[3.303,5.71],"ix":2},"a":{"a":0,"k":[0,0],"ix":1},"s":{"a":0,"k":[100,100],"ix":3},"r":{"a":0,"k":0,"ix":6},"o":{"a":0,"k":100,"ix":7},"sk":{"a":0,"k":0,"ix":4},"sa":{"a":0,"k":0,"ix":5},"nm":"Transform"}],"nm":"Group 1","np":2,"cix":2,"bm":0,"ix":1,"mn":"ADBE Vector Group","hd":false}],"ip":0,"op":20,"st":0,"bm":0}]},{"id":"comp_2","layers":[{"ddd":0,"ind":1,"ty":4,"nm":"Layer 1 Outlines 3","sr":1,"ks":{"o":{"a":0,"k":100,"ix":11},"r":{"a":1,"k":[{"i":{"x":[0.667],"y":[1]},"o":{"x":[0.333],"y":[0]},"t":40,"s":[3]},{"i":{"x":[0.667],"y":[1]},"o":{"x":[0.333],"y":[0]},"t":49.655,"s":[-2]},{"t":60,"s":[3]}],"ix":10},"p":{"a":0,"k":[86.2,82.843,0],"ix":2},"a":{"a":0,"k":[77.17,75.093,0],"ix":1},"s":{"a":0,"k":[100,100,100],"ix":6}},"ao":0,"shapes":[{"ty":"gr","it":[{"ind":0,"ty":"sh","ix":1,"ks":{"a":0,"k":{"i":[[0.782,0.009],[0.003,0.74],[-0.742,-0.028],[0.013,-0.755]],"o":[[-0.755,-0.01],[-0.004,-0.745],[0.732,0.027],[-0.013,0.78]],"v":[[-0.004,1.381],[-1.372,0.029],[0.06,-1.362],[1.363,0.054]],"c":true},"ix":2},"nm":"Path 1","mn":"ADBE Vector Shape - Group","hd":false},{"ty":"fl","c":{"a":0,"k":[1,1,1,1],"ix":4},"o":{"a":0,"k":100,"ix":5},"r":1,"bm":0,"nm":"Fill 1","mn":"ADBE Vector Graphic - Fill","hd":false},{"ty":"tr","p":{"a":0,"k":[73.338,70.862],"ix":2},"a":{"a":0,"k":[0,0],"ix":1},"s":{"a":0,"k":[100,100],"ix":3},"r":{"a":0,"k":0,"ix":6},"o":{"a":0,"k":100,"ix":7},"sk":{"a":0,"k":0,"ix":4},"sa":{"a":0,"k":0,"ix":5},"nm":"Transform"}],"nm":"Group 1","np":2,"cix":2,"bm":0,"ix":1,"mn":"ADBE Vector Group","hd":false},{"ty":"gr","it":[{"ind":0,"ty":"sh","ix":1,"ks":{"a":0,"k":{"i":[[1.523,-0.003],[0.032,1.523],[-1.559,0.015],[-0.008,-1.533]],"o":[[-1.501,0.004],[-0.032,-1.561],[1.546,-0.014],[0.008,1.516]],"v":[[14.579,11.394],[11.777,8.616],[14.553,5.75],[17.417,8.549]],"c":true},"ix":2},"nm":"Path 1","mn":"ADBE Vector Shape - Group","hd":false},{"ind":1,"ty":"sh","ix":2,"ks":{"a":0,"k":{"i":[[1.106,1.036],[0.165,0.132],[3.734,2.986],[4.54,5.308],[0.54,0.648],[4.946,-5.244],[-0.035,-0.057],[-1.448,0.39],[-1.975,-0.696],[-1.126,-0.67],[-4.811,-3.73],[-1.477,-2.105],[0.245,-1.114],[-1.34,0.462],[-0.36,0.359],[-0.847,0.98],[-0.913,1.164]],"o":[[-0.154,-0.145],[-3.727,-2.996],[-5.436,-4.346],[-0.556,-0.65],[-5.015,5.316],[0.035,0.056],[1.441,-0.416],[1.953,-0.528],[1.228,0.432],[5.222,3.11],[2.006,1.555],[0.583,0.831],[-0.304,1.381],[0.482,-0.166],[0.915,-0.914],[0.966,-1.119],[0.937,-1.198]],"v":[[21.119,7.435],[20.65,7.008],[9.464,-1.973],[-5.784,-16.147],[-7.421,-18.108],[-22.326,-2.303],[-22.221,-2.134],[-17.896,-3.378],[-11.971,-3.664],[-8.456,-1.901],[6.736,8.152],[12.199,13.41],[12.934,16.216],[14.602,17.646],[15.932,16.834],[18.559,13.975],[21.389,10.555]],"c":true},"ix":2},"nm":"Path 2","mn":"ADBE Vector Shape - Group","hd":false},{"ty":"mm","mm":1,"nm":"Merge Paths 1","mn":"ADBE Vector Filter - Merge","hd":false},{"ty":"fl","c":{"a":0,"k":[1,1,1,1],"ix":4},"o":{"a":0,"k":100,"ix":5},"r":1,"bm":0,"nm":"Fill 1","mn":"ADBE Vector Graphic - Fill","hd":false},{"ty":"tr","p":{"a":0,"k":[58.765,62.329],"ix":2},"a":{"a":0,"k":[0,0],"ix":1},"s":{"a":0,"k":[100,100],"ix":3},"r":{"a":0,"k":0,"ix":6},"o":{"a":0,"k":100,"ix":7},"sk":{"a":0,"k":0,"ix":4},"sa":{"a":0,"k":0,"ix":5},"nm":"Transform"}],"nm":"Group 2","np":4,"cix":2,"bm":0,"ix":2,"mn":"ADBE Vector Group","hd":false},{"ty":"gr","it":[{"ind":0,"ty":"sh","ix":1,"ks":{"a":0,"k":{"i":[[0,0],[2.606,6.373],[-1.135,8.408],[-0.908,-0.787],[-2.535,-2.198],[0,0],[-11.484,-10.114],[5.455,-5.797],[0.355,0.372],[5.223,5.503]],"o":[[-5.09,-4.777],[-3.193,-7.807],[1.016,0.861],[2.535,2.198],[0,0],[11.512,10.139],[-5.357,5.691],[-0.376,-0.341],[-5.241,-5.484],[0,0]],"v":[[-9.689,10.697],[-21.422,-5.79],[-23.894,-30.077],[-21.047,-27.661],[-13.451,-21.055],[-9.345,-17.393],[25.029,12.882],[8.844,30.077],[7.707,29.04],[-7.995,12.566]],"c":true},"ix":2},"nm":"Path 1","mn":"ADBE Vector Shape - Group","hd":false},{"ty":"fl","c":{"a":0,"k":[1,1,1,1],"ix":4},"o":{"a":0,"k":100,"ix":5},"r":1,"bm":0,"nm":"Fill 1","mn":"ADBE Vector Graphic - Fill","hd":false},{"ty":"tr","p":{"a":0,"k":[25.279,30.327],"ix":2},"a":{"a":0,"k":[0,0],"ix":1},"s":{"a":0,"k":[100,100],"ix":3},"r":{"a":0,"k":0,"ix":6},"o":{"a":0,"k":100,"ix":7},"sk":{"a":0,"k":0,"ix":4},"sa":{"a":0,"k":0,"ix":5},"nm":"Transform"}],"nm":"Group 3","np":2,"cix":2,"bm":0,"ix":3,"mn":"ADBE Vector Group","hd":false}],"ip":40,"op":60,"st":40,"bm":0},{"ddd":0,"ind":2,"ty":4,"nm":"Layer 1 Outlines 2","sr":1,"ks":{"o":{"a":0,"k":100,"ix":11},"r":{"a":1,"k":[{"i":{"x":[0.667],"y":[1]},"o":{"x":[0.333],"y":[0]},"t":20,"s":[3]},{"i":{"x":[0.667],"y":[1]},"o":{"x":[0.333],"y":[0]},"t":29.655,"s":[-2]},{"t":40,"s":[3]}],"ix":10},"p":{"a":0,"k":[86.2,82.843,0],"ix":2},"a":{"a":0,"k":[77.17,75.093,0],"ix":1},"s":{"a":0,"k":[100,100,100],"ix":6}},"ao":0,"shapes":[{"ty":"gr","it":[{"ind":0,"ty":"sh","ix":1,"ks":{"a":0,"k":{"i":[[0.782,0.009],[0.003,0.74],[-0.742,-0.028],[0.013,-0.755]],"o":[[-0.755,-0.01],[-0.004,-0.745],[0.732,0.027],[-0.013,0.78]],"v":[[-0.004,1.381],[-1.372,0.029],[0.06,-1.362],[1.363,0.054]],"c":true},"ix":2},"nm":"Path 1","mn":"ADBE Vector Shape - Group","hd":false},{"ty":"fl","c":{"a":0,"k":[1,1,1,1],"ix":4},"o":{"a":0,"k":100,"ix":5},"r":1,"bm":0,"nm":"Fill 1","mn":"ADBE Vector Graphic - Fill","hd":false},{"ty":"tr","p":{"a":0,"k":[73.338,70.862],"ix":2},"a":{"a":0,"k":[0,0],"ix":1},"s":{"a":0,"k":[100,100],"ix":3},"r":{"a":0,"k":0,"ix":6},"o":{"a":0,"k":100,"ix":7},"sk":{"a":0,"k":0,"ix":4},"sa":{"a":0,"k":0,"ix":5},"nm":"Transform"}],"nm":"Group 1","np":2,"cix":2,"bm":0,"ix":1,"mn":"ADBE Vector Group","hd":false},{"ty":"gr","it":[{"ind":0,"ty":"sh","ix":1,"ks":{"a":0,"k":{"i":[[1.523,-0.003],[0.032,1.523],[-1.559,0.015],[-0.008,-1.533]],"o":[[-1.501,0.004],[-0.032,-1.561],[1.546,-0.014],[0.008,1.516]],"v":[[14.579,11.394],[11.777,8.616],[14.553,5.75],[17.417,8.549]],"c":true},"ix":2},"nm":"Path 1","mn":"ADBE Vector Shape - Group","hd":false},{"ind":1,"ty":"sh","ix":2,"ks":{"a":0,"k":{"i":[[1.106,1.036],[0.165,0.132],[3.734,2.986],[4.54,5.308],[0.54,0.648],[4.946,-5.244],[-0.035,-0.057],[-1.448,0.39],[-1.975,-0.696],[-1.126,-0.67],[-4.811,-3.73],[-1.477,-2.105],[0.245,-1.114],[-1.34,0.462],[-0.36,0.359],[-0.847,0.98],[-0.913,1.164]],"o":[[-0.154,-0.145],[-3.727,-2.996],[-5.436,-4.346],[-0.556,-0.65],[-5.015,5.316],[0.035,0.056],[1.441,-0.416],[1.953,-0.528],[1.228,0.432],[5.222,3.11],[2.006,1.555],[0.583,0.831],[-0.304,1.381],[0.482,-0.166],[0.915,-0.914],[0.966,-1.119],[0.937,-1.198]],"v":[[21.119,7.435],[20.65,7.008],[9.464,-1.973],[-5.784,-16.147],[-7.421,-18.108],[-22.326,-2.303],[-22.221,-2.134],[-17.896,-3.378],[-11.971,-3.664],[-8.456,-1.901],[6.736,8.152],[12.199,13.41],[12.934,16.216],[14.602,17.646],[15.932,16.834],[18.559,13.975],[21.389,10.555]],"c":true},"ix":2},"nm":"Path 2","mn":"ADBE Vector Shape - Group","hd":false},{"ty":"mm","mm":1,"nm":"Merge Paths 1","mn":"ADBE Vector Filter - Merge","hd":false},{"ty":"fl","c":{"a":0,"k":[1,1,1,1],"ix":4},"o":{"a":0,"k":100,"ix":5},"r":1,"bm":0,"nm":"Fill 1","mn":"ADBE Vector Graphic - Fill","hd":false},{"ty":"tr","p":{"a":0,"k":[58.765,62.329],"ix":2},"a":{"a":0,"k":[0,0],"ix":1},"s":{"a":0,"k":[100,100],"ix":3},"r":{"a":0,"k":0,"ix":6},"o":{"a":0,"k":100,"ix":7},"sk":{"a":0,"k":0,"ix":4},"sa":{"a":0,"k":0,"ix":5},"nm":"Transform"}],"nm":"Group 2","np":4,"cix":2,"bm":0,"ix":2,"mn":"ADBE Vector Group","hd":false},{"ty":"gr","it":[{"ind":0,"ty":"sh","ix":1,"ks":{"a":0,"k":{"i":[[0,0],[2.606,6.373],[-1.135,8.408],[-0.908,-0.787],[-2.535,-2.198],[0,0],[-11.484,-10.114],[5.455,-5.797],[0.355,0.372],[5.223,5.503]],"o":[[-5.09,-4.777],[-3.193,-7.807],[1.016,0.861],[2.535,2.198],[0,0],[11.512,10.139],[-5.357,5.691],[-0.376,-0.341],[-5.241,-5.484],[0,0]],"v":[[-9.689,10.697],[-21.422,-5.79],[-23.894,-30.077],[-21.047,-27.661],[-13.451,-21.055],[-9.345,-17.393],[25.029,12.882],[8.844,30.077],[7.707,29.04],[-7.995,12.566]],"c":true},"ix":2},"nm":"Path 1","mn":"ADBE Vector Shape - Group","hd":false},{"ty":"fl","c":{"a":0,"k":[1,1,1,1],"ix":4},"o":{"a":0,"k":100,"ix":5},"r":1,"bm":0,"nm":"Fill 1","mn":"ADBE Vector Graphic - Fill","hd":false},{"ty":"tr","p":{"a":0,"k":[25.279,30.327],"ix":2},"a":{"a":0,"k":[0,0],"ix":1},"s":{"a":0,"k":[100,100],"ix":3},"r":{"a":0,"k":0,"ix":6},"o":{"a":0,"k":100,"ix":7},"sk":{"a":0,"k":0,"ix":4},"sa":{"a":0,"k":0,"ix":5},"nm":"Transform"}],"nm":"Group 3","np":2,"cix":2,"bm":0,"ix":3,"mn":"ADBE Vector Group","hd":false}],"ip":20,"op":40,"st":20,"bm":0},{"ddd":0,"ind":3,"ty":4,"nm":"Layer 1 Outlines","sr":1,"ks":{"o":{"a":0,"k":100,"ix":11},"r":{"a":1,"k":[{"i":{"x":[0.667],"y":[1]},"o":{"x":[0.333],"y":[0]},"t":0,"s":[3]},{"i":{"x":[0.667],"y":[1]},"o":{"x":[0.333],"y":[0]},"t":9.655,"s":[-2]},{"t":20,"s":[3]}],"ix":10},"p":{"a":0,"k":[86.2,82.843,0],"ix":2},"a":{"a":0,"k":[77.17,75.093,0],"ix":1},"s":{"a":0,"k":[100,100,100],"ix":6}},"ao":0,"shapes":[{"ty":"gr","it":[{"ind":0,"ty":"sh","ix":1,"ks":{"a":0,"k":{"i":[[0.782,0.009],[0.003,0.74],[-0.742,-0.028],[0.013,-0.755]],"o":[[-0.755,-0.01],[-0.004,-0.745],[0.732,0.027],[-0.013,0.78]],"v":[[-0.004,1.381],[-1.372,0.029],[0.06,-1.362],[1.363,0.054]],"c":true},"ix":2},"nm":"Path 1","mn":"ADBE Vector Shape - Group","hd":false},{"ty":"fl","c":{"a":0,"k":[1,1,1,1],"ix":4},"o":{"a":0,"k":100,"ix":5},"r":1,"bm":0,"nm":"Fill 1","mn":"ADBE Vector Graphic - Fill","hd":false},{"ty":"tr","p":{"a":0,"k":[73.338,70.862],"ix":2},"a":{"a":0,"k":[0,0],"ix":1},"s":{"a":0,"k":[100,100],"ix":3},"r":{"a":0,"k":0,"ix":6},"o":{"a":0,"k":100,"ix":7},"sk":{"a":0,"k":0,"ix":4},"sa":{"a":0,"k":0,"ix":5},"nm":"Transform"}],"nm":"Group 1","np":2,"cix":2,"bm":0,"ix":1,"mn":"ADBE Vector Group","hd":false},{"ty":"gr","it":[{"ind":0,"ty":"sh","ix":1,"ks":{"a":0,"k":{"i":[[1.523,-0.003],[0.032,1.523],[-1.559,0.015],[-0.008,-1.533]],"o":[[-1.501,0.004],[-0.032,-1.561],[1.546,-0.014],[0.008,1.516]],"v":[[14.579,11.394],[11.777,8.616],[14.553,5.75],[17.417,8.549]],"c":true},"ix":2},"nm":"Path 1","mn":"ADBE Vector Shape - Group","hd":false},{"ind":1,"ty":"sh","ix":2,"ks":{"a":0,"k":{"i":[[1.106,1.036],[0.165,0.132],[3.734,2.986],[4.54,5.308],[0.54,0.648],[4.946,-5.244],[-0.035,-0.057],[-1.448,0.39],[-1.975,-0.696],[-1.126,-0.67],[-4.811,-3.73],[-1.477,-2.105],[0.245,-1.114],[-1.34,0.462],[-0.36,0.359],[-0.847,0.98],[-0.913,1.164]],"o":[[-0.154,-0.145],[-3.727,-2.996],[-5.436,-4.346],[-0.556,-0.65],[-5.015,5.316],[0.035,0.056],[1.441,-0.416],[1.953,-0.528],[1.228,0.432],[5.222,3.11],[2.006,1.555],[0.583,0.831],[-0.304,1.381],[0.482,-0.166],[0.915,-0.914],[0.966,-1.119],[0.937,-1.198]],"v":[[21.119,7.435],[20.65,7.008],[9.464,-1.973],[-5.784,-16.147],[-7.421,-18.108],[-22.326,-2.303],[-22.221,-2.134],[-17.896,-3.378],[-11.971,-3.664],[-8.456,-1.901],[6.736,8.152],[12.199,13.41],[12.934,16.216],[14.602,17.646],[15.932,16.834],[18.559,13.975],[21.389,10.555]],"c":true},"ix":2},"nm":"Path 2","mn":"ADBE Vector Shape - Group","hd":false},{"ty":"mm","mm":1,"nm":"Merge Paths 1","mn":"ADBE Vector Filter - Merge","hd":false},{"ty":"fl","c":{"a":0,"k":[1,1,1,1],"ix":4},"o":{"a":0,"k":100,"ix":5},"r":1,"bm":0,"nm":"Fill 1","mn":"ADBE Vector Graphic - Fill","hd":false},{"ty":"tr","p":{"a":0,"k":[58.765,62.329],"ix":2},"a":{"a":0,"k":[0,0],"ix":1},"s":{"a":0,"k":[100,100],"ix":3},"r":{"a":0,"k":0,"ix":6},"o":{"a":0,"k":100,"ix":7},"sk":{"a":0,"k":0,"ix":4},"sa":{"a":0,"k":0,"ix":5},"nm":"Transform"}],"nm":"Group 2","np":4,"cix":2,"bm":0,"ix":2,"mn":"ADBE Vector Group","hd":false},{"ty":"gr","it":[{"ind":0,"ty":"sh","ix":1,"ks":{"a":0,"k":{"i":[[0,0],[2.606,6.373],[-1.135,8.408],[-0.908,-0.787],[-2.535,-2.198],[0,0],[-11.484,-10.114],[5.455,-5.797],[0.355,0.372],[5.223,5.503]],"o":[[-5.09,-4.777],[-3.193,-7.807],[1.016,0.861],[2.535,2.198],[0,0],[11.512,10.139],[-5.357,5.691],[-0.376,-0.341],[-5.241,-5.484],[0,0]],"v":[[-9.689,10.697],[-21.422,-5.79],[-23.894,-30.077],[-21.047,-27.661],[-13.451,-21.055],[-9.345,-17.393],[25.029,12.882],[8.844,30.077],[7.707,29.04],[-7.995,12.566]],"c":true},"ix":2},"nm":"Path 1","mn":"ADBE Vector Shape - Group","hd":false},{"ty":"fl","c":{"a":0,"k":[1,1,1,1],"ix":4},"o":{"a":0,"k":100,"ix":5},"r":1,"bm":0,"nm":"Fill 1","mn":"ADBE Vector Graphic - Fill","hd":false},{"ty":"tr","p":{"a":0,"k":[25.279,30.327],"ix":2},"a":{"a":0,"k":[0,0],"ix":1},"s":{"a":0,"k":[100,100],"ix":3},"r":{"a":0,"k":0,"ix":6},"o":{"a":0,"k":100,"ix":7},"sk":{"a":0,"k":0,"ix":4},"sa":{"a":0,"k":0,"ix":5},"nm":"Transform"}],"nm":"Group 3","np":2,"cix":2,"bm":0,"ix":3,"mn":"ADBE Vector Group","hd":false}],"ip":0,"op":20,"st":0,"bm":0}]}],"layers":[{"ddd":0,"ind":1,"ty":0,"nm":"th","refId":"comp_0","sr":1.01,"ks":{"o":{"a":0,"k":100,"ix":11},"r":{"a":0,"k":0,"ix":10},"p":{"a":0,"k":[60.25,30.75,0],"ix":2},"a":{"a":0,"k":[49,49,0],"ix":1},"s":{"a":0,"k":[58,58,100],"ix":6}},"ao":0,"w":98,"h":98,"ip":0,"op":90.9,"st":0,"bm":0},{"ddd":0,"ind":3,"ty":4,"nm":"Shape Layer 4","sr":1,"ks":{"o":{"a":0,"k":100,"ix":11},"r":{"a":0,"k":0,"ix":10},"p":{"a":0,"k":[61.627,66.329,0],"ix":2},"a":{"a":0,"k":[0,0,0],"ix":1},"s":{"a":0,"k":[34.92,34.92,100],"ix":6}},"ao":0,"shapes":[{"ty":"gr","it":[{"ind":0,"ty":"sh","ix":1,"ks":{"a":0,"k":{"i":[[0,0],[0,0]],"o":[[0,0],[0,0]],"v":[[-38.25,0.5],[104.797,0.609]],"c":false},"ix":2},"nm":"Path 1","mn":"ADBE Vector Shape - Group","hd":false},{"ty":"st","c":{"a":0,"k":[1,1,1,1],"ix":3},"o":{"a":0,"k":100,"ix":4},"w":{"a":0,"k":11,"ix":5},"lc":2,"lj":1,"ml":4,"bm":0,"nm":"Stroke 1","mn":"ADBE Vector Graphic - Stroke","hd":false},{"ty":"fl","c":{"a":0,"k":[0.843137254902,0.81568627451,0.772549019608,1],"ix":4},"o":{"a":0,"k":100,"ix":5},"r":1,"bm":0,"nm":"Fill 1","mn":"ADBE Vector Graphic - Fill","hd":false},{"ty":"tr","p":{"a":0,"k":[0,0],"ix":2},"a":{"a":0,"k":[0,0],"ix":1},"s":{"a":0,"k":[100,100],"ix":3},"r":{"a":0,"k":0,"ix":6},"o":{"a":0,"k":100,"ix":7},"sk":{"a":0,"k":0,"ix":4},"sa":{"a":0,"k":0,"ix":5},"nm":"Transform"}],"nm":"Shape 1","np":3,"cix":2,"bm":0,"ix":1,"mn":"ADBE Vector Group","hd":false},{"ty":"tm","s":{"a":0,"k":0,"ix":1},"e":{"a":1,"k":[{"i":{"x":[0.833],"y":[0.833]},"o":{"x":[0.167],"y":[0.167]},"t":20,"s":[0]},{"t":50,"s":[44]}],"ix":2},"o":{"a":0,"k":0,"ix":3},"m":1,"ix":2,"nm":"Trim Paths 1","mn":"ADBE Vector Filter - Trim","hd":false}],"ip":20,"op":111,"st":20,"bm":0},{"ddd":0,"ind":4,"ty":4,"nm":"Shape Layer 3","sr":1,"ks":{"o":{"a":0,"k":100,"ix":11},"r":{"a":0,"k":0,"ix":10},"p":{"a":0,"k":[51.502,78.329,0],"ix":2},"a":{"a":0,"k":[0,0,0],"ix":1},"s":{"a":0,"k":[34.92,34.92,100],"ix":6}},"ao":0,"shapes":[{"ty":"gr","it":[{"ind":0,"ty":"sh","ix":1,"ks":{"a":0,"k":{"i":[[0,0],[0,0]],"o":[[0,0],[0,0]],"v":[[-38.25,0.5],[104.797,0.609]],"c":false},"ix":2},"nm":"Path 1","mn":"ADBE Vector Shape - Group","hd":false},{"ty":"st","c":{"a":0,"k":[1,1,1,1],"ix":3},"o":{"a":0,"k":100,"ix":4},"w":{"a":0,"k":11,"ix":5},"lc":2,"lj":1,"ml":4,"bm":0,"nm":"Stroke 1","mn":"ADBE Vector Graphic - Stroke","hd":false},{"ty":"fl","c":{"a":0,"k":[0.843137254902,0.81568627451,0.772549019608,1],"ix":4},"o":{"a":0,"k":100,"ix":5},"r":1,"bm":0,"nm":"Fill 1","mn":"ADBE Vector Graphic - Fill","hd":false},{"ty":"tr","p":{"a":0,"k":[0,0],"ix":2},"a":{"a":0,"k":[0,0],"ix":1},"s":{"a":0,"k":[100,100],"ix":3},"r":{"a":0,"k":0,"ix":6},"o":{"a":0,"k":100,"ix":7},"sk":{"a":0,"k":0,"ix":4},"sa":{"a":0,"k":0,"ix":5},"nm":"Transform"}],"nm":"Shape 1","np":3,"cix":2,"bm":0,"ix":1,"mn":"ADBE Vector Group","hd":false},{"ty":"tm","s":{"a":0,"k":0,"ix":1},"e":{"a":1,"k":[{"i":{"x":[0.833],"y":[0.833]},"o":{"x":[0.167],"y":[0.167]},"t":30,"s":[0]},{"t":60,"s":[77]}],"ix":2},"o":{"a":0,"k":0,"ix":3},"m":1,"ix":2,"nm":"Trim Paths 1","mn":"ADBE Vector Filter - Trim","hd":false}],"ip":30,"op":121,"st":30,"bm":0},{"ddd":0,"ind":5,"ty":4,"nm":"Layer 1 Outlines","sr":1,"ks":{"o":{"a":0,"k":100,"ix":11},"r":{"a":0,"k":0,"ix":10},"p":{"a":0,"k":[48.598,48.998,0],"ix":2},"a":{"a":0,"k":[41.372,48.248,0],"ix":1},"s":{"a":0,"k":[100,100,100],"ix":6}},"ao":0,"shapes":[{"ty":"gr","it":[{"ind":0,"ty":"sh","ix":1,"ks":{"a":0,"k":{"i":[[2.641,0],[0,0],[0,0],[0,0],[0,2.663],[0,0]],"o":[[0,0],[0,0],[0,0],[2.641,0],[0,0],[0,-2.64]],"v":[[25.523,-47.998],[-30.322,-47.998],[-30.322,47.998],[25.523,47.998],[30.322,43.198],[30.322,-43.198]],"c":true},"ix":2},"nm":"Path 1","mn":"ADBE Vector Shape - Group","hd":false},{"ty":"fl","c":{"a":0,"k":[0.406414046942,0.715991988837,0.631064919864,1],"ix":4},"o":{"a":0,"k":100,"ix":5},"r":1,"bm":0,"nm":"Fill 1","mn":"ADBE Vector Graphic - Fill","hd":false},{"ty":"tr","p":{"a":0,"k":[52.171,48.248],"ix":2},"a":{"a":0,"k":[0,0],"ix":1},"s":{"a":0,"k":[100,100],"ix":3},"r":{"a":0,"k":0,"ix":6},"o":{"a":0,"k":100,"ix":7},"sk":{"a":0,"k":0,"ix":4},"sa":{"a":0,"k":0,"ix":5},"nm":"Transform"}],"nm":"Group 1","np":2,"cix":2,"bm":0,"ix":1,"mn":"ADBE Vector Group","hd":false},{"ty":"gr","it":[{"ind":0,"ty":"sh","ix":1,"ks":{"a":0,"k":{"i":[[0,-2.641],[0,0],[-2.64,0],[0,0],[0,0],[0,0]],"o":[[0,0],[0,2.664],[0,0],[0,0],[0,0],[-2.64,0]],"v":[[-8.4,-43.198],[-8.4,43.197],[-3.6,47.997],[8.4,47.997],[8.4,-47.997],[-3.6,-47.997]],"c":true},"ix":2},"nm":"Path 1","mn":"ADBE Vector Shape - Group","hd":false},{"ty":"fl","c":{"a":0,"k":[0.984534768497,0.745770143995,0.26626515108,1],"ix":4},"o":{"a":0,"k":100,"ix":5},"r":1,"bm":0,"nm":"Fill 1","mn":"ADBE Vector Graphic - Fill","hd":false},{"ty":"tr","p":{"a":0,"k":[8.65,48.247],"ix":2},"a":{"a":0,"k":[0,0],"ix":1},"s":{"a":0,"k":[100,100],"ix":3},"r":{"a":0,"k":0,"ix":6},"o":{"a":0,"k":100,"ix":7},"sk":{"a":0,"k":0,"ix":4},"sa":{"a":0,"k":0,"ix":5},"nm":"Transform"}],"nm":"Group 2","np":2,"cix":2,"bm":0,"ix":2,"mn":"ADBE Vector Group","hd":false}],"ip":0,"op":91,"st":0,"bm":0}],"markers":[]}