{"v":"5.5.8","fr":29.9700012207031,"ip":0,"op":95.0000038694293,"w":98,"h":98,"nm":"Choose the Most Affordable Services1","ddd":0,"assets":[{"id":"comp_0","layers":[{"ddd":0,"ind":1,"ty":5,"nm":"$","sr":1,"ks":{"o":{"a":0,"k":100,"ix":11},"r":{"a":0,"k":0,"ix":10},"p":{"a":0,"k":[44.828,19.233,0],"ix":2},"a":{"a":0,"k":[0,0,0],"ix":1},"s":{"a":0,"k":[14,14,100],"ix":6}},"ao":0,"t":{"d":{"k":[{"s":{"s":87,"f":"Mont-Bold","t":"$","j":0,"tr":17,"lh":104.4,"ls":0,"fc":[1,1,1]},"t":0}]},"p":{},"m":{"g":1,"a":{"a":0,"k":[0,0],"ix":2}},"a":[]},"ip":0,"op":95.0000038694293,"st":0,"bm":0},{"ddd":0,"ind":2,"ty":4,"nm":"Layer 6 Outlines","sr":1,"ks":{"o":{"a":0,"k":100,"ix":11},"r":{"a":0,"k":0,"ix":10},"p":{"a":0,"k":[48.486,15.801,0],"ix":2},"a":{"a":0,"k":[37.968,42.235,0],"ix":1},"s":{"a":0,"k":[27,27,100],"ix":6}},"ao":0,"shapes":[{"ty":"gr","it":[{"ind":0,"ty":"sh","ix":1,"ks":{"a":0,"k":{"i":[[-0.1,20.725],[-20.631,-0.081],[0.223,-20.825],[20.372,0.341]],"o":[[0.1,-20.707],[20.812,0.081],[-0.22,20.491],[-20.785,-0.347]],"v":[[-37.618,-0.35],[-0.025,-37.754],[37.496,0.345],[-0.467,37.494]],"c":true},"ix":2},"nm":"Path 1","mn":"ADBE Vector Shape - Group","hd":false},{"ty":"fl","c":{"a":0,"k":[0.409363660625,0.712989358341,0.630793133904,1],"ix":4},"o":{"a":0,"k":100,"ix":5},"r":1,"bm":0,"nm":"Fill 1","mn":"ADBE Vector Graphic - Fill","hd":false},{"ty":"tr","p":{"a":0,"k":[37.968,40.006],"ix":2},"a":{"a":0,"k":[0,0],"ix":1},"s":{"a":0,"k":[100,100],"ix":3},"r":{"a":0,"k":0,"ix":6},"o":{"a":0,"k":100,"ix":7},"sk":{"a":0,"k":0,"ix":4},"sa":{"a":0,"k":0,"ix":5},"nm":"Transform"}],"nm":"Group 1","np":2,"cix":2,"bm":0,"ix":1,"mn":"ADBE Vector Group","hd":false}],"ip":0,"op":97.000003950891,"st":0,"bm":0}]}],"fonts":{"list":[{"fName":"Mont-Bold","fFamily":"Mont","fStyle":"Bold","ascent":73.49853515625}]},"layers":[{"ddd":0,"ind":1,"ty":4,"nm":"Layer 7 Outlines","sr":1,"ks":{"o":{"a":0,"k":100,"ix":11},"r":{"a":0,"k":0,"ix":10},"p":{"a":1,"k":[{"i":{"x":0.667,"y":1},"o":{"x":0.333,"y":0},"t":0,"s":[49.129,70.774,0],"to":[0,-0.667,0],"ti":[0,0,0]},{"i":{"x":0.667,"y":1},"o":{"x":0.333,"y":0},"t":47,"s":[49.129,66.774,0],"to":[0,0,0],"ti":[0,-0.667,0]},{"t":94.0000038286985,"s":[49.129,70.774,0]}],"ix":2},"a":{"a":0,"k":[179.666,99.741,0],"ix":1},"s":{"a":0,"k":[27,27,100],"ix":6}},"ao":0,"shapes":[{"ty":"gr","it":[{"ind":0,"ty":"sh","ix":1,"ks":{"a":0,"k":{"i":[[26.953,26.987],[-1.523,1.514],[-9.6,9.642],[-25.682,-25.659],[11.293,-11.353]],"o":[[1.487,-1.17],[10.015,-9.962],[26.362,26.337],[-11.122,11.18],[-25.666,-25.699]],"v":[[-56.266,-22.583],[-51.406,-26.451],[-21.845,-56.089],[56.266,21.95],[22.306,56.089]],"c":true},"ix":2},"nm":"Path 1","mn":"ADBE Vector Shape - Group","hd":false},{"ty":"fl","c":{"a":0,"k":[0.409363660625,0.712989358341,0.630793133904,1],"ix":4},"o":{"a":0,"k":100,"ix":5},"r":1,"bm":0,"nm":"Fill 1","mn":"ADBE Vector Graphic - Fill","hd":false},{"ty":"tr","p":{"a":0,"k":[56.516,143.143],"ix":2},"a":{"a":0,"k":[0,0],"ix":1},"s":{"a":0,"k":[100,100],"ix":3},"r":{"a":0,"k":0,"ix":6},"o":{"a":0,"k":100,"ix":7},"sk":{"a":0,"k":0,"ix":4},"sa":{"a":0,"k":0,"ix":5},"nm":"Transform"}],"nm":"Group 1","np":2,"cix":2,"bm":0,"ix":1,"mn":"ADBE Vector Group","hd":false},{"ty":"gr","it":[{"ind":0,"ty":"sh","ix":1,"ks":{"a":0,"k":{"i":[[2.529,-2.749],[26.615,26.643],[-8.875,7.167],[-9.033,0.005],[-51.144,-0.074],[-0.028,-10.844],[11.999,-0.013],[25.155,0],[1.085,-0.521],[0.286,-1.554],[-2.706,0.001],[-8.662,-0.001],[-17.827,0.023],[-2.149,15.101],[-1.193,1.391],[-16.021,18.294],[-8.296,-7.248],[7.593,-8.783],[23.324,-26.509],[14.612,0.069],[24.152,0.276],[11.949,-13.179]],"o":[[-26.791,-26.819],[8.019,-7.422],[7.041,-5.685],[51.144,-0.031],[11.732,0.017],[0.029,10.976],[-25.156,0.024],[-1.333,0],[-1.973,0.946],[-0.59,3.201],[8.663,-0.005],[17.826,0],[15.408,-0.02],[0.26,-1.836],[15.835,-18.455],[7.71,-8.803],[8.207,7.17],[-23.093,26.712],[-9.441,10.732],[-24.155,-0.115],[-17.672,-0.202],[-2.789,3.076]],"v":[[-79.482,79.59],[-158.859,0.131],[-133.94,-22.681],[-108.984,-30.111],[44.449,-30.093],[64.273,-11.45],[44.037,7.191],[-31.43,7.199],[-35.384,7.301],[-40.615,11.074],[-35.531,14.853],[-9.543,14.855],[43.935,14.849],[71.968,-9.457],[74.227,-14.715],[121.963,-69.88],[150.042,-72.342],[151.266,-44.176],[81.819,35.813],[45.708,52.189],[-26.759,52.089],[-71.332,70.728]],"c":true},"ix":2},"nm":"Path 1","mn":"ADBE Vector Shape - Group","hd":false},{"ty":"fl","c":{"a":0,"k":[0.409363660625,0.712989358341,0.630793133904,1],"ix":4},"o":{"a":0,"k":100,"ix":5},"r":1,"bm":0,"nm":"Fill 1","mn":"ADBE Vector Graphic - Fill","hd":false},{"ty":"tr","p":{"a":0,"k":[200.223,79.841],"ix":2},"a":{"a":0,"k":[0,0],"ix":1},"s":{"a":0,"k":[100,100],"ix":3},"r":{"a":0,"k":0,"ix":6},"o":{"a":0,"k":100,"ix":7},"sk":{"a":0,"k":0,"ix":4},"sa":{"a":0,"k":0,"ix":5},"nm":"Transform"}],"nm":"Group 2","np":2,"cix":2,"bm":0,"ix":2,"mn":"ADBE Vector Group","hd":false}],"ip":0,"op":97.000003950891,"st":0,"bm":0},{"ddd":0,"ind":2,"ty":0,"nm":"Pre-comp 30","refId":"comp_0","sr":1,"ks":{"o":{"a":0,"k":100,"ix":11},"r":{"a":0,"k":0,"ix":10},"p":{"a":0,"k":[48.5,14.75,0],"ix":2},"a":{"a":0,"k":[48.5,14.75,0],"ix":1},"s":{"a":1,"k":[{"i":{"x":[0.833,0.833,0.833],"y":[0.833,0.833,0.833]},"o":{"x":[0.167,0.167,0.167],"y":[0.167,0.167,0.167]},"t":0,"s":[0,0,100]},{"i":{"x":[0.833,0.833,0.833],"y":[0.833,0.833,0.833]},"o":{"x":[0.167,0.167,0.167],"y":[0.167,0.167,0.167]},"t":10,"s":[112,112,100]},{"i":{"x":[0.833,0.833,0.833],"y":[0.833,0.833,0.833]},"o":{"x":[0.167,0.167,0.167],"y":[0.167,0.167,0.167]},"t":20,"s":[90,90,100]},{"t":30.0000012219251,"s":[100,100,100]}],"ix":6}},"ao":0,"w":98,"h":98,"ip":0,"op":95.0000038694293,"st":0,"bm":0},{"ddd":0,"ind":3,"ty":4,"nm":"Layer 5 Outlines 3","parent":4,"sr":1,"ks":{"o":{"a":1,"k":[{"i":{"x":[0.833],"y":[0.833]},"o":{"x":[0.167],"y":[0.167]},"t":40,"s":[0]},{"t":50.0000020365418,"s":[100]}],"ix":11},"r":{"a":0,"k":0,"ix":10},"p":{"a":1,"k":[{"i":{"x":0.833,"y":0.833},"o":{"x":0.167,"y":0.167},"t":40,"s":[-0.791,-3.136,0],"to":[0,1.833,0],"ti":[0,-1.833,0]},{"t":70.0000028511585,"s":[-0.791,7.864,0]}],"ix":2},"a":{"a":0,"k":[48.858,10.056,0],"ix":1},"s":{"a":0,"k":[27,27,100],"ix":6}},"ao":0,"shapes":[{"ty":"gr","it":[{"ind":0,"ty":"sh","ix":1,"ks":{"a":0,"k":{"i":[[12.474,0],[12.807,0.044],[0.114,5.892],[-6.37,0.029],[-25.613,-0.099],[0.008,-5.695],[6.57,-0.018]],"o":[[-12.807,0],[-6.471,-0.022],[-0.115,-5.955],[25.613,-0.118],[6.289,0.024],[-0.007,5.797],[-12.474,0.034]],"v":[[0.342,9.775],[-38.078,9.762],[-48.493,0.303],[-38.54,-9.688],[38.299,-9.697],[48.6,0.1],[37.764,9.765]],"c":true},"ix":2},"nm":"Path 1","mn":"ADBE Vector Shape - Group","hd":false},{"ty":"fl","c":{"a":0,"k":[0.984534768497,0.745770143995,0.26626515108,1],"ix":4},"o":{"a":0,"k":100,"ix":5},"r":1,"bm":0,"nm":"Fill 1","mn":"ADBE Vector Graphic - Fill","hd":false},{"ty":"tr","p":{"a":0,"k":[48.858,10.056],"ix":2},"a":{"a":0,"k":[0,0],"ix":1},"s":{"a":0,"k":[100,100],"ix":3},"r":{"a":0,"k":0,"ix":6},"o":{"a":0,"k":100,"ix":7},"sk":{"a":0,"k":0,"ix":4},"sa":{"a":0,"k":0,"ix":5},"nm":"Transform"}],"nm":"Group 1","np":2,"cix":2,"bm":0,"ix":1,"mn":"ADBE Vector Group","hd":false}],"ip":40.0000016292334,"op":137.000005580124,"st":40.0000016292334,"bm":0},{"ddd":0,"ind":4,"ty":3,"nm":"Null 18","sr":1,"ks":{"o":{"a":0,"k":0,"ix":11},"r":{"a":0,"k":0,"ix":10},"p":{"a":0,"k":[49,34,0],"ix":2},"a":{"a":0,"k":[0,0,0],"ix":1},"s":{"a":0,"k":[100,100,100],"ix":6}},"ao":0,"ip":0,"op":95.0000038694293,"st":0,"bm":0},{"ddd":0,"ind":5,"ty":4,"nm":"Layer 5 Outlines 2","sr":1,"ks":{"o":{"a":1,"k":[{"i":{"x":[0.833],"y":[0.833]},"o":{"x":[0.167],"y":[0.167]},"t":20,"s":[0]},{"t":30.0000012219251,"s":[100]}],"ix":11},"r":{"a":0,"k":0,"ix":10},"p":{"a":1,"k":[{"i":{"x":0.833,"y":0.833},"o":{"x":0.167,"y":0.167},"t":20,"s":[48.209,35.864,0],"to":[0,1.833,0],"ti":[0,-1.833,0]},{"t":50.0000020365418,"s":[48.209,46.864,0]}],"ix":2},"a":{"a":0,"k":[48.858,10.056,0],"ix":1},"s":{"a":0,"k":[27,27,100],"ix":6}},"ao":0,"shapes":[{"ty":"gr","it":[{"ind":0,"ty":"sh","ix":1,"ks":{"a":0,"k":{"i":[[12.474,0],[12.807,0.044],[0.114,5.892],[-6.37,0.029],[-25.613,-0.099],[0.008,-5.695],[6.57,-0.018]],"o":[[-12.807,0],[-6.471,-0.022],[-0.115,-5.955],[25.613,-0.118],[6.289,0.024],[-0.007,5.797],[-12.474,0.034]],"v":[[0.342,9.775],[-38.078,9.762],[-48.493,0.303],[-38.54,-9.688],[38.299,-9.697],[48.6,0.1],[37.764,9.765]],"c":true},"ix":2},"nm":"Path 1","mn":"ADBE Vector Shape - Group","hd":false},{"ty":"fl","c":{"a":0,"k":[0.984534768497,0.745770143995,0.26626515108,1],"ix":4},"o":{"a":0,"k":100,"ix":5},"r":1,"bm":0,"nm":"Fill 1","mn":"ADBE Vector Graphic - Fill","hd":false},{"ty":"tr","p":{"a":0,"k":[48.858,10.056],"ix":2},"a":{"a":0,"k":[0,0],"ix":1},"s":{"a":0,"k":[100,100],"ix":3},"r":{"a":0,"k":0,"ix":6},"o":{"a":0,"k":100,"ix":7},"sk":{"a":0,"k":0,"ix":4},"sa":{"a":0,"k":0,"ix":5},"nm":"Transform"}],"nm":"Group 1","np":2,"cix":2,"bm":0,"ix":1,"mn":"ADBE Vector Group","hd":false}],"ip":20.0000008146167,"op":117.000004765508,"st":20.0000008146167,"bm":0},{"ddd":0,"ind":6,"ty":4,"nm":"Layer 5 Outlines","sr":1,"ks":{"o":{"a":1,"k":[{"i":{"x":[0.833],"y":[0.833]},"o":{"x":[0.167],"y":[0.167]},"t":0,"s":[0]},{"t":10.0000004073083,"s":[100]}],"ix":11},"r":{"a":0,"k":0,"ix":10},"p":{"a":1,"k":[{"i":{"x":0.833,"y":0.833},"o":{"x":0.167,"y":0.167},"t":0,"s":[48.209,40.864,0],"to":[0,1.833,0],"ti":[0,-1.833,0]},{"t":30.0000012219251,"s":[48.209,51.864,0]}],"ix":2},"a":{"a":0,"k":[48.858,10.056,0],"ix":1},"s":{"a":0,"k":[27,27,100],"ix":6}},"ao":0,"shapes":[{"ty":"gr","it":[{"ind":0,"ty":"sh","ix":1,"ks":{"a":0,"k":{"i":[[12.474,0],[12.807,0.044],[0.114,5.892],[-6.37,0.029],[-25.613,-0.099],[0.008,-5.695],[6.57,-0.018]],"o":[[-12.807,0],[-6.471,-0.022],[-0.115,-5.955],[25.613,-0.118],[6.289,0.024],[-0.007,5.797],[-12.474,0.034]],"v":[[0.342,9.775],[-38.078,9.762],[-48.493,0.303],[-38.54,-9.688],[38.299,-9.697],[48.6,0.1],[37.764,9.765]],"c":true},"ix":2},"nm":"Path 1","mn":"ADBE Vector Shape - Group","hd":false},{"ty":"fl","c":{"a":0,"k":[0.984534768497,0.745770143995,0.26626515108,1],"ix":4},"o":{"a":0,"k":100,"ix":5},"r":1,"bm":0,"nm":"Fill 1","mn":"ADBE Vector Graphic - Fill","hd":false},{"ty":"tr","p":{"a":0,"k":[48.858,10.056],"ix":2},"a":{"a":0,"k":[0,0],"ix":1},"s":{"a":0,"k":[100,100],"ix":3},"r":{"a":0,"k":0,"ix":6},"o":{"a":0,"k":100,"ix":7},"sk":{"a":0,"k":0,"ix":4},"sa":{"a":0,"k":0,"ix":5},"nm":"Transform"}],"nm":"Group 1","np":2,"cix":2,"bm":0,"ix":1,"mn":"ADBE Vector Group","hd":false}],"ip":0,"op":97.000003950891,"st":0,"bm":0}],"markers":[],"chars":[{"ch":"$","size":87,"style":"Bold","w":59.6,"data":{"shapes":[{"ty":"gr","it":[{"ind":0,"ty":"sh","ix":1,"ks":{"a":0,"k":{"i":[[0.566,1.767],[0.733,1.234],[1.4,1.1],[1.066,0.634],[1.933,0.634],[1.033,0.3],[2,0.467],[0.5,0.134],[1.066,0.3],[0.466,0.2],[0.766,0.3],[0.333,0.334],[0.4,0.434],[0.166,0.5],[0,0.534],[-1.9,1.034],[-2.6,0],[-1.967,-1.433],[0,-2.733],[0,0],[3.2,3.7],[5.933,0.934],[0,0],[0,0],[0,0],[3.3,-3.366],[0,-5.4],[-0.534,-1.7],[-0.7,-1.2],[-1.367,-1.033],[-1.034,-0.6],[-1.867,-0.633],[-1.034,-0.266],[-2,-0.466],[-0.867,-0.233],[-1.434,-0.5],[-0.634,-0.5],[-0.534,-0.8],[0,-1],[2.166,-1.366],[2.933,0],[1.666,0.667],[1.066,1.434],[0,2],[0,0],[-3.634,-3.966],[-6.267,-0.933],[0,0],[0,0],[0,0],[-3.6,3.567],[0,5.867]],"o":[[-0.567,-1.766],[-0.734,-1.233],[-1.4,-1.1],[-1.067,-0.633],[-1.934,-0.633],[-1.034,-0.3],[-1.267,-0.333],[-0.5,-0.133],[-1.067,-0.3],[-0.467,-0.2],[-0.767,-0.3],[-0.334,-0.333],[-0.4,-0.433],[-0.167,-0.5],[0,-2],[1.9,-1.033],[2.866,0],[1.966,1.434],[0,0],[0,-5.8],[-3.2,-3.7],[0,0],[0,0],[0,0],[-5.8,0.867],[-3.3,3.367],[0,2],[0.533,1.7],[0.7,1.2],[1.366,1.034],[1.033,0.6],[1.866,0.634],[1.033,0.267],[1.933,0.467],[0.866,0.234],[1.433,0.5],[0.633,0.5],[0.533,0.8],[0,2.267],[-2.167,1.367],[-2,0],[-1.667,-0.666],[-1.067,-1.433],[0,0],[0,6.134],[3.633,3.967],[0,0],[0,0],[0,0],[5.933,-0.866],[3.6,-3.566],[0,-2.066]],"v":[[54.85,-26.05],[52.9,-30.55],[49.7,-34.05],[46,-36.65],[41.5,-38.55],[37.05,-39.95],[32.5,-41.1],[29.85,-41.8],[27.5,-42.45],[25.2,-43.2],[23.35,-43.95],[21.7,-44.9],[20.6,-46.05],[19.75,-47.45],[19.5,-49],[22.35,-53.55],[29.1,-55.1],[36.35,-52.95],[39.3,-46.7],[53.7,-46.7],[48.9,-60.95],[35.2,-67.9],[35.2,-74.4],[23.6,-74.4],[23.6,-67.9],[9.95,-61.55],[5,-48.4],[5.8,-42.85],[7.65,-38.5],[10.75,-35.15],[14.35,-32.7],[18.7,-30.85],[23.05,-29.5],[27.6,-28.4],[31.8,-27.35],[35.25,-26.25],[38.35,-24.75],[40.1,-22.8],[40.9,-20.1],[37.65,-14.65],[30,-12.6],[24.5,-13.6],[20.4,-16.75],[18.8,-21.9],[4.1,-21.9],[9.55,-6.75],[24.4,0.6],[24.4,7.6],[36,7.6],[36,0.5],[50.3,-6.15],[55.7,-20.3]],"c":true},"ix":2},"nm":"$","mn":"ADBE Vector Shape - Group","hd":false}],"nm":"$","np":3,"cix":2,"bm":0,"ix":1,"mn":"ADBE Vector Group","hd":false}]},"fFamily":"Mont"}]}