{"v":"5.5.8","fr":30,"ip":0,"op":91,"w":98,"h":98,"nm":"Best Marketing Practices","ddd":0,"assets":[],"layers":[{"ddd":0,"ind":1,"ty":3,"nm":"Null 12","sr":1,"ks":{"o":{"a":0,"k":0,"ix":11},"r":{"a":0,"k":-7,"ix":10},"p":{"a":0,"k":[49,49,0],"ix":2},"a":{"a":0,"k":[0,0,0],"ix":1},"s":{"a":0,"k":[177,177,100],"ix":6}},"ao":0,"ip":0,"op":91,"st":0,"bm":0},{"ddd":0,"ind":2,"ty":4,"nm":"Layer 2 Outlines","parent":1,"sr":1,"ks":{"o":{"a":0,"k":100,"ix":11},"r":{"a":1,"k":[{"i":{"x":[0.667],"y":[1]},"o":{"x":[0.333],"y":[0]},"t":0,"s":[10]},{"t":10,"s":[0]}],"ix":10},"p":{"a":0,"k":[-6.325,20.916,0],"ix":2},"a":{"a":0,"k":[21.985,43.662,0],"ix":1},"s":{"a":0,"k":[100,100,100],"ix":6}},"ao":0,"shapes":[{"ty":"gr","it":[{"ind":0,"ty":"sh","ix":1,"ks":{"a":0,"k":{"i":[[0,0],[0.014,-0.2],[0,0],[0,0],[0.054,-0.184],[0,0],[0.018,-0.032],[0,0],[0,0],[0.016,-0.017],[0.024,-0.024],[0.144,-0.13],[0,0],[0,0],[0,0],[0.367,-0.19],[0.05,-0.016],[0.208,-0.042],[0,0],[0.203,0],[0,0],[0.215,0.014],[0,0],[0,0],[0.096,0.033],[0.029,0.007],[0.213,0.067],[0.08,0.036],[0.295,0.231],[0,0],[0.033,0.034],[0.141,0.165],[0,0],[0,0],[0.033,0.054],[0.077,0.137],[0,0],[0,0],[0,0],[0,0]],"o":[[0,0.179],[0,0],[0,0],[-0.044,0.189],[-0.011,0.039],[0,0],[0,0],[0,0],[0,0],[-0.028,0.032],[-0.13,0.144],[0,0],[0,0],[0,0],[-0.297,0.204],[0,0],[-0.199,0.068],[0,0],[-0.203,0.013],[0,0],[-0.167,0],[0,0],[0,0],[-0.066,-0.005],[-0.032,-0.006],[-0.215,-0.052],[-0.072,-0.024],[-0.442,-0.219],[0,0],[0,0],[-0.154,-0.154],[0,0],[0,0],[-0.073,-0.096],[-0.08,-0.133],[0,0],[0,0],[0,0],[0,0],[0,0]],"v":[[2.119,14.947],[2.104,15.493],[2.089,15.721],[2.039,15.958],[1.895,16.526],[1.733,16.979],[1.518,17.38],[1.228,17.85],[1.121,18.009],[1.053,18.085],[0.969,18.175],[0.551,18.592],[0.348,18.767],[0.311,18.808],[0.264,18.84],[-0.707,19.413],[-1.055,19.548],[-1.663,19.711],[-1.961,19.766],[-2.581,19.79],[-3.147,19.79],[-3.697,19.766],[-3.719,19.764],[-3.752,19.762],[-4.011,19.713],[-4.102,19.694],[-4.757,19.512],[-5.063,19.384],[-6.144,18.724],[-6.134,18.713],[-6.416,18.456],[-6.864,17.97],[-6.855,17.963],[-6.9,17.903],[-7.091,17.64],[-7.321,17.237],[-7.462,16.986],[-7.563,16.705],[-7.753,16.1],[2.119,14.009]],"c":true},"ix":2},"nm":"Path 2","mn":"ADBE Vector Shape - Group","hd":false},{"ind":1,"ty":"sh","ix":2,"ks":{"a":0,"k":{"i":[[0.353,0.617],[0,0],[0.079,0.11],[1.241,2.146],[0,0],[1.096,1.898],[0,0],[1.987,3.451],[0,0],[0.479,0],[0.189,-0.112],[-0.348,-0.619],[0,0],[0,0],[0.706,-0.787],[0,0],[0.479,0],[0.189,-0.113],[-0.352,-0.616],[0,0],[-0.01,-0.017],[0,0],[-0.728,-1.272],[-0.026,-0.035],[0,0],[0,0],[-0.479,0],[-0.192,0.113],[-0.092,0.343],[0.173,0.296],[0,0],[0,0],[-3.502,-0.04],[0,0],[-1.269,0.956],[-0.239,2.122],[0.016,0.773],[0,0],[0,0],[-0.479,0],[-0.189,0.111]],"o":[[0,0],[-0.041,-0.097],[-1.237,-2.15],[0,0],[-1.095,-1.899],[0,0],[-1.99,-3.444],[0,0],[-0.224,-0.39],[-0.231,0],[-0.606,0.355],[0,0],[0,0],[-0.708,0.786],[0,0],[-0.223,-0.39],[-0.229,0],[-0.609,0.356],[0,0],[0.008,0.017],[0,0],[0.733,1.269],[0.022,0.038],[0,0],[0,0],[0.222,0.388],[0.229,0],[0.296,-0.171],[0.089,-0.342],[0,0],[0,0],[0.74,3.261],[0,0],[1.885,0],[1.69,-1.281],[0.087,-0.755],[0,0],[0,0],[0.223,0.391],[0.23,0],[0.611,-0.358]],"v":[[23.632,10.09],[22.476,8.087],[22.304,7.78],[18.583,1.333],[17.004,-1.4],[13.715,-7.091],[13.49,-7.48],[7.522,-17.822],[5.248,-21.77],[4.092,-22.412],[3.453,-22.241],[2.979,-20.44],[3.724,-19.151],[-18.917,6.046],[-21.035,8.406],[-21.365,7.839],[-22.521,7.197],[-23.16,7.369],[-23.633,9.167],[-22.425,11.257],[-22.405,11.31],[-21.016,13.717],[-18.821,17.528],[-18.742,17.629],[-18.328,18.345],[-17.568,19.65],[-16.412,20.29],[-15.771,20.118],[-15.17,19.32],[-15.3,18.32],[-15.62,17.767],[-10.292,16.638],[-3.117,22.411],[-2.973,22.412],[1.78,20.969],[4.729,15.768],[4.788,13.444],[20.6,10.093],[21.364,11.419],[22.52,12.061],[23.159,11.891]],"c":true},"ix":2},"nm":"Path 3","mn":"ADBE Vector Shape - Group","hd":false},{"ty":"mm","mm":1,"nm":"Merge Paths 1","mn":"ADBE Vector Filter - Merge","hd":false},{"ty":"fl","c":{"a":0,"k":[0.360784313725,0.694117647059,0.603921568627,1],"ix":4},"o":{"a":0,"k":100,"ix":5},"r":1,"bm":0,"nm":"Fill 1","mn":"ADBE Vector Graphic - Fill","hd":false},{"ty":"tr","p":{"a":0,"k":[24.235,22.662],"ix":2},"a":{"a":0,"k":[0,0],"ix":1},"s":{"a":0,"k":[100,100],"ix":3},"r":{"a":0,"k":0,"ix":6},"o":{"a":0,"k":100,"ix":7},"sk":{"a":0,"k":0,"ix":4},"sa":{"a":0,"k":0,"ix":5},"nm":"Transform"}],"nm":"Group 1","np":4,"cix":2,"bm":0,"ix":1,"mn":"ADBE Vector Group","hd":false}],"ip":0,"op":91,"st":0,"bm":0},{"ddd":0,"ind":3,"ty":4,"nm":"Ebene 13","parent":1,"sr":1,"ks":{"o":{"a":0,"k":100,"ix":11},"r":{"a":0,"k":-35,"ix":10},"p":{"a":0,"k":[1.49,10.323,0],"ix":2},"a":{"a":0,"k":[518.24,984.823,0],"ix":1},"s":{"a":0,"k":[13,13,100],"ix":6}},"ao":0,"shapes":[{"ty":"gr","it":[{"ty":"gr","it":[{"ty":"gr","it":[{"ty":"gr","it":[{"ind":0,"ty":"sh","ix":1,"ks":{"a":0,"k":{"i":[[0,0],[0,0]],"o":[[0,0],[0,0]],"v":[[-21.167,-9.265],[21.167,9.265]],"c":false},"ix":2},"nm":"Pfad 1","mn":"ADBE Vector Shape - Group","hd":false},{"ty":"st","c":{"a":0,"k":[1,0.737254917622,0.172549024224,0.988235354424],"ix":3},"o":{"a":0,"k":100,"ix":4},"w":{"a":0,"k":17,"ix":5},"lc":2,"lj":1,"ml":4,"bm":0,"nm":"Stroke 1","mn":"ADBE Vector Graphic - Stroke","hd":false},{"ty":"st","c":{"a":0,"k":[1,0.737254901961,0.172549019608,1],"ix":3},"o":{"a":0,"k":100,"ix":4},"w":{"a":0,"k":14,"ix":5},"lc":1,"lj":1,"ml":4,"bm":0,"nm":"Kontur 1","mn":"ADBE Vector Graphic - Stroke","hd":false},{"ty":"tr","p":{"a":0,"k":[0,0],"ix":2},"a":{"a":0,"k":[0,0],"ix":1},"s":{"a":0,"k":[100,100],"ix":3},"r":{"a":0,"k":0,"ix":6},"o":{"a":0,"k":100,"ix":7},"sk":{"a":0,"k":0,"ix":4},"sa":{"a":0,"k":0,"ix":5},"nm":"Transform"}],"nm":"Gruppe 1","np":3,"cix":2,"bm":0,"ix":1,"mn":"ADBE Vector Group","hd":false},{"ty":"tr","p":{"a":0,"k":[667.241,968.966],"ix":2},"a":{"a":0,"k":[0,0],"ix":1},"s":{"a":0,"k":[100,100],"ix":3},"r":{"a":0,"k":0,"ix":6},"o":{"a":0,"k":100,"ix":7},"sk":{"a":0,"k":0,"ix":4},"sa":{"a":0,"k":0,"ix":5},"nm":"Transform"}],"nm":"Gruppe 1","np":1,"cix":2,"bm":0,"ix":1,"mn":"ADBE Vector Group","hd":false},{"ty":"gr","it":[{"ty":"gr","it":[{"ind":0,"ty":"sh","ix":1,"ks":{"a":0,"k":{"i":[[0,0],[0,0]],"o":[[0,0],[0,0]],"v":[[-22.175,6.51],[22.175,-6.51]],"c":false},"ix":2},"nm":"Pfad 1","mn":"ADBE Vector Shape - Group","hd":false},{"ty":"st","c":{"a":0,"k":[1,0.737254917622,0.172549024224,1],"ix":3},"o":{"a":0,"k":100,"ix":4},"w":{"a":0,"k":17,"ix":5},"lc":2,"lj":1,"ml":4,"bm":0,"nm":"Stroke 1","mn":"ADBE Vector Graphic - Stroke","hd":false},{"ty":"st","c":{"a":0,"k":[1,0.737254901961,0.172549019608,1],"ix":3},"o":{"a":0,"k":100,"ix":4},"w":{"a":0,"k":17,"ix":5},"lc":2,"lj":1,"ml":4,"bm":0,"nm":"Kontur 1","mn":"ADBE Vector Graphic - Stroke","hd":false},{"ty":"tr","p":{"a":0,"k":[0,0],"ix":2},"a":{"a":0,"k":[0,0],"ix":1},"s":{"a":0,"k":[100,100],"ix":3},"r":{"a":0,"k":0,"ix":6},"o":{"a":0,"k":100,"ix":7},"sk":{"a":0,"k":0,"ix":4},"sa":{"a":0,"k":0,"ix":5},"nm":"Transform"}],"nm":"Gruppe 1","np":3,"cix":2,"bm":0,"ix":1,"mn":"ADBE Vector Group","hd":false},{"ty":"tr","p":{"a":0,"k":[672.925,879.563],"ix":2},"a":{"a":0,"k":[0,0],"ix":1},"s":{"a":0,"k":[100,100],"ix":3},"r":{"a":0,"k":0,"ix":6},"o":{"a":0,"k":100,"ix":7},"sk":{"a":0,"k":0,"ix":4},"sa":{"a":0,"k":0,"ix":5},"nm":"Transform"}],"nm":"Gruppe 2","np":1,"cix":2,"bm":0,"ix":2,"mn":"ADBE Vector Group","hd":false},{"ty":"gr","it":[{"ty":"gr","it":[{"ind":0,"ty":"sh","ix":1,"ks":{"a":0,"k":{"i":[[0,0],[0,0]],"o":[[0,0],[0,0]],"v":[[-23.065,-1.467],[23.065,1.467]],"c":false},"ix":2},"nm":"Pfad 1","mn":"ADBE Vector Shape - Group","hd":false},{"ty":"st","c":{"a":0,"k":[1,0.737254917622,0.172549024224,1],"ix":3},"o":{"a":0,"k":100,"ix":4},"w":{"a":0,"k":17,"ix":5},"lc":2,"lj":1,"ml":4,"bm":0,"nm":"Stroke 1","mn":"ADBE Vector Graphic - Stroke","hd":false},{"ty":"st","c":{"a":0,"k":[1,0.737254901961,0.172549019608,1],"ix":3},"o":{"a":0,"k":100,"ix":4},"w":{"a":0,"k":17,"ix":5},"lc":1,"lj":1,"ml":4,"bm":0,"nm":"Kontur 1","mn":"ADBE Vector Graphic - Stroke","hd":false},{"ty":"tr","p":{"a":0,"k":[0,0],"ix":2},"a":{"a":0,"k":[0,0],"ix":1},"s":{"a":0,"k":[100,100],"ix":3},"r":{"a":0,"k":0,"ix":6},"o":{"a":0,"k":100,"ix":7},"sk":{"a":0,"k":0,"ix":4},"sa":{"a":0,"k":0,"ix":5},"nm":"Transform"}],"nm":"Gruppe 1","np":3,"cix":2,"bm":0,"ix":1,"mn":"ADBE Vector Group","hd":false},{"ty":"tr","p":{"a":0,"k":[677.963,924.769],"ix":2},"a":{"a":0,"k":[0,0],"ix":1},"s":{"a":0,"k":[100,100],"ix":3},"r":{"a":0,"k":0,"ix":6},"o":{"a":0,"k":100,"ix":7},"sk":{"a":0,"k":0,"ix":4},"sa":{"a":0,"k":0,"ix":5},"nm":"Transform"}],"nm":"Gruppe 3","np":1,"cix":2,"bm":0,"ix":3,"mn":"ADBE Vector Group","hd":false},{"ty":"tr","p":{"a":0,"k":[677.963,924.769],"ix":2},"a":{"a":0,"k":[677.963,924.769],"ix":1},"s":{"a":0,"k":[100,100],"ix":3},"r":{"a":0,"k":0,"ix":6},"o":{"a":0,"k":100,"ix":7},"sk":{"a":0,"k":0,"ix":4},"sa":{"a":0,"k":0,"ix":5},"nm":"Transform"}],"nm":"Gruppe 1","np":3,"cix":2,"bm":0,"ix":1,"mn":"ADBE Vector Group","hd":false},{"ty":"tr","p":{"a":0,"k":[518.24,907.588],"ix":2},"a":{"a":0,"k":[518.24,907.588],"ix":1},"s":{"a":1,"k":[{"i":{"x":[0.667,0.667],"y":[1,1]},"o":{"x":[0.333,0.333],"y":[0,0]},"t":8.909,"s":[97,97]},{"i":{"x":[0.667,0.667],"y":[1,1]},"o":{"x":[0.333,0.333],"y":[0,0]},"t":13,"s":[124,124]},{"i":{"x":[0.667,0.667],"y":[1,1]},"o":{"x":[0.333,0.333],"y":[0,0]},"t":22.546,"s":[131,131]},{"i":{"x":[0.667,0.667],"y":[1,1]},"o":{"x":[0.333,0.333],"y":[0,0]},"t":49.818,"s":[100,100]},{"t":77.0908203125,"s":[131,131]}],"ix":3},"r":{"a":0,"k":0,"ix":6},"o":{"a":1,"k":[{"i":{"x":[0.667],"y":[1]},"o":{"x":[0.333],"y":[0]},"t":8.909,"s":[0]},{"i":{"x":[0.667],"y":[29.086]},"o":{"x":[0.333],"y":[0]},"t":13,"s":[100]},{"i":{"x":[0.667],"y":[23.398]},"o":{"x":[0.333],"y":[-10.402]},"t":49.818,"s":[100]},{"i":{"x":[0.667],"y":[1]},"o":{"x":[0.333],"y":[0.224]},"t":63.454,"s":[100]},{"t":77.0908203125,"s":[0]}],"ix":7},"sk":{"a":0,"k":0,"ix":4},"sa":{"a":0,"k":0,"ix":5},"nm":"Transform"}],"nm":"Striche","np":1,"cix":2,"bm":0,"ix":1,"mn":"ADBE Vector Group","hd":false}],"ip":-72,"op":228,"st":-72,"bm":0}],"markers":[]}