{"v":"5.5.8","fr":25,"ip":0,"op":76,"w":98,"h":98,"nm":"Lead-Generating Strategies","ddd":0,"assets":[],"layers":[{"ddd":0,"ind":1,"ty":4,"nm":"Layer 5 Outlines","sr":1,"ks":{"o":{"a":0,"k":100,"ix":11},"r":{"a":0,"k":0,"ix":10},"p":{"a":0,"k":[70.271,67.706,0],"ix":2},"a":{"a":0,"k":[11.746,11.746,0],"ix":1},"s":{"a":1,"k":[{"i":{"x":[0.667,0.667,0.667],"y":[1,1,1]},"o":{"x":[0.333,0.333,0.333],"y":[0,0,0]},"t":10,"s":[0,0,100]},{"i":{"x":[0.667,0.667,0.667],"y":[1,1,1]},"o":{"x":[0.333,0.333,0.333],"y":[0,0,0]},"t":20,"s":[117,117,100]},{"i":{"x":[0.667,0.667,0.667],"y":[1,1,1]},"o":{"x":[0.333,0.333,0.333],"y":[0,0,0]},"t":30,"s":[84,84,100]},{"t":40,"s":[100,100,100]}],"ix":6}},"ao":0,"shapes":[{"ty":"gr","it":[{"ind":0,"ty":"sh","ix":1,"ks":{"a":0,"k":{"i":[[0,0],[0,0],[0,0],[0.428,-0.429],[0.606,0],[0,1.263],[0,0],[0,0],[0.024,1.252],[-1.263,0],[0,0],[0,0],[-1.262,0],[-0.025,-1.252],[0,0],[0,0],[-0.429,-0.429],[0,-0.606],[1.252,-0.023]],"o":[[0,0],[0,0],[0,0.607],[-0.428,0.427],[-1.262,0],[0,0],[0,0],[-1.253,-0.023],[0,-1.262],[0,0],[0,0],[0,-1.262],[1.252,0.025],[0,0],[0,0],[0.606,0],[0.428,0.427],[-0.024,1.253],[0,0]],"v":[[9.165,2.308],[2.309,2.308],[2.309,9.21],[1.639,10.828],[0.023,11.496],[-2.263,9.21],[-2.263,2.308],[-9.21,2.308],[-11.496,0.023],[-9.21,-2.262],[-2.263,-2.262],[-2.263,-9.211],[0.023,-11.496],[2.309,-9.211],[2.309,-2.262],[9.211,-2.262],[10.827,-1.592],[11.496,0.023],[9.211,2.308]],"c":true},"ix":2},"nm":"Path 1","mn":"ADBE Vector Shape - Group","hd":false},{"ty":"fl","c":{"a":0,"k":[0.981041882085,0.739333268708,0.230312766281,1],"ix":4},"o":{"a":0,"k":100,"ix":5},"r":1,"bm":0,"nm":"Fill 1","mn":"ADBE Vector Graphic - Fill","hd":false},{"ty":"tr","p":{"a":0,"k":[11.746,11.746],"ix":2},"a":{"a":0,"k":[0,0],"ix":1},"s":{"a":0,"k":[100,100],"ix":3},"r":{"a":0,"k":0,"ix":6},"o":{"a":0,"k":100,"ix":7},"sk":{"a":0,"k":0,"ix":4},"sa":{"a":0,"k":0,"ix":5},"nm":"Transform"}],"nm":"Group 1","np":2,"cix":2,"bm":0,"ix":1,"mn":"ADBE Vector Group","hd":false}],"ip":10,"op":86,"st":10,"bm":0},{"ddd":0,"ind":2,"ty":4,"nm":"Layer 4 Outlines","sr":1,"ks":{"o":{"a":0,"k":100,"ix":11},"r":{"a":0,"k":0,"ix":10},"p":{"a":0,"k":[62.382,29.048,0],"ix":2},"a":{"a":0,"k":[16.347,9.423,0],"ix":1},"s":{"a":1,"k":[{"i":{"x":[0.667,0.667,0.667],"y":[1,1,1]},"o":{"x":[0.333,0.333,0.333],"y":[0,0,0]},"t":0,"s":[0,0,100]},{"i":{"x":[0.667,0.667,0.667],"y":[1,1,1]},"o":{"x":[0.333,0.333,0.333],"y":[0,0,0]},"t":10,"s":[117,117,100]},{"i":{"x":[0.667,0.667,0.667],"y":[1,1,1]},"o":{"x":[0.333,0.333,0.333],"y":[0,0,0]},"t":20,"s":[84,84,100]},{"t":30,"s":[100,100,100]}],"ix":6}},"ao":0,"shapes":[{"ty":"gr","it":[{"ind":0,"ty":"sh","ix":1,"ks":{"a":0,"k":{"i":[[-1.262,0],[0,0],[-1.286,-1.286],[0,-1.818],[0,0],[0,0],[0,0],[-0.883,-0.884],[0.884,-0.884],[0,0],[0.284,-0.097],[0.554,0.245],[0.192,0.232],[0,0],[-0.884,0.883],[-0.884,-0.884],[0,0],[0,0],[0.429,0.428],[0.606,0],[0,0],[0,1.262]],"o":[[0,0],[1.819,0],[1.286,1.286],[0,0],[0,0],[0,0],[0.884,-0.884],[0.884,0.883],[0,0],[-0.192,0.232],[-0.554,0.245],[-0.284,-0.097],[0,0],[-0.884,-0.884],[0.883,-0.884],[0,0],[0,0],[0,-0.606],[-0.428,-0.429],[0,0],[-1.262,0],[0,-1.263]],"v":[[-13.812,-9.173],[4.471,-9.173],[9.32,-7.165],[11.328,-2.317],[11.328,1.294],[12.014,0.654],[12.014,0.655],[15.214,0.655],[15.214,3.855],[10.643,8.425],[9.912,8.928],[8.173,8.928],[7.443,8.425],[2.872,3.855],[2.872,0.655],[6.072,0.655],[6.757,1.295],[6.757,-2.317],[6.087,-3.932],[4.473,-4.602],[-13.812,-4.602],[-16.098,-6.887]],"c":true},"ix":2},"nm":"Path 1","mn":"ADBE Vector Shape - Group","hd":false},{"ty":"fl","c":{"a":0,"k":[1,1,1,1],"ix":4},"o":{"a":0,"k":100,"ix":5},"r":1,"bm":0,"nm":"Fill 1","mn":"ADBE Vector Graphic - Fill","hd":false},{"ty":"tr","p":{"a":0,"k":[16.347,9.423],"ix":2},"a":{"a":0,"k":[0,0],"ix":1},"s":{"a":0,"k":[100,100],"ix":3},"r":{"a":0,"k":0,"ix":6},"o":{"a":0,"k":100,"ix":7},"sk":{"a":0,"k":0,"ix":4},"sa":{"a":0,"k":0,"ix":5},"nm":"Transform"}],"nm":"Group 1","np":2,"cix":2,"bm":0,"ix":1,"mn":"ADBE Vector Group","hd":false}],"ip":0,"op":76,"st":0,"bm":0},{"ddd":0,"ind":3,"ty":4,"nm":"Layer 6 Outlines","sr":1,"ks":{"o":{"a":0,"k":100,"ix":11},"r":{"a":0,"k":0,"ix":10},"p":{"a":0,"k":[35.615,69.9,0],"ix":2},"a":{"a":0,"k":[16.348,9.507,0],"ix":1},"s":{"a":1,"k":[{"i":{"x":[0.667,0.667,0.667],"y":[1,1,1]},"o":{"x":[0.333,0.333,0.333],"y":[0,0,0]},"t":20,"s":[0,0,100]},{"i":{"x":[0.667,0.667,0.667],"y":[1,1,1]},"o":{"x":[0.333,0.333,0.333],"y":[0,0,0]},"t":30,"s":[117,117,100]},{"i":{"x":[0.667,0.667,0.667],"y":[1,1,1]},"o":{"x":[0.333,0.333,0.333],"y":[0,0,0]},"t":40,"s":[84,84,100]},{"t":50,"s":[100,100,100]}],"ix":6}},"ao":0,"shapes":[{"ty":"gr","it":[{"ind":0,"ty":"sh","ix":1,"ks":{"a":0,"k":{"i":[[1.263,0],[0,0],[1.286,1.286],[0,1.818],[0,0],[0,0],[0,0],[0.883,0.885],[-0.884,0.883],[0,0],[-0.308,0.146],[-0.557,-0.23],[-0.193,-0.232],[0,0],[0,0],[0,-0.606],[0.442,-0.414],[0.607,0],[0.416,0.443],[0,0],[0,0],[-0.429,-0.429],[-0.606,0],[0,0],[0,-1.263]],"o":[[0,0],[-1.818,0],[-1.285,-1.286],[0,0],[0,0],[0,0],[-0.884,0.885],[-0.884,-0.883],[0,0],[0.167,-0.299],[0.558,-0.23],[0.285,0.096],[0,0],[0,0],[0.442,0.414],[0,0.606],[-0.415,0.443],[-0.606,0],[0,0],[0,0],[0,0.606],[0.429,0.428],[0,0],[1.263,0],[0,1.263]],"v":[[13.812,9.257],[-4.473,9.257],[-9.32,7.249],[-11.329,2.4],[-11.329,-1.21],[-12.014,-0.57],[-12.014,-0.572],[-15.214,-0.572],[-15.214,-3.771],[-10.643,-8.342],[-9.913,-9.027],[-8.174,-9.027],[-7.443,-8.525],[-2.872,-3.954],[-2.872,-3.954],[-2.18,-2.354],[-2.872,-0.755],[-4.473,-0.061],[-6.072,-0.755],[-6.758,-1.212],[-6.758,2.4],[-6.089,4.016],[-4.473,4.687],[13.812,4.687],[16.098,6.971]],"c":true},"ix":2},"nm":"Path 1","mn":"ADBE Vector Shape - Group","hd":false},{"ty":"fl","c":{"a":0,"k":[1,1,1,1],"ix":4},"o":{"a":0,"k":100,"ix":5},"r":1,"bm":0,"nm":"Fill 1","mn":"ADBE Vector Graphic - Fill","hd":false},{"ty":"tr","p":{"a":0,"k":[16.347,9.506],"ix":2},"a":{"a":0,"k":[0,0],"ix":1},"s":{"a":0,"k":[100,100],"ix":3},"r":{"a":0,"k":0,"ix":6},"o":{"a":0,"k":100,"ix":7},"sk":{"a":0,"k":0,"ix":4},"sa":{"a":0,"k":0,"ix":5},"nm":"Transform"}],"nm":"Group 1","np":2,"cix":2,"bm":0,"ix":1,"mn":"ADBE Vector Group","hd":false}],"ip":20,"op":96,"st":20,"bm":0},{"ddd":0,"ind":4,"ty":4,"nm":"Layer 7 Outlines","sr":1,"ks":{"o":{"a":0,"k":100,"ix":11},"r":{"a":0,"k":0,"ix":10},"p":{"a":0,"k":[26.726,29.302,0],"ix":2},"a":{"a":0,"k":[15.351,15.351,0],"ix":1},"s":{"a":1,"k":[{"i":{"x":[0.667,0.667,0.667],"y":[1,1,1]},"o":{"x":[0.333,0.333,0.333],"y":[0,0,0]},"t":30,"s":[0,0,100]},{"i":{"x":[0.667,0.667,0.667],"y":[1,1,1]},"o":{"x":[0.333,0.333,0.333],"y":[0,0,0]},"t":40,"s":[117,117,100]},{"i":{"x":[0.667,0.667,0.667],"y":[1,1,1]},"o":{"x":[0.333,0.333,0.333],"y":[0,0,0]},"t":50,"s":[84,84,100]},{"t":60,"s":[100,100,100]}],"ix":6}},"ao":0,"shapes":[{"ty":"gr","it":[{"ind":0,"ty":"sh","ix":1,"ks":{"a":0,"k":{"i":[[0,2.082],[-1.472,1.472],[-2.082,0],[-1.472,-1.473],[0,-2.082],[1.473,-1.473],[2.082,0],[1.472,1.471]],"o":[[0,-2.082],[1.472,-1.473],[2.082,0],[1.473,1.472],[0,2.082],[-1.472,1.471],[-2.082,0],[-1.472,-1.473]],"v":[[-7.851,0],[-5.552,-5.551],[0,-7.851],[5.551,-5.551],[7.851,0],[5.551,5.552],[0,7.851],[-5.552,5.552]],"c":true},"ix":2},"nm":"Path 1","mn":"ADBE Vector Shape - Group","hd":false},{"ty":"st","c":{"a":0,"k":[1,1,1,1],"ix":3},"o":{"a":0,"k":100,"ix":4},"w":{"a":0,"k":3,"ix":5},"lc":1,"lj":1,"ml":10,"bm":0,"nm":"Stroke 1","mn":"ADBE Vector Graphic - Stroke","hd":false},{"ty":"tr","p":{"a":0,"k":[15.351,15.351],"ix":2},"a":{"a":0,"k":[0,0],"ix":1},"s":{"a":0,"k":[100,100],"ix":3},"r":{"a":0,"k":0,"ix":6},"o":{"a":0,"k":100,"ix":7},"sk":{"a":0,"k":0,"ix":4},"sa":{"a":0,"k":0,"ix":5},"nm":"Transform"}],"nm":"Group 1","np":2,"cix":2,"bm":0,"ix":1,"mn":"ADBE Vector Group","hd":false}],"ip":30,"op":106,"st":30,"bm":0},{"ddd":0,"ind":5,"ty":4,"nm":"Layer 1 Outlines","sr":1,"ks":{"o":{"a":0,"k":100,"ix":11},"r":{"a":0,"k":0,"ix":10},"p":{"a":0,"k":[49.004,48.516,0],"ix":2},"a":{"a":0,"k":[48.246,44.604,0],"ix":1},"s":{"a":0,"k":[100,100,100],"ix":6}},"ao":0,"shapes":[{"ty":"gr","it":[{"ind":0,"ty":"sh","ix":1,"ks":{"a":0,"k":{"i":[[1.818,0],[0,0],[1.286,-1.286],[0,-1.818],[0,0],[-1.286,-1.285],[-1.818,0],[0,0],[-1.286,1.286],[0,1.818],[0,0],[1.285,1.286]],"o":[[0,0],[-1.818,0],[-1.286,1.286],[0,0],[0,1.818],[1.286,1.286],[0,0],[1.818,0],[1.285,-1.285],[0,0],[0,-1.818],[-1.286,-1.286]],"v":[[41.14,-44.354],[-41.139,-44.354],[-45.988,-42.346],[-47.995,-37.498],[-47.995,37.497],[-45.988,42.345],[-41.139,44.354],[41.14,44.354],[45.989,42.345],[47.995,37.497],[47.995,-37.498],[45.989,-42.346]],"c":true},"ix":2},"nm":"Path 1","mn":"ADBE Vector Shape - Group","hd":false},{"ty":"fl","c":{"a":0,"k":[0.394319392186,0.706160601448,0.62085278081,1],"ix":4},"o":{"a":0,"k":100,"ix":5},"r":1,"bm":0,"nm":"Fill 1","mn":"ADBE Vector Graphic - Fill","hd":false},{"ty":"tr","p":{"a":0,"k":[48.246,44.604],"ix":2},"a":{"a":0,"k":[0,0],"ix":1},"s":{"a":0,"k":[100,100],"ix":3},"r":{"a":0,"k":0,"ix":6},"o":{"a":0,"k":100,"ix":7},"sk":{"a":0,"k":0,"ix":4},"sa":{"a":0,"k":0,"ix":5},"nm":"Transform"}],"nm":"Group 1","np":2,"cix":2,"bm":0,"ix":1,"mn":"ADBE Vector Group","hd":false}],"ip":0,"op":76,"st":0,"bm":0}],"markers":[]}