{"v":"5.5.8","fr":30,"ip":0,"op":91,"w":54,"h":74,"nm":"Book Cover Designs ","ddd":0,"assets":[],"layers":[{"ddd":0,"ind":1,"ty":4,"nm":"Layer 2 Outlines 2","sr":1,"ks":{"o":{"a":0,"k":100,"ix":11},"r":{"a":0,"k":0,"ix":10},"p":{"a":0,"k":[43.2,65.613,0],"ix":2},"a":{"a":0,"k":[10.276,3.204,0],"ix":1},"s":{"a":1,"k":[{"i":{"x":[0.667,0.667,0.667],"y":[1,1,1]},"o":{"x":[0.333,0.333,0.333],"y":[0,0,0]},"t":67,"s":[0,0,100]},{"t":77,"s":[100,100,100]}],"ix":6}},"ao":0,"shapes":[{"ty":"gr","it":[{"ind":0,"ty":"sh","ix":1,"ks":{"a":0,"k":{"i":[[-0.017,-0.596],[1.099,0],[0,1.161],[-1.157,0.105]],"o":[[0,0.848],[-0.85,-0.001],[0.001,-0.789],[1.007,-0.093]],"v":[[0.975,0.128],[-0.124,0.976],[-0.974,-0.186],[0.192,-0.998]],"c":true},"ix":2},"nm":"Path 1","mn":"ADBE Vector Shape - Group","hd":false},{"ind":1,"ty":"sh","ix":2,"ks":{"a":0,"k":{"i":[[0.016,1.248],[0.721,0.021],[1.316,-0.039],[0.018,-0.739],[0,-0.624],[-0.017,-0.624],[-0.772,-0.016],[-1.271,0.027],[-0.01,0.77]],"o":[[-0.01,-0.737],[-1.316,-0.038],[-0.719,0.021],[-0.016,0.624],[0,0.624],[0.02,0.768],[1.271,0.026],[0.77,-0.017],[0.017,-1.248]],"v":[[3.057,-1.868],[1.974,-3.039],[-1.977,-3.039],[-3.056,-1.864],[-3.059,0.009],[-3.056,1.881],[-1.904,3.051],[1.91,3.051],[3.056,1.876]],"c":true},"ix":2},"nm":"Path 2","mn":"ADBE Vector Shape - Group","hd":false},{"ty":"mm","mm":1,"nm":"Merge Paths 1","mn":"ADBE Vector Filter - Merge","hd":false},{"ty":"fl","c":{"a":0,"k":[1,1,1,1],"ix":4},"o":{"a":0,"k":100,"ix":5},"r":1,"bm":0,"nm":"Fill 1","mn":"ADBE Vector Graphic - Fill","hd":false},{"ty":"tr","p":{"a":0,"k":[10.478,3.328],"ix":2},"a":{"a":0,"k":[0,0],"ix":1},"s":{"a":0,"k":[100,100],"ix":3},"r":{"a":0,"k":0,"ix":6},"o":{"a":0,"k":100,"ix":7},"sk":{"a":0,"k":0,"ix":4},"sa":{"a":0,"k":0,"ix":5},"nm":"Transform"}],"nm":"Group 1","np":4,"cix":2,"bm":0,"ix":1,"mn":"ADBE Vector Group","hd":false}],"ip":67,"op":158,"st":67,"bm":0},{"ddd":0,"ind":2,"ty":4,"nm":"Layer 2 Outlines","sr":1,"ks":{"o":{"a":0,"k":100,"ix":11},"r":{"a":0,"k":0,"ix":10},"p":{"a":0,"k":[36.2,65.613,0],"ix":2},"a":{"a":0,"k":[3.276,3.204,0],"ix":1},"s":{"a":1,"k":[{"i":{"x":[0.667,0.667,0.667],"y":[1,1,1]},"o":{"x":[0.333,0.333,0.333],"y":[0,0,0]},"t":57,"s":[0,0,100]},{"t":67,"s":[100,100,100]}],"ix":6}},"ao":0,"shapes":[{"ty":"gr","it":[{"ind":0,"ty":"sh","ix":1,"ks":{"a":0,"k":{"i":[[0.027,-0.408],[1.062,0.001],[-0.014,1.147],[-1.331,0.11]],"o":[[0,1.123],[-0.888,0],[0.011,-0.954],[0.922,-0.076]],"v":[[0.968,-0.152],[-0.094,0.969],[-0.978,-0.178],[0.182,-1.003]],"c":true},"ix":2},"nm":"Path 1","mn":"ADBE Vector Shape - Group","hd":false},{"ind":1,"ty":"sh","ix":2,"ks":{"a":0,"k":{"i":[[0.026,1.321],[0.645,0.014],[1.32,-0.027],[0.012,-0.659],[-0.029,-1.343],[-0.627,-0.023],[-0.648,0],[0,0],[-0.671,0.031],[-0.017,0.713]],"o":[[-0.012,-0.66],[-1.32,-0.027],[-0.646,0.014],[-0.021,1.344],[0.013,0.623],[0.647,0.025],[0,0],[0.672,0],[0.715,-0.033],[0.034,-1.319]],"v":[[3.036,-1.997],[1.975,-3.049],[-1.988,-3.049],[-3.05,-1.997],[-3.042,2.035],[-2.022,3.038],[-0.076,3.044],[-0.076,3.051],[1.941,3.044],[3.037,1.964]],"c":true},"ix":2},"nm":"Path 2","mn":"ADBE Vector Shape - Group","hd":false},{"ty":"mm","mm":1,"nm":"Merge Paths 1","mn":"ADBE Vector Filter - Merge","hd":false},{"ty":"fl","c":{"a":0,"k":[1,0.736496450387,0.170620428347,1],"ix":4},"o":{"a":0,"k":100,"ix":5},"r":1,"bm":0,"nm":"Fill 1","mn":"ADBE Vector Graphic - Fill","hd":false},{"ty":"tr","p":{"a":0,"k":[3.321,3.333],"ix":2},"a":{"a":0,"k":[0,0],"ix":1},"s":{"a":0,"k":[100,100],"ix":3},"r":{"a":0,"k":0,"ix":6},"o":{"a":0,"k":100,"ix":7},"sk":{"a":0,"k":0,"ix":4},"sa":{"a":0,"k":0,"ix":5},"nm":"Transform"}],"nm":"Group 2","np":4,"cix":2,"bm":0,"ix":1,"mn":"ADBE Vector Group","hd":false}],"ip":57,"op":148,"st":57,"bm":0},{"ddd":0,"ind":3,"ty":4,"nm":"Layer 4 Outlines","sr":1,"ks":{"o":{"a":0,"k":100,"ix":11},"r":{"a":1,"k":[{"i":{"x":[0.667],"y":[1]},"o":{"x":[0.333],"y":[0]},"t":0,"s":[0]},{"i":{"x":[0.667],"y":[1]},"o":{"x":[0.333],"y":[0]},"t":10,"s":[5]},{"i":{"x":[0.667],"y":[1]},"o":{"x":[0.333],"y":[0]},"t":20,"s":[-5]},{"i":{"x":[0.667],"y":[1]},"o":{"x":[0.333],"y":[0]},"t":30,"s":[5]},{"i":{"x":[0.667],"y":[1]},"o":{"x":[0.333],"y":[0]},"t":40,"s":[-5]},{"i":{"x":[0.667],"y":[1]},"o":{"x":[0.333],"y":[0]},"t":50,"s":[5]},{"i":{"x":[0.667],"y":[1]},"o":{"x":[0.333],"y":[0]},"t":60,"s":[-5]},{"i":{"x":[0.667],"y":[1]},"o":{"x":[0.333],"y":[0]},"t":70,"s":[5]},{"i":{"x":[0.667],"y":[1]},"o":{"x":[0.333],"y":[0]},"t":80,"s":[-5]},{"t":90,"s":[0]}],"ix":10},"p":{"a":0,"k":[26.732,56.49,0],"ix":2},"a":{"a":0,"k":[15.899,41.01,0],"ix":1},"s":{"a":0,"k":[100,100,100],"ix":6}},"ao":0,"shapes":[{"ty":"gr","it":[{"ind":0,"ty":"sh","ix":1,"ks":{"a":0,"k":{"i":[[0.484,-0.006],[0.114,-0.488],[0.001,-0.3],[-0.016,-4.704],[0.717,0.103],[0.613,5.043],[-6.117,1.535],[-0.826,-6.682],[6.284,-1.421],[0,1.331],[0.026,1.182],[-0.315,0.261],[-1.815,1.514],[-0.058,0.372],[0.399,0.243],[0.372,-0.297],[0.729,-0.608],[0.957,-0.797],[0.006,2.221],[0.073,0.286]],"o":[[-0.482,0.006],[-0.067,0.289],[-0.004,4.705],[0.002,0.555],[-5.06,-0.725],[-0.758,-6.25],[6.531,-1.64],[0.791,6.387],[-1.296,0.293],[0,-1.182],[-0.009,-0.41],[1.825,-1.502],[0.269,-0.225],[0.072,-0.453],[-0.427,-0.258],[-0.741,0.594],[-0.815,0.679],[0,-2.391],[-0.001,-0.299],[-0.124,-0.482]],"v":[[-0.656,-10.519],[-1.618,-9.773],[-1.689,-8.876],[-1.682,5.238],[-2.41,5.924],[-12.337,-4.109],[-3.277,-17.271],[11.038,-7.46],[1.693,5.82],[0.398,4.782],[0.389,1.236],[0.826,0.294],[6.271,-4.245],[6.868,-5.065],[6.404,-6.138],[5.176,-6.037],[2.984,-4.217],[0.398,-2.062],[0.395,-8.895],[0.32,-9.79]],"c":true},"ix":2},"nm":"Path 1","mn":"ADBE Vector Shape - Group","hd":false},{"ind":1,"ty":"sh","ix":2,"ks":{"a":0,"k":{"i":[[-0.004,0.518],[0,3.337],[-1.249,0.183],[-0.226,0.049],[5.205,8.06],[0.879,0.898],[1.621,0.953],[0.061,0.032],[3.698,-1.118],[1.6,-1.734],[0.166,-0.132],[0.587,-1.099],[0.094,-0.21],[-6.3,-3.458],[-1.81,-0.227],[0.001,-0.427],[0,-1.475],[0.215,0.124],[1.323,0.761],[0.414,-0.38],[-0.157,-0.421],[-0.301,-0.174],[-1.691,-0.956],[0.009,-0.428],[-0.045,-1.274],[0.4,-0.026],[0,0]],"o":[[0.027,-3.338],[0,-1.22],[0.228,-0.033],[9.395,-2.01],[-0.637,-0.986],[0,0],[-0.06,-0.026],[-3.418,-1.798],[-2.26,0.683],[-0.157,0.17],[-0.693,0.803],[-0.13,0.315],[-2.94,6.557],[1.601,0.879],[0.206,0.025],[-0.003,1.381],[-0.316,-0.168],[-1.319,-0.766],[-0.461,-0.266],[-0.347,0.318],[0.13,0.349],[1.679,0.975],[0.37,0.209],[-0.029,1.274],[0.018,0.501],[0,0],[-0.481,-0.039]],"v":[[0.385,19.368],[0.398,9.355],[1.646,7.954],[2.326,7.814],[11.07,-13.225],[8.783,-15.981],[6.089,-17.906],[5.908,-17.989],[-4.777,-19.017],[-10.607,-15.404],[-11.092,-14.955],[-13.029,-12.126],[-13.335,-11.387],[-7.363,6.401],[-2.249,8.05],[-1.691,8.385],[-1.693,12.623],[-2.445,12.222],[-6.404,9.923],[-7.753,10.016],[-7.98,11.168],[-7.229,11.856],[-2.184,14.773],[-1.68,15.644],[-1.676,19.468],[-2.221,20.135],[0.962,20.135]],"c":true},"ix":2},"nm":"Path 2","mn":"ADBE Vector Shape - Group","hd":false},{"ty":"mm","mm":1,"nm":"Merge Paths 1","mn":"ADBE Vector Filter - Merge","hd":false},{"ty":"fl","c":{"a":0,"k":[1,1,1,1],"ix":4},"o":{"a":0,"k":100,"ix":5},"r":1,"bm":0,"nm":"Fill 1","mn":"ADBE Vector Graphic - Fill","hd":false},{"ty":"tr","p":{"a":0,"k":[16.524,20.385],"ix":2},"a":{"a":0,"k":[0,0],"ix":1},"s":{"a":0,"k":[100,100],"ix":3},"r":{"a":0,"k":0,"ix":6},"o":{"a":0,"k":100,"ix":7},"sk":{"a":0,"k":0,"ix":4},"sa":{"a":0,"k":0,"ix":5},"nm":"Transform"}],"nm":"Group 1","np":4,"cix":2,"bm":0,"ix":1,"mn":"ADBE Vector Group","hd":false}],"ip":0,"op":93,"st":0,"bm":0},{"ddd":0,"ind":4,"ty":4,"nm":"Shape Layer 20","sr":1,"ks":{"o":{"a":0,"k":100,"ix":11},"r":{"a":0,"k":0,"ix":10},"p":{"a":0,"k":[9.688,61.812,0],"ix":2},"a":{"a":0,"k":[-8.75,-12.438,0],"ix":1},"s":{"a":0,"k":[100,100,100],"ix":6}},"ao":0,"shapes":[{"ty":"gr","it":[{"ind":0,"ty":"sh","ix":1,"ks":{"a":0,"k":{"i":[[0,0],[0,0]],"o":[[0,0],[0,0]],"v":[[1.625,-12.625],[-9.188,-12.562]],"c":false},"ix":2},"nm":"Path 1","mn":"ADBE Vector Shape - Group","hd":false},{"ty":"st","c":{"a":0,"k":[1,0.737254901961,0.172549019608,1],"ix":3},"o":{"a":0,"k":100,"ix":4},"w":{"a":0,"k":2,"ix":5},"lc":2,"lj":1,"ml":4,"bm":0,"nm":"Stroke 1","mn":"ADBE Vector Graphic - Stroke","hd":false},{"ty":"tr","p":{"a":0,"k":[0,0],"ix":2},"a":{"a":0,"k":[0,0],"ix":1},"s":{"a":0,"k":[100,100],"ix":3},"r":{"a":0,"k":0,"ix":6},"o":{"a":0,"k":100,"ix":7},"sk":{"a":0,"k":0,"ix":4},"sa":{"a":0,"k":0,"ix":5},"nm":"Transform"}],"nm":"Shape 1","np":3,"cix":2,"bm":0,"ix":1,"mn":"ADBE Vector Group","hd":false},{"ty":"tm","s":{"a":1,"k":[{"i":{"x":[0.833],"y":[0.833]},"o":{"x":[0.167],"y":[0.167]},"t":41,"s":[100]},{"t":61,"s":[0]}],"ix":1},"e":{"a":0,"k":100,"ix":2},"o":{"a":0,"k":0,"ix":3},"m":1,"ix":2,"nm":"Trim Paths 1","mn":"ADBE Vector Filter - Trim","hd":false}],"ip":41,"op":124,"st":41,"bm":0},{"ddd":0,"ind":5,"ty":4,"nm":"Shape Layer 18","sr":1,"ks":{"o":{"a":0,"k":100,"ix":11},"r":{"a":0,"k":0,"ix":10},"p":{"a":0,"k":[33.812,48.062,0],"ix":2},"a":{"a":0,"k":[-8.75,-12.438,0],"ix":1},"s":{"a":0,"k":[100,100,100],"ix":6}},"ao":0,"shapes":[{"ty":"gr","it":[{"ind":0,"ty":"sh","ix":1,"ks":{"a":0,"k":{"i":[[0,0],[0,0]],"o":[[0,0],[0,0]],"v":[[1.625,-12.625],[-9.188,-12.562]],"c":false},"ix":2},"nm":"Path 1","mn":"ADBE Vector Shape - Group","hd":false},{"ty":"st","c":{"a":0,"k":[1,0.737254901961,0.172549019608,1],"ix":3},"o":{"a":0,"k":100,"ix":4},"w":{"a":0,"k":2,"ix":5},"lc":2,"lj":1,"ml":4,"bm":0,"nm":"Stroke 1","mn":"ADBE Vector Graphic - Stroke","hd":false},{"ty":"tr","p":{"a":0,"k":[0,0],"ix":2},"a":{"a":0,"k":[0,0],"ix":1},"s":{"a":0,"k":[100,100],"ix":3},"r":{"a":0,"k":0,"ix":6},"o":{"a":0,"k":100,"ix":7},"sk":{"a":0,"k":0,"ix":4},"sa":{"a":0,"k":0,"ix":5},"nm":"Transform"}],"nm":"Shape 1","np":3,"cix":2,"bm":0,"ix":1,"mn":"ADBE Vector Group","hd":false},{"ty":"tm","s":{"a":1,"k":[{"i":{"x":[0.833],"y":[0.833]},"o":{"x":[0.167],"y":[0.167]},"t":20,"s":[100]},{"t":40,"s":[0]}],"ix":1},"e":{"a":0,"k":100,"ix":2},"o":{"a":0,"k":0,"ix":3},"m":1,"ix":2,"nm":"Trim Paths 1","mn":"ADBE Vector Filter - Trim","hd":false}],"ip":20,"op":103,"st":20,"bm":0},{"ddd":0,"ind":6,"ty":4,"nm":"Shape Layer 16","sr":1,"ks":{"o":{"a":0,"k":100,"ix":11},"r":{"a":0,"k":0,"ix":10},"p":{"a":0,"k":[7.688,8.688,0],"ix":2},"a":{"a":0,"k":[-8.75,-12.438,0],"ix":1},"s":{"a":0,"k":[100,100,100],"ix":6}},"ao":0,"shapes":[{"ty":"gr","it":[{"ind":0,"ty":"sh","ix":1,"ks":{"a":0,"k":{"i":[[0,0],[0,0]],"o":[[0,0],[0,0]],"v":[[-7.125,-12.625],[-9.188,-12.562]],"c":false},"ix":2},"nm":"Path 1","mn":"ADBE Vector Shape - Group","hd":false},{"ty":"st","c":{"a":0,"k":[1,0.737254901961,0.172549019608,1],"ix":3},"o":{"a":0,"k":100,"ix":4},"w":{"a":0,"k":2,"ix":5},"lc":2,"lj":1,"ml":4,"bm":0,"nm":"Stroke 1","mn":"ADBE Vector Graphic - Stroke","hd":false},{"ty":"tr","p":{"a":0,"k":[0,0],"ix":2},"a":{"a":0,"k":[0,0],"ix":1},"s":{"a":0,"k":[100,100],"ix":3},"r":{"a":0,"k":0,"ix":6},"o":{"a":0,"k":100,"ix":7},"sk":{"a":0,"k":0,"ix":4},"sa":{"a":0,"k":0,"ix":5},"nm":"Transform"}],"nm":"Shape 1","np":3,"cix":2,"bm":0,"ix":1,"mn":"ADBE Vector Group","hd":false},{"ty":"tm","s":{"a":1,"k":[{"i":{"x":[0.833],"y":[0.833]},"o":{"x":[0.167],"y":[0.167]},"t":0,"s":[100]},{"t":20,"s":[0]}],"ix":1},"e":{"a":0,"k":100,"ix":2},"o":{"a":0,"k":0,"ix":3},"m":1,"ix":2,"nm":"Trim Paths 1","mn":"ADBE Vector Filter - Trim","hd":false}],"ip":0,"op":94,"st":0,"bm":0},{"ddd":0,"ind":7,"ty":4,"nm":"Shape Layer 21","sr":1,"ks":{"o":{"a":0,"k":100,"ix":11},"r":{"a":0,"k":0,"ix":10},"p":{"a":0,"k":[9.25,68.125,0],"ix":2},"a":{"a":0,"k":[-8.75,-12.438,0],"ix":1},"s":{"a":0,"k":[100,100,100],"ix":6}},"ao":0,"shapes":[{"ty":"gr","it":[{"ind":0,"ty":"sh","ix":1,"ks":{"a":0,"k":{"i":[[0,0],[0,0]],"o":[[0,0],[0,0]],"v":[[-3.125,-12.562],[-9.188,-12.562]],"c":false},"ix":2},"nm":"Path 1","mn":"ADBE Vector Shape - Group","hd":false},{"ty":"st","c":{"a":0,"k":[1,1,1,1],"ix":3},"o":{"a":0,"k":100,"ix":4},"w":{"a":0,"k":2,"ix":5},"lc":2,"lj":1,"ml":4,"bm":0,"nm":"Stroke 1","mn":"ADBE Vector Graphic - Stroke","hd":false},{"ty":"tr","p":{"a":0,"k":[0,0],"ix":2},"a":{"a":0,"k":[0,0],"ix":1},"s":{"a":0,"k":[100,100],"ix":3},"r":{"a":0,"k":0,"ix":6},"o":{"a":0,"k":100,"ix":7},"sk":{"a":0,"k":0,"ix":4},"sa":{"a":0,"k":0,"ix":5},"nm":"Transform"}],"nm":"Shape 1","np":3,"cix":2,"bm":0,"ix":1,"mn":"ADBE Vector Group","hd":false},{"ty":"tm","s":{"a":1,"k":[{"i":{"x":[0.833],"y":[0.833]},"o":{"x":[0.167],"y":[0.167]},"t":67,"s":[100]},{"t":87,"s":[0]}],"ix":1},"e":{"a":0,"k":100,"ix":2},"o":{"a":0,"k":0,"ix":3},"m":1,"ix":2,"nm":"Trim Paths 1","mn":"ADBE Vector Filter - Trim","hd":false}],"ip":67,"op":150,"st":67,"bm":0},{"ddd":0,"ind":8,"ty":4,"nm":"Shape Layer 19","sr":1,"ks":{"o":{"a":0,"k":100,"ix":11},"r":{"a":0,"k":0,"ix":10},"p":{"a":0,"k":[9.25,65,0],"ix":2},"a":{"a":0,"k":[-8.75,-12.438,0],"ix":1},"s":{"a":0,"k":[100,100,100],"ix":6}},"ao":0,"shapes":[{"ty":"gr","it":[{"ind":0,"ty":"sh","ix":1,"ks":{"a":0,"k":{"i":[[0,0],[0,0]],"o":[[0,0],[0,0]],"v":[[-1,-12.562],[-9.188,-12.562]],"c":false},"ix":2},"nm":"Path 1","mn":"ADBE Vector Shape - Group","hd":false},{"ty":"st","c":{"a":0,"k":[1,1,1,1],"ix":3},"o":{"a":0,"k":100,"ix":4},"w":{"a":0,"k":2,"ix":5},"lc":2,"lj":1,"ml":4,"bm":0,"nm":"Stroke 1","mn":"ADBE Vector Graphic - Stroke","hd":false},{"ty":"tr","p":{"a":0,"k":[0,0],"ix":2},"a":{"a":0,"k":[0,0],"ix":1},"s":{"a":0,"k":[100,100],"ix":3},"r":{"a":0,"k":0,"ix":6},"o":{"a":0,"k":100,"ix":7},"sk":{"a":0,"k":0,"ix":4},"sa":{"a":0,"k":0,"ix":5},"nm":"Transform"}],"nm":"Shape 1","np":3,"cix":2,"bm":0,"ix":1,"mn":"ADBE Vector Group","hd":false},{"ty":"tm","s":{"a":1,"k":[{"i":{"x":[0.833],"y":[0.833]},"o":{"x":[0.167],"y":[0.167]},"t":51,"s":[100]},{"t":71,"s":[0]}],"ix":1},"e":{"a":0,"k":100,"ix":2},"o":{"a":0,"k":0,"ix":3},"m":1,"ix":2,"nm":"Trim Paths 1","mn":"ADBE Vector Filter - Trim","hd":false}],"ip":51,"op":134,"st":51,"bm":0},{"ddd":0,"ind":9,"ty":4,"nm":"Shape Layer 17","sr":1,"ks":{"o":{"a":0,"k":100,"ix":11},"r":{"a":0,"k":0,"ix":10},"p":{"a":0,"k":[33.375,51.25,0],"ix":2},"a":{"a":0,"k":[-8.75,-12.438,0],"ix":1},"s":{"a":0,"k":[100,100,100],"ix":6}},"ao":0,"shapes":[{"ty":"gr","it":[{"ind":0,"ty":"sh","ix":1,"ks":{"a":0,"k":{"i":[[0,0],[0,0]],"o":[[0,0],[0,0]],"v":[[2.25,-12.562],[-9.188,-12.562]],"c":false},"ix":2},"nm":"Path 1","mn":"ADBE Vector Shape - Group","hd":false},{"ty":"st","c":{"a":0,"k":[1,1,1,1],"ix":3},"o":{"a":0,"k":100,"ix":4},"w":{"a":0,"k":2,"ix":5},"lc":2,"lj":1,"ml":4,"bm":0,"nm":"Stroke 1","mn":"ADBE Vector Graphic - Stroke","hd":false},{"ty":"tr","p":{"a":0,"k":[0,0],"ix":2},"a":{"a":0,"k":[0,0],"ix":1},"s":{"a":0,"k":[100,100],"ix":3},"r":{"a":0,"k":0,"ix":6},"o":{"a":0,"k":100,"ix":7},"sk":{"a":0,"k":0,"ix":4},"sa":{"a":0,"k":0,"ix":5},"nm":"Transform"}],"nm":"Shape 1","np":3,"cix":2,"bm":0,"ix":1,"mn":"ADBE Vector Group","hd":false},{"ty":"tm","s":{"a":1,"k":[{"i":{"x":[0.833],"y":[0.833]},"o":{"x":[0.167],"y":[0.167]},"t":30,"s":[100]},{"t":50,"s":[0]}],"ix":1},"e":{"a":0,"k":100,"ix":2},"o":{"a":0,"k":0,"ix":3},"m":1,"ix":2,"nm":"Trim Paths 1","mn":"ADBE Vector Filter - Trim","hd":false}],"ip":30,"op":113,"st":30,"bm":0},{"ddd":0,"ind":10,"ty":4,"nm":"Shape Layer 6","sr":1,"ks":{"o":{"a":0,"k":100,"ix":11},"r":{"a":0,"k":0,"ix":10},"p":{"a":0,"k":[13.25,8.625,0],"ix":2},"a":{"a":0,"k":[-8.75,-12.438,0],"ix":1},"s":{"a":0,"k":[100,100,100],"ix":6}},"ao":0,"shapes":[{"ty":"gr","it":[{"ind":0,"ty":"sh","ix":1,"ks":{"a":0,"k":{"i":[[0,0],[0,0]],"o":[[0,0],[0,0]],"v":[[-4.875,-12.562],[-9.188,-12.562]],"c":false},"ix":2},"nm":"Path 1","mn":"ADBE Vector Shape - Group","hd":false},{"ty":"st","c":{"a":0,"k":[1,1,1,1],"ix":3},"o":{"a":0,"k":100,"ix":4},"w":{"a":0,"k":2,"ix":5},"lc":2,"lj":1,"ml":4,"bm":0,"nm":"Stroke 1","mn":"ADBE Vector Graphic - Stroke","hd":false},{"ty":"tr","p":{"a":0,"k":[0,0],"ix":2},"a":{"a":0,"k":[0,0],"ix":1},"s":{"a":0,"k":[100,100],"ix":3},"r":{"a":0,"k":0,"ix":6},"o":{"a":0,"k":100,"ix":7},"sk":{"a":0,"k":0,"ix":4},"sa":{"a":0,"k":0,"ix":5},"nm":"Transform"}],"nm":"Shape 1","np":3,"cix":2,"bm":0,"ix":1,"mn":"ADBE Vector Group","hd":false},{"ty":"tm","s":{"a":1,"k":[{"i":{"x":[0.833],"y":[0.833]},"o":{"x":[0.167],"y":[0.167]},"t":10,"s":[100]},{"t":30,"s":[0]}],"ix":1},"e":{"a":0,"k":100,"ix":2},"o":{"a":0,"k":0,"ix":3},"m":1,"ix":2,"nm":"Trim Paths 1","mn":"ADBE Vector Filter - Trim","hd":false}],"ip":10,"op":93,"st":10,"bm":0},{"ddd":0,"ind":11,"ty":4,"nm":"Layer 1 Outlines","sr":1,"ks":{"o":{"a":0,"k":100,"ix":11},"r":{"a":0,"k":0,"ix":10},"p":{"a":0,"k":[27.264,37.436,0],"ix":2},"a":{"a":0,"k":[25.993,35.864,0],"ix":1},"s":{"a":0,"k":[100,100,100],"ix":6}},"ao":0,"shapes":[{"ty":"gr","it":[{"ind":0,"ty":"sh","ix":1,"ks":{"a":0,"k":{"i":[[0,13.932],[0.009,0.138],[0.616,-0.017],[0.035,-0.665],[0,-0.208],[-0.016,-10.084],[0.554,0.002],[7.256,-0.027],[0.106,0.114],[0,0],[0.287,0.001],[3.801,0],[3.129,-0.021],[-0.022,0.456],[0,0.765],[0.019,1.043],[0.6,0.081],[0.166,-0.53],[0,-0.253],[0.014,-6.977],[-0.582,-0.353],[0,0],[0.05,0.642],[0.663,0.114],[0.371,0],[6.837,0],[0,1.278],[0,3.197],[-1.318,0],[-12.979,0],[-1.9,-0.007],[-0.003,-0.79],[0.005,-2.572],[0.348,-0.567],[1.436,0.001],[4.797,-0.002],[0.344,-0.06],[0.045,-0.572],[-0.587,-0.156],[0,0],[-0.577,0.302],[0,2.534]],"o":[[0,-0.139],[-0.044,-0.7],[-0.583,0.016],[-0.011,0.208],[0,10.084],[0.001,0.533],[-7.256,-0.02],[-0.311,0.001],[0,0],[-0.109,0.12],[-3.802,-0.023],[-3.13,0],[-0.458,0.003],[0.038,-0.763],[-0.001,-1.043],[-0.01,-0.577],[-0.562,-0.076],[-0.074,0.235],[-0.004,6.977],[-0.001,0.646],[0,0],[0.587,-0.156],[-0.046,-0.572],[-0.367,-0.063],[-6.837,-0.001],[-1.252,-0.001],[0,-3.198],[0,-1.341],[12.978,-0.001],[1.9,0],[0.828,0.003],[0.008,2.573],[-0.001,0.664],[-0.757,1.236],[-4.798,-0.003],[-0.347,0],[-0.663,0.114],[-0.051,0.642],[0,0],[0.608,-0.205],[2.288,-1.193],[-0.002,-13.932]],"v":[[25.734,-23.243],[25.73,-23.66],[24.656,-24.768],[23.65,-23.667],[23.646,-23.042],[23.659,7.21],[22.984,7.896],[1.217,7.9],[0.62,7.736],[-1.71,7.736],[-2.286,7.895],[-13.691,7.883],[-23.079,7.894],[-23.654,7.318],[-23.643,5.023],[-23.65,1.895],[-24.549,0.844],[-25.663,1.562],[-25.727,2.318],[-25.738,23.249],[-25.038,24.785],[-0.277,24.785],[0.601,23.639],[-0.553,22.52],[-1.663,22.478],[-22.173,22.477],[-23.426,21.197],[-23.426,11.604],[-22.107,10.262],[16.829,10.262],[22.529,10.264],[23.426,11.115],[23.426,18.831],[22.924,20.688],[19.605,22.478],[5.214,22.478],[4.173,22.52],[3.021,23.639],[3.898,24.785],[20.59,24.785],[22.424,24.206],[25.734,18.551]],"c":true},"ix":2},"nm":"Path 1","mn":"ADBE Vector Shape - Group","hd":false},{"ty":"fl","c":{"a":0,"k":[1,1,1,1],"ix":4},"o":{"a":0,"k":100,"ix":5},"r":1,"bm":0,"nm":"Fill 1","mn":"ADBE Vector Graphic - Fill","hd":false},{"ty":"tr","p":{"a":0,"k":[25.993,46.693],"ix":2},"a":{"a":0,"k":[0,0],"ix":1},"s":{"a":0,"k":[100,100],"ix":3},"r":{"a":0,"k":0,"ix":6},"o":{"a":0,"k":100,"ix":7},"sk":{"a":0,"k":0,"ix":4},"sa":{"a":0,"k":0,"ix":5},"nm":"Transform"}],"nm":"Group 1","np":2,"cix":2,"bm":0,"ix":1,"mn":"ADBE Vector Group","hd":false},{"ty":"gr","it":[{"ind":0,"ty":"sh","ix":1,"ks":{"a":0,"k":{"i":[[-7.302,0],[-7.278,-0.007],[-0.805,-2.75],[-0.001,-0.603],[0.003,-3.801],[0.053,-0.197],[0.569,0.031],[0.105,0.506],[0,0.232],[0.002,3.708],[2.663,0],[14.139,0.024],[0,-0.56],[0.001,-13.351],[0.045,-0.247],[0.565,-0.015],[0.123,0.537],[0,0.231],[-0.001,13.814],[-1.317,0]],"o":[[7.278,0],[2.949,0.003],[0.171,0.581],[0.002,3.801],[0,0.208],[-0.144,0.531],[-0.535,-0.029],[-0.047,-0.223],[-0.001,-3.708],[-0.001,-2.68],[-14.14,-0.001],[-0.66,-0.002],[0.015,13.35],[0,0.254],[-0.097,0.542],[-0.568,0.015],[-0.051,-0.222],[-0.002,-13.814],[0,-1.285],[7.301,0]],"v":[[-2.213,-22.275],[19.621,-22.273],[25.512,-17.939],[25.733,-16.154],[25.732,-4.751],[25.69,-4.129],[24.625,-3.333],[23.675,-4.183],[23.648,-4.876],[23.646,-16.001],[19.487,-20.188],[-22.931,-20.207],[-23.654,-19.434],[-23.643,20.618],[-23.665,21.38],[-24.657,22.265],[-25.692,21.431],[-25.728,20.739],[-25.729,-20.703],[-24.117,-22.275]],"c":true},"ix":2},"nm":"Path 1","mn":"ADBE Vector Shape - Group","hd":false},{"ty":"fl","c":{"a":0,"k":[1,1,1,1],"ix":4},"o":{"a":0,"k":100,"ix":5},"r":1,"bm":0,"nm":"Fill 1","mn":"ADBE Vector Graphic - Fill","hd":false},{"ty":"tr","p":{"a":0,"k":[25.993,22.53],"ix":2},"a":{"a":0,"k":[0,0],"ix":1},"s":{"a":0,"k":[100,100],"ix":3},"r":{"a":0,"k":0,"ix":6},"o":{"a":0,"k":100,"ix":7},"sk":{"a":0,"k":0,"ix":4},"sa":{"a":0,"k":0,"ix":5},"nm":"Transform"}],"nm":"Group 2","np":2,"cix":2,"bm":0,"ix":2,"mn":"ADBE Vector Group","hd":false}],"ip":0,"op":93,"st":0,"bm":0}],"markers":[]}