{"v":"5.5.8","fr":30,"ip":0,"op":91,"w":89,"h":98,"nm":"Exclusive E-Book Writing Services","ddd":0,"assets":[],"layers":[{"ddd":0,"ind":1,"ty":4,"nm":"Layer 2 Outlines","sr":1,"ks":{"o":{"a":0,"k":100,"ix":11},"r":{"a":0,"k":0,"ix":10},"p":{"a":0,"k":[14.146,12.457,0],"ix":2},"a":{"a":0,"k":[3.169,3.168,0],"ix":1},"s":{"a":1,"k":[{"i":{"x":[0.667,0.667,0.667],"y":[1,1,1]},"o":{"x":[0.333,0.333,0.333],"y":[0,0,0]},"t":7,"s":[0,0,100]},{"i":{"x":[0.667,0.667,0.667],"y":[1,1,1]},"o":{"x":[0.333,0.333,0.333],"y":[0,0,0]},"t":17,"s":[110,110,100]},{"t":27,"s":[100,100,100]}],"ix":6}},"ao":0,"shapes":[{"ty":"gr","it":[{"ind":0,"ty":"sh","ix":1,"ks":{"a":0,"k":{"i":[[0,-1.611],[1.611,0],[0,1.612],[-1.613,0]],"o":[[0,1.612],[-1.613,0],[0,-1.611],[1.611,0]],"v":[[2.919,0],[0.001,2.918],[-2.919,0],[0.001,-2.918]],"c":true},"ix":2},"nm":"Path 1","mn":"ADBE Vector Shape - Group","hd":false},{"ty":"fl","c":{"a":0,"k":[0.367762995701,0.691943239698,0.605688416724,1],"ix":4},"o":{"a":0,"k":100,"ix":5},"r":1,"bm":0,"nm":"Fill 1","mn":"ADBE Vector Graphic - Fill","hd":false},{"ty":"tr","p":{"a":0,"k":[3.169,3.168],"ix":2},"a":{"a":0,"k":[0,0],"ix":1},"s":{"a":0,"k":[100,100],"ix":3},"r":{"a":0,"k":0,"ix":6},"o":{"a":0,"k":100,"ix":7},"sk":{"a":0,"k":0,"ix":4},"sa":{"a":0,"k":0,"ix":5},"nm":"Transform"}],"nm":"Group 1","np":2,"cix":2,"bm":0,"ix":1,"mn":"ADBE Vector Group","hd":false}],"ip":-17,"op":98,"st":7,"bm":0},{"ddd":0,"ind":2,"ty":4,"nm":"Layer 3 Outlines","sr":1,"ks":{"o":{"a":0,"k":100,"ix":11},"r":{"a":0,"k":0,"ix":10},"p":{"a":0,"k":[29.686,12.457,0],"ix":2},"a":{"a":0,"k":[3.169,3.168,0],"ix":1},"s":{"a":1,"k":[{"i":{"x":[0.667,0.667,0.667],"y":[1,1,1]},"o":{"x":[0.333,0.333,0.333],"y":[0,0,0]},"t":17,"s":[0,0,100]},{"i":{"x":[0.667,0.667,0.667],"y":[1,1,1]},"o":{"x":[0.333,0.333,0.333],"y":[0,0,0]},"t":27,"s":[110,110,100]},{"t":37,"s":[100,100,100]}],"ix":6}},"ao":0,"shapes":[{"ty":"gr","it":[{"ind":0,"ty":"sh","ix":1,"ks":{"a":0,"k":{"i":[[0,-1.611],[1.611,0],[0,1.612],[-1.613,0]],"o":[[0,1.612],[-1.613,0],[0,-1.611],[1.611,0]],"v":[[2.919,0],[0.001,2.918],[-2.919,0],[0.001,-2.918]],"c":true},"ix":2},"nm":"Path 1","mn":"ADBE Vector Shape - Group","hd":false},{"ty":"fl","c":{"a":0,"k":[1,0.736496450387,0.170620428347,1],"ix":4},"o":{"a":0,"k":100,"ix":5},"r":1,"bm":0,"nm":"Fill 1","mn":"ADBE Vector Graphic - Fill","hd":false},{"ty":"tr","p":{"a":0,"k":[3.169,3.168],"ix":2},"a":{"a":0,"k":[0,0],"ix":1},"s":{"a":0,"k":[100,100],"ix":3},"r":{"a":0,"k":0,"ix":6},"o":{"a":0,"k":100,"ix":7},"sk":{"a":0,"k":0,"ix":4},"sa":{"a":0,"k":0,"ix":5},"nm":"Transform"}],"nm":"Group 1","np":2,"cix":2,"bm":0,"ix":1,"mn":"ADBE Vector Group","hd":false}],"ip":17,"op":98,"st":17,"bm":0},{"ddd":0,"ind":3,"ty":4,"nm":"Layer 4 Outlines","sr":1,"ks":{"o":{"a":0,"k":100,"ix":11},"r":{"a":0,"k":0,"ix":10},"p":{"a":0,"k":[45.229,12.457,0],"ix":2},"a":{"a":0,"k":[3.168,3.168,0],"ix":1},"s":{"a":1,"k":[{"i":{"x":[0.667,0.667,0.667],"y":[1,1,1]},"o":{"x":[0.333,0.333,0.333],"y":[0,0,0]},"t":27,"s":[0,0,100]},{"i":{"x":[0.667,0.667,0.667],"y":[1,1,1]},"o":{"x":[0.333,0.333,0.333],"y":[0,0,0]},"t":37,"s":[110,110,100]},{"t":47,"s":[100,100,100]}],"ix":6}},"ao":0,"shapes":[{"ty":"gr","it":[{"ind":0,"ty":"sh","ix":1,"ks":{"a":0,"k":{"i":[[0,-1.611],[1.611,0],[0,1.612],[-1.612,0]],"o":[[0,1.612],[-1.612,0],[0,-1.611],[1.611,0]],"v":[[2.918,0],[0,2.918],[-2.918,0],[0,-2.918]],"c":true},"ix":2},"nm":"Path 1","mn":"ADBE Vector Shape - Group","hd":false},{"ty":"fl","c":{"a":0,"k":[0.367762995701,0.691943239698,0.605688416724,1],"ix":4},"o":{"a":0,"k":100,"ix":5},"r":1,"bm":0,"nm":"Fill 1","mn":"ADBE Vector Graphic - Fill","hd":false},{"ty":"tr","p":{"a":0,"k":[3.168,3.168],"ix":2},"a":{"a":0,"k":[0,0],"ix":1},"s":{"a":0,"k":[100,100],"ix":3},"r":{"a":0,"k":0,"ix":6},"o":{"a":0,"k":100,"ix":7},"sk":{"a":0,"k":0,"ix":4},"sa":{"a":0,"k":0,"ix":5},"nm":"Transform"}],"nm":"Group 1","np":2,"cix":2,"bm":0,"ix":1,"mn":"ADBE Vector Group","hd":false}],"ip":27,"op":98,"st":27,"bm":0},{"ddd":0,"ind":4,"ty":4,"nm":"Layer 5 Outlines","sr":1,"ks":{"o":{"a":0,"k":100,"ix":11},"r":{"a":1,"k":[{"i":{"x":[0.667],"y":[1]},"o":{"x":[0.333],"y":[0]},"t":37,"s":[0]},{"t":57,"s":[0]}],"ix":10},"p":{"a":0,"k":[54.715,47.453,0],"ix":2},"a":{"a":0,"k":[8.467,8.466,0],"ix":1},"s":{"a":1,"k":[{"i":{"x":[0.667,0.667,0.667],"y":[1,1,1]},"o":{"x":[0.333,0.333,0.333],"y":[0,0,0]},"t":37,"s":[0,0,100]},{"t":57,"s":[100,100,100]}],"ix":6}},"ao":0,"shapes":[{"ty":"gr","it":[{"ind":0,"ty":"sh","ix":1,"ks":{"a":0,"k":{"i":[[0,0],[0,0],[0,0]],"o":[[0,0],[0,0],[0,0]],"v":[[-8.217,-8.217],[-8.217,8.217],[8.217,8.217]],"c":true},"ix":2},"nm":"Path 1","mn":"ADBE Vector Shape - Group","hd":false},{"ty":"fl","c":{"a":0,"k":[0.367762995701,0.691943239698,0.605688416724,1],"ix":4},"o":{"a":0,"k":100,"ix":5},"r":1,"bm":0,"nm":"Fill 1","mn":"ADBE Vector Graphic - Fill","hd":false},{"ty":"tr","p":{"a":0,"k":[8.467,8.466],"ix":2},"a":{"a":0,"k":[0,0],"ix":1},"s":{"a":0,"k":[100,100],"ix":3},"r":{"a":0,"k":0,"ix":6},"o":{"a":0,"k":100,"ix":7},"sk":{"a":0,"k":0,"ix":4},"sa":{"a":0,"k":0,"ix":5},"nm":"Transform"}],"nm":"Group 1","np":2,"cix":2,"bm":0,"ix":1,"mn":"ADBE Vector Group","hd":false}],"ip":37,"op":98,"st":37,"bm":0},{"ddd":0,"ind":5,"ty":4,"nm":"Layer 1 Outlines","sr":1,"ks":{"o":{"a":0,"k":100,"ix":11},"r":{"a":0,"k":0,"ix":10},"p":{"a":0,"k":[44.127,48.537,0],"ix":2},"a":{"a":0,"k":[42.963,47.232,0],"ix":1},"s":{"a":0,"k":[100,100,100],"ix":6}},"ao":0,"shapes":[{"ty":"gr","it":[{"ind":0,"ty":"sh","ix":1,"ks":{"a":0,"k":{"i":[[0,0],[0,0],[0.006,0.489],[0,0],[0,0],[0,0],[0,0]],"o":[[0,0],[-0.489,-0.007],[0,0],[0,0],[0,0],[0,0],[0,0]],"v":[[20.062,-9.301],[1.484,-9.301],[0.594,-10.191],[0.594,-28.77],[-20.062,-28.77],[-20.062,28.771],[20.062,28.771]],"c":true},"ix":2},"nm":"Path 1","mn":"ADBE Vector Shape - Group","hd":false},{"ty":"fl","c":{"a":0,"k":[1,0.736496450387,0.170620428347,1],"ix":4},"o":{"a":0,"k":100,"ix":5},"r":1,"bm":0,"nm":"Fill 1","mn":"ADBE Vector Graphic - Fill","hd":false},{"ty":"tr","p":{"a":0,"k":[42.963,65.444],"ix":2},"a":{"a":0,"k":[0,0],"ix":1},"s":{"a":0,"k":[100,100],"ix":3},"r":{"a":0,"k":0,"ix":6},"o":{"a":0,"k":100,"ix":7},"sk":{"a":0,"k":0,"ix":4},"sa":{"a":0,"k":0,"ix":5},"nm":"Transform"}],"nm":"Group 1","np":2,"cix":2,"bm":0,"ix":1,"mn":"ADBE Vector Group","hd":false},{"ty":"gr","it":[{"ind":0,"ty":"sh","ix":1,"ks":{"a":0,"k":{"i":[[0,0],[0,0],[-0.89,-0.89],[0,-1.259],[0.891,-0.89],[1.258,0],[0.891,0.89],[0,1.259],[-0.872,0.889],[-1.244,0.022]],"o":[[0,0],[1.258,0],[0.891,0.889],[0,1.259],[-0.89,0.89],[-1.258,0],[-0.89,-0.89],[0,-1.244],[0.872,-0.888],[0,0]],"v":[[-29.896,-4.283],[-29.896,-4.284],[-26.54,-2.893],[-25.15,0.462],[-26.54,3.818],[-29.896,5.208],[-33.253,3.818],[-34.641,0.462],[-33.282,-2.865],[-29.98,-4.284]],"c":true},"ix":2},"nm":"Path 1","mn":"ADBE Vector Shape - Group","hd":false},{"ind":1,"ty":"sh","ix":2,"ks":{"a":0,"k":{"i":[[0,0],[0,0],[-0.889,-0.89],[0,-1.259],[0.891,-0.89],[1.259,0],[0.889,0.89],[0,1.259],[-0.873,0.889],[-1.244,0.022]],"o":[[0,0],[1.259,0],[0.891,0.889],[0,1.259],[-0.889,0.89],[-1.258,0],[-0.891,-0.89],[0,-1.244],[0.872,-0.888],[0,0]],"v":[[-14.355,-4.283],[-14.355,-4.284],[-10.999,-2.893],[-9.607,0.462],[-10.999,3.818],[-14.355,5.208],[-17.71,3.818],[-19.1,0.462],[-17.738,-2.865],[-14.438,-4.284]],"c":true},"ix":2},"nm":"Path 2","mn":"ADBE Vector Shape - Group","hd":false},{"ind":2,"ty":"sh","ix":3,"ks":{"a":0,"k":{"i":[[0,0],[0,0],[-0.89,-0.89],[0,-1.259],[0.891,-0.89],[1.257,0],[0.89,0.89],[0,1.259],[-0.872,0.889],[-1.243,0.022]],"o":[[0,0],[1.257,0],[0.891,0.889],[0,1.259],[-0.89,0.89],[-1.259,0],[-0.891,-0.89],[0,-1.244],[0.872,-0.888],[0,0]],"v":[[1.188,-4.283],[1.189,-4.284],[4.544,-2.893],[5.934,0.462],[4.544,3.818],[1.189,5.208],[-2.167,3.818],[-3.559,0.462],[-2.198,-2.865],[1.104,-4.284]],"c":true},"ix":2},"nm":"Path 3","mn":"ADBE Vector Shape - Group","hd":false},{"ind":3,"ty":"sh","ix":4,"ks":{"a":0,"k":{"i":[[0,0],[0,0],[0,0],[0,0],[1.557,1.557],[2.203,0],[0,0],[1.557,-1.558],[0,-2.204]],"o":[[0,0],[0,0],[0,0],[0,-2.204],[-1.557,-1.558],[0,0],[-2.203,0],[-1.557,1.557],[0,0]],"v":[[-42.71,-2.182],[-42.71,10.488],[42.712,10.488],[42.712,-2.182],[40.279,-8.055],[34.406,-10.488],[-34.407,-10.488],[-40.279,-8.055],[-42.712,-2.182]],"c":true},"ix":2},"nm":"Path 4","mn":"ADBE Vector Shape - Group","hd":false},{"ty":"mm","mm":1,"nm":"Merge Paths 1","mn":"ADBE Vector Filter - Merge","hd":false},{"ty":"fl","c":{"a":0,"k":[0.367762995701,0.691943239698,0.605688416724,1],"ix":4},"o":{"a":0,"k":100,"ix":5},"r":1,"bm":0,"nm":"Fill 1","mn":"ADBE Vector Graphic - Fill","hd":false},{"ty":"tr","p":{"a":0,"k":[42.961,10.739],"ix":2},"a":{"a":0,"k":[0,0],"ix":1},"s":{"a":0,"k":[100,100],"ix":3},"r":{"a":0,"k":0,"ix":6},"o":{"a":0,"k":100,"ix":7},"sk":{"a":0,"k":0,"ix":4},"sa":{"a":0,"k":0,"ix":5},"nm":"Transform"}],"nm":"Group 2","np":6,"cix":2,"bm":0,"ix":2,"mn":"ADBE Vector Group","hd":false},{"ty":"gr","it":[{"ind":0,"ty":"sh","ix":1,"ks":{"a":0,"k":{"i":[[0,0],[-1.558,1.558],[0,2.203],[0,0],[0,0],[0,0],[-1.558,-1.557],[-2.203,0],[0,0],[0,0],[-0.489,0.007],[0,0],[-0.074,-0.013],[0,0],[-0.077,-0.072],[0,0],[-0.045,-0.096],[0.002,-0.028],[0.012,-0.075],[0,0]],"o":[[2.203,0],[1.558,-1.557],[0,0],[0,0],[0,0],[0,2.203],[1.558,1.558],[0,0],[0,0],[0.007,-0.489],[0,0],[0.074,-0.013],[0,0],[0.097,0.045],[0,0],[0.074,0.077],[0.002,0.027],[0.012,0.074],[0,0],[0,0]],"v":[[34.405,24.185],[40.278,21.752],[42.712,15.88],[42.712,-24.185],[-42.712,-24.185],[-42.712,15.88],[-40.278,21.752],[-34.406,24.185],[-21.843,24.185],[-21.843,-11.408],[-20.952,-12.297],[1.591,-12.297],[1.815,-12.297],[1.898,-12.297],[2.16,-12.119],[21.581,7.433],[21.759,7.694],[21.759,7.777],[21.759,8.003],[21.759,24.185]],"c":true},"ix":2},"nm":"Path 1","mn":"ADBE Vector Shape - Group","hd":false},{"ty":"fl","c":{"a":0,"k":[0.367762995701,0.691943239698,0.605688416724,1],"ix":4},"o":{"a":0,"k":100,"ix":5},"r":1,"bm":0,"nm":"Fill 1","mn":"ADBE Vector Graphic - Fill","hd":false},{"ty":"tr","p":{"a":0,"k":[42.963,47.191],"ix":2},"a":{"a":0,"k":[0,0],"ix":1},"s":{"a":0,"k":[100,100],"ix":3},"r":{"a":0,"k":0,"ix":6},"o":{"a":0,"k":100,"ix":7},"sk":{"a":0,"k":0,"ix":4},"sa":{"a":0,"k":0,"ix":5},"nm":"Transform"}],"nm":"Group 3","np":2,"cix":2,"bm":0,"ix":3,"mn":"ADBE Vector Group","hd":false}],"ip":0,"op":91,"st":0,"bm":0}],"markers":[]}