{"v":"5.5.8","fr":30,"ip":0,"op":91,"w":98,"h":98,"nm":"Custom Design Options1","ddd":0,"assets":[{"id":"comp_0","layers":[{"ddd":0,"ind":1,"ty":4,"nm":"Layer 2 Outlines","sr":1,"ks":{"o":{"a":0,"k":100,"ix":11},"r":{"a":0,"k":0,"ix":10},"p":{"a":1,"k":[{"i":{"x":0.667,"y":1},"o":{"x":0.333,"y":0},"t":0,"s":[350.002,409.73,0],"to":[0,-13.833,0],"ti":[0,13.833,0]},{"i":{"x":0.667,"y":0.667},"o":{"x":0.333,"y":0.333},"t":30,"s":[350.002,326.73,0],"to":[0,0,0],"ti":[0,0,0]},{"i":{"x":0.667,"y":1},"o":{"x":0.333,"y":0},"t":60,"s":[350.002,326.73,0],"to":[0,13.833,0],"ti":[0,-13.833,0]},{"t":90,"s":[350.002,409.73,0]}],"ix":2},"a":{"a":0,"k":[140.833,234.258,0],"ix":1},"s":{"a":0,"k":[100,100,100],"ix":6}},"ao":0,"shapes":[{"ty":"gr","it":[{"ind":0,"ty":"sh","ix":1,"ks":{"a":0,"k":{"i":[[0,0],[4.246,-6.93],[0,0],[-2.238,-3.734],[0,0],[-4.109,0],[0,0],[-2.125,3.524],[0,0],[2.262,3.711]],"o":[[-4.246,-6.93],[0,0],[-2.262,3.71],[0,0],[2.121,3.524],[0,0],[4.105,0],[0,0],[2.238,-3.735],[0,0]],"v":[[9.958,-168.747],[-9.968,-168.747],[-138.298,41.253],[-138.345,53.339],[-68.345,170.009],[-58.337,175.677],[58.333,175.677],[68.345,170.005],[138.345,53.336],[138.298,41.25]],"c":true},"ix":2},"nm":"Path 1","mn":"ADBE Vector Shape - Group","hd":false},{"ty":"fl","c":{"a":0,"k":[1,1,1,1],"ix":4},"o":{"a":0,"k":100,"ix":5},"r":1,"bm":0,"nm":"Fill 1","mn":"ADBE Vector Graphic - Fill","hd":false},{"ty":"tr","p":{"a":0,"k":[140.833,175.927],"ix":2},"a":{"a":0,"k":[0,0],"ix":1},"s":{"a":0,"k":[100,100],"ix":3},"r":{"a":0,"k":0,"ix":6},"o":{"a":0,"k":100,"ix":7},"sk":{"a":0,"k":0,"ix":4},"sa":{"a":0,"k":0,"ix":5},"nm":"Transform"}],"nm":"Group 1","np":2,"cix":2,"bm":0,"ix":1,"mn":"ADBE Vector Group","hd":false},{"ty":"gr","it":[{"ind":0,"ty":"sh","ix":1,"ks":{"a":0,"k":{"i":[[0,0],[7.07,0],[0,0],[5.742,3.875],[0,0],[0,-2.919],[-19.297,0],[0,0],[0,19.297],[0.746,2.917]],"o":[[-5.715,3.871],[0,0],[-7.07,0],[0,0],[-0.719,2.893],[0,19.297],[0,0],[19.297,0],[0,-2.919],[0,0]],"v":[[77.792,-49.794],[58.331,-43.539],[-58.339,-43.539],[-77.823,-49.794],[-92.245,6.043],[-93.335,14.793],[-58.335,49.793],[58.335,49.793],[93.335,14.793],[92.214,6.019]],"c":true},"ix":2},"nm":"Path 1","mn":"ADBE Vector Shape - Group","hd":false},{"ty":"fl","c":{"a":0,"k":[1,1,1,1],"ix":4},"o":{"a":0,"k":100,"ix":5},"r":1,"bm":0,"nm":"Fill 1","mn":"ADBE Vector Graphic - Fill","hd":false},{"ty":"tr","p":{"a":0,"k":[140.829,418.473],"ix":2},"a":{"a":0,"k":[0,0],"ix":1},"s":{"a":0,"k":[100,100],"ix":3},"r":{"a":0,"k":0,"ix":6},"o":{"a":0,"k":100,"ix":7},"sk":{"a":0,"k":0,"ix":4},"sa":{"a":0,"k":0,"ix":5},"nm":"Transform"}],"nm":"Group 2","np":2,"cix":2,"bm":0,"ix":2,"mn":"ADBE Vector Group","hd":false}],"ip":0,"op":91,"st":0,"bm":0},{"ddd":0,"ind":2,"ty":4,"nm":"Layer 3 Outlines","sr":1,"ks":{"o":{"a":0,"k":100,"ix":11},"r":{"a":0,"k":0,"ix":10},"p":{"a":0,"k":[350.002,178.763,0],"ix":2},"a":{"a":0,"k":[256.919,122.751,0],"ix":1},"s":{"a":0,"k":[100,100,100],"ix":6}},"ao":0,"shapes":[{"ty":"gr","it":[{"ind":0,"ty":"sh","ix":1,"ks":{"a":0,"k":{"i":[[0,0],[4.805,-13.555],[0,0],[0,0],[6.442,0],[0,0],[0,-6.441],[0,0],[0,0],[15.214,0],[0,-19.32],[-19.32,0],[-4.805,13.555],[0,0],[10.664,-55.51],[0,0],[0,-6.441],[0,0],[-6.441,0],[0,0],[0,6.441],[0,0],[6.441,0],[0,0],[-61.811,13.51],[0,0],[-6.441,0],[0,0],[0,6.441],[0,0],[-13.7,-62.018],[0,0],[0,-6.441],[0,0],[-6.441,0],[0,0],[0,6.441],[0,0],[6.441,0],[0,0],[47.832,26.27],[0,0],[-15.211,0],[0,19.32],[19.32,0]],"o":[[-15.215,0],[0,0],[0,0],[0,-6.441],[0,0],[-6.441,0],[0,0],[0,0],[-4.809,-13.555],[-19.32,0],[0,19.32],[15.215,0],[0,0],[-47.828,26.273],[0,0],[-6.441,0],[0,0],[0,6.441],[0,0],[6.437,-0.004],[0,0],[0,-6.441],[0,0],[13.694,-62.02],[0,0],[0,6.441],[0,0],[6.441,0],[0,0],[61.809,13.512],[0,0],[-6.441,0],[0,0],[0,6.441],[0,0],[6.441,0],[0,0],[0,-6.441],[0,0],[-10.664,-55.512],[0,0],[4.829,13.559],[19.324,0],[0,-19.32],[0,0]],"v":[[221.668,-122.501],[188.815,-99.169],[34.996,-99.169],[34.996,-110.833],[23.328,-122.501],[-23.34,-122.501],[-35.008,-110.833],[-35.004,-99.169],[-188.814,-99.169],[-221.669,-122.501],[-256.669,-87.501],[-221.669,-52.501],[-188.817,-75.833],[-89.419,-75.833],[-182.7,52.497],[-198.333,52.497],[-210.001,64.165],[-210.001,110.833],[-198.333,122.501],[-151.665,122.501],[-140.001,110.829],[-140.001,64.165],[-151.669,52.497],[-158.899,52.497],[-34.999,-71.423],[-34.999,-64.169],[-23.332,-52.501],[23.337,-52.501],[35.005,-64.169],[35,-71.423],[158.9,52.497],[151.669,52.497],[140.002,64.165],[140.002,110.833],[151.669,122.501],[198.338,122.501],[210.005,110.833],[210.002,64.165],[198.333,52.497],[182.701,52.497],[89.416,-75.833],[188.814,-75.833],[221.666,-52.501],[256.669,-87.501],[221.669,-122.501]],"c":true},"ix":2},"nm":"Path 1","mn":"ADBE Vector Shape - Group","hd":false},{"ty":"fl","c":{"a":0,"k":[1,1,1,1],"ix":4},"o":{"a":0,"k":100,"ix":5},"r":1,"bm":0,"nm":"Fill 1","mn":"ADBE Vector Graphic - Fill","hd":false},{"ty":"tr","p":{"a":0,"k":[256.919,122.751],"ix":2},"a":{"a":0,"k":[0,0],"ix":1},"s":{"a":0,"k":[100,100],"ix":3},"r":{"a":0,"k":0,"ix":6},"o":{"a":0,"k":100,"ix":7},"sk":{"a":0,"k":0,"ix":4},"sa":{"a":0,"k":0,"ix":5},"nm":"Transform"}],"nm":"Group 1","np":2,"cix":2,"bm":0,"ix":1,"mn":"ADBE Vector Group","hd":false}],"ip":0,"op":91,"st":0,"bm":0}]}],"layers":[{"ddd":0,"ind":1,"ty":0,"nm":"pen 2","refId":"comp_0","sr":1,"ks":{"o":{"a":0,"k":100,"ix":11},"r":{"a":0,"k":0,"ix":10},"p":{"a":0,"k":[49,54.5,0],"ix":2},"a":{"a":0,"k":[350,350,0],"ix":1},"s":{"a":0,"k":[11,11,100],"ix":6}},"ao":0,"w":700,"h":700,"ip":0,"op":91,"st":0,"bm":0},{"ddd":0,"ind":2,"ty":4,"nm":"Shape Layer 3","sr":1,"ks":{"o":{"a":0,"k":100,"ix":11},"r":{"a":0,"k":0,"ix":10},"p":{"a":0,"k":[26.75,5.938,0],"ix":2},"a":{"a":0,"k":[-33.875,-43,0],"ix":1},"s":{"a":0,"k":[122,122,100],"ix":6}},"ao":0,"shapes":[{"ty":"gr","it":[{"d":1,"ty":"el","s":{"a":0,"k":[3,3],"ix":2},"p":{"a":0,"k":[0,0],"ix":3},"nm":"Ellipse Path 1","mn":"ADBE Vector Shape - Ellipse","hd":false},{"ty":"st","c":{"a":0,"k":[0.407843137255,0.717647058824,0.63137254902,1],"ix":3},"o":{"a":0,"k":100,"ix":4},"w":{"a":0,"k":0,"ix":5},"lc":1,"lj":1,"ml":4,"bm":0,"nm":"Stroke 1","mn":"ADBE Vector Graphic - Stroke","hd":false},{"ty":"fl","c":{"a":0,"k":[0.98431372549,0.745098039216,0.266666666667,1],"ix":4},"o":{"a":0,"k":100,"ix":5},"r":1,"bm":0,"nm":"Fill 1","mn":"ADBE Vector Graphic - Fill","hd":false},{"ty":"tr","p":{"a":0,"k":[-33.875,-43],"ix":2},"a":{"a":0,"k":[0,0],"ix":1},"s":{"a":0,"k":[100,100],"ix":3},"r":{"a":0,"k":0,"ix":6},"o":{"a":0,"k":100,"ix":7},"sk":{"a":0,"k":0,"ix":4},"sa":{"a":0,"k":0,"ix":5},"nm":"Transform"}],"nm":"Ellipse 1","np":3,"cix":2,"bm":0,"ix":1,"mn":"ADBE Vector Group","hd":false}],"ip":0,"op":91,"st":0,"bm":0},{"ddd":0,"ind":3,"ty":4,"nm":"Shape Layer 2","sr":1,"ks":{"o":{"a":0,"k":100,"ix":11},"r":{"a":0,"k":0,"ix":10},"p":{"a":0,"k":[20.75,5.938,0],"ix":2},"a":{"a":0,"k":[-33.875,-43,0],"ix":1},"s":{"a":0,"k":[122,122,100],"ix":6}},"ao":0,"shapes":[{"ty":"gr","it":[{"d":1,"ty":"el","s":{"a":0,"k":[3,3],"ix":2},"p":{"a":0,"k":[0,0],"ix":3},"nm":"Ellipse Path 1","mn":"ADBE Vector Shape - Ellipse","hd":false},{"ty":"st","c":{"a":0,"k":[0.407843137255,0.717647058824,0.63137254902,1],"ix":3},"o":{"a":0,"k":100,"ix":4},"w":{"a":0,"k":0,"ix":5},"lc":1,"lj":1,"ml":4,"bm":0,"nm":"Stroke 1","mn":"ADBE Vector Graphic - Stroke","hd":false},{"ty":"fl","c":{"a":0,"k":[0.98431372549,0.745098039216,0.266666666667,1],"ix":4},"o":{"a":0,"k":100,"ix":5},"r":1,"bm":0,"nm":"Fill 1","mn":"ADBE Vector Graphic - Fill","hd":false},{"ty":"tr","p":{"a":0,"k":[-33.875,-43],"ix":2},"a":{"a":0,"k":[0,0],"ix":1},"s":{"a":0,"k":[100,100],"ix":3},"r":{"a":0,"k":0,"ix":6},"o":{"a":0,"k":100,"ix":7},"sk":{"a":0,"k":0,"ix":4},"sa":{"a":0,"k":0,"ix":5},"nm":"Transform"}],"nm":"Ellipse 1","np":3,"cix":2,"bm":0,"ix":1,"mn":"ADBE Vector Group","hd":false}],"ip":0,"op":91,"st":0,"bm":0},{"ddd":0,"ind":4,"ty":4,"nm":"Shape Layer 1","sr":1,"ks":{"o":{"a":0,"k":100,"ix":11},"r":{"a":0,"k":0,"ix":10},"p":{"a":0,"k":[15.125,5.938,0],"ix":2},"a":{"a":0,"k":[-33.875,-43,0],"ix":1},"s":{"a":0,"k":[122,122,100],"ix":6}},"ao":0,"shapes":[{"ty":"gr","it":[{"d":1,"ty":"el","s":{"a":0,"k":[3,3],"ix":2},"p":{"a":0,"k":[0,0],"ix":3},"nm":"Ellipse Path 1","mn":"ADBE Vector Shape - Ellipse","hd":false},{"ty":"st","c":{"a":0,"k":[0.407843137255,0.717647058824,0.63137254902,1],"ix":3},"o":{"a":0,"k":100,"ix":4},"w":{"a":0,"k":0,"ix":5},"lc":1,"lj":1,"ml":4,"bm":0,"nm":"Stroke 1","mn":"ADBE Vector Graphic - Stroke","hd":false},{"ty":"fl","c":{"a":0,"k":[0.98431372549,0.745098039216,0.266666666667,1],"ix":4},"o":{"a":0,"k":100,"ix":5},"r":1,"bm":0,"nm":"Fill 1","mn":"ADBE Vector Graphic - Fill","hd":false},{"ty":"tr","p":{"a":0,"k":[-33.875,-43],"ix":2},"a":{"a":0,"k":[0,0],"ix":1},"s":{"a":0,"k":[100,100],"ix":3},"r":{"a":0,"k":0,"ix":6},"o":{"a":0,"k":100,"ix":7},"sk":{"a":0,"k":0,"ix":4},"sa":{"a":0,"k":0,"ix":5},"nm":"Transform"}],"nm":"Ellipse 1","np":3,"cix":2,"bm":0,"ix":1,"mn":"ADBE Vector Group","hd":false}],"ip":0,"op":91,"st":0,"bm":0},{"ddd":0,"ind":5,"ty":4,"nm":"Layer 1 Outlines","sr":1,"ks":{"o":{"a":0,"k":100,"ix":11},"r":{"a":0,"k":0,"ix":10},"p":{"a":0,"k":[49.005,49.015,0],"ix":2},"a":{"a":0,"k":[48.245,48.245,0],"ix":1},"s":{"a":0,"k":[100,100,100],"ix":6}},"ao":0,"shapes":[{"ty":"gr","it":[{"ind":0,"ty":"sh","ix":1,"ks":{"a":0,"k":{"i":[[2.134,0],[0,0],[0,-2.132],[0,0],[-2.133,0],[0,0],[0,2.132],[0,0]],"o":[[0,0],[-2.133,0],[0,0],[0,2.132],[0,0],[2.132,0],[0,0],[0,-2.134]],"v":[[40.948,-41.066],[-40.947,-41.066],[-44.815,-37.198],[-44.815,37.198],[-40.947,41.066],[40.947,41.066],[44.815,37.198],[44.815,-37.199]],"c":true},"ix":2},"nm":"Path 1","mn":"ADBE Vector Shape - Group","hd":false},{"ty":"fl","c":{"a":0,"k":[0.364705882353,0.690196078431,0.603921568627,1],"ix":4},"o":{"a":0,"k":100,"ix":5},"r":1,"bm":0,"nm":"Fill 1","mn":"ADBE Vector Graphic - Fill","hd":false},{"ty":"tr","p":{"a":0,"k":[48.243,51.996],"ix":2},"a":{"a":0,"k":[0,0],"ix":1},"s":{"a":0,"k":[100,100],"ix":3},"r":{"a":0,"k":0,"ix":6},"o":{"a":0,"k":100,"ix":7},"sk":{"a":0,"k":0,"ix":4},"sa":{"a":0,"k":0,"ix":5},"nm":"Transform"}],"nm":"Group 1","np":2,"cix":2,"bm":0,"ix":1,"mn":"ADBE Vector Group","hd":false},{"ty":"gr","it":[{"ind":0,"ty":"sh","ix":1,"ks":{"a":0,"k":{"i":[[0,0],[2.717,0],[0,0],[0,2.717],[0,0],[-2.716,0],[0,0],[0,-2.717]],"o":[[0,2.717],[0,0],[-2.716,0],[0,0],[0,-2.717],[0,0],[2.717,0],[0,0]],"v":[[45.864,40.949],[40.945,45.867],[-40.949,45.867],[-45.867,40.949],[-45.867,-33.448],[-40.949,-38.367],[40.945,-38.367],[45.864,-33.448]],"c":true},"ix":2},"nm":"Path 1","mn":"ADBE Vector Shape - Group","hd":false},{"ind":1,"ty":"sh","ix":2,"ks":{"a":0,"k":{"i":[[0,0],[0,0],[0,-3.985],[0,0],[-3.985,0],[0,0],[0,3.985],[0,0],[3.985,0]],"o":[[0,0],[-3.985,0],[0,0],[0,3.985],[0,0],[3.987,0],[0,0],[0,-3.985],[0,0]],"v":[[40.777,-47.995],[-40.781,-47.995],[-47.995,-40.779],[-47.995,40.779],[-40.781,47.995],[40.777,47.995],[47.995,40.779],[47.995,-40.779],[40.779,-47.995]],"c":true},"ix":2},"nm":"Path 5","mn":"ADBE Vector Shape - Group","hd":false},{"ty":"mm","mm":1,"nm":"Merge Paths 1","mn":"ADBE Vector Filter - Merge","hd":false},{"ty":"fl","c":{"a":0,"k":[0.364705882353,0.690196078431,0.603921568627,1],"ix":4},"o":{"a":0,"k":100,"ix":5},"r":1,"bm":0,"nm":"Fill 1","mn":"ADBE Vector Graphic - Fill","hd":false},{"ty":"tr","p":{"a":0,"k":[48.245,48.246],"ix":2},"a":{"a":0,"k":[0,0],"ix":1},"s":{"a":0,"k":[100,100],"ix":3},"r":{"a":0,"k":0,"ix":6},"o":{"a":0,"k":100,"ix":7},"sk":{"a":0,"k":0,"ix":4},"sa":{"a":0,"k":0,"ix":5},"nm":"Transform"}],"nm":"Group 2","np":4,"cix":2,"bm":0,"ix":2,"mn":"ADBE Vector Group","hd":false}],"ip":0,"op":91,"st":0,"bm":0}],"markers":[]}