{"v":"5.5.8","fr":30,"ip":0,"op":90,"w":98,"h":98,"nm":"Excite your Readers with Immersive Plots 3","ddd":0,"assets":[{"id":"comp_0","layers":[{"ddd":0,"ind":1,"ty":0,"nm":"1","refId":"comp_1","sr":1.01,"ks":{"o":{"a":0,"k":100,"ix":11},"r":{"a":0,"k":0,"ix":10},"p":{"a":0,"k":[58.75,35.75,0],"ix":2},"a":{"a":0,"k":[49,49,0],"ix":1},"s":{"a":0,"k":[100,100,100],"ix":6}},"ao":0,"w":98,"h":98,"ip":0,"op":90.9,"st":0,"bm":0},{"ddd":0,"ind":2,"ty":4,"nm":"Shape Layer 4","sr":1,"ks":{"o":{"a":0,"k":100,"ix":11},"r":{"a":0,"k":0,"ix":10},"p":{"a":0,"k":[61.627,66.329,0],"ix":2},"a":{"a":0,"k":[0,0,0],"ix":1},"s":{"a":0,"k":[34.92,34.92,100],"ix":6}},"ao":0,"shapes":[{"ty":"gr","it":[{"ind":0,"ty":"sh","ix":1,"ks":{"a":0,"k":{"i":[[0,0],[0,0]],"o":[[0,0],[0,0]],"v":[[-38.25,0.5],[104.797,0.609]],"c":false},"ix":2},"nm":"Path 1","mn":"ADBE Vector Shape - Group","hd":false},{"ty":"st","c":{"a":0,"k":[1,1,1,1],"ix":3},"o":{"a":0,"k":100,"ix":4},"w":{"a":0,"k":11,"ix":5},"lc":2,"lj":1,"ml":4,"bm":0,"nm":"Stroke 1","mn":"ADBE Vector Graphic - Stroke","hd":false},{"ty":"fl","c":{"a":0,"k":[0.843137254902,0.81568627451,0.772549019608,1],"ix":4},"o":{"a":0,"k":100,"ix":5},"r":1,"bm":0,"nm":"Fill 1","mn":"ADBE Vector Graphic - Fill","hd":false},{"ty":"tr","p":{"a":0,"k":[0,0],"ix":2},"a":{"a":0,"k":[0,0],"ix":1},"s":{"a":0,"k":[100,100],"ix":3},"r":{"a":0,"k":0,"ix":6},"o":{"a":0,"k":100,"ix":7},"sk":{"a":0,"k":0,"ix":4},"sa":{"a":0,"k":0,"ix":5},"nm":"Transform"}],"nm":"Shape 1","np":3,"cix":2,"bm":0,"ix":1,"mn":"ADBE Vector Group","hd":false},{"ty":"tm","s":{"a":0,"k":0,"ix":1},"e":{"a":1,"k":[{"i":{"x":[0.833],"y":[0.833]},"o":{"x":[0.167],"y":[0.167]},"t":20,"s":[0]},{"t":50,"s":[44]}],"ix":2},"o":{"a":0,"k":0,"ix":3},"m":1,"ix":2,"nm":"Trim Paths 1","mn":"ADBE Vector Filter - Trim","hd":false}],"ip":20,"op":111,"st":20,"bm":0},{"ddd":0,"ind":3,"ty":4,"nm":"Shape Layer 3","sr":1,"ks":{"o":{"a":0,"k":100,"ix":11},"r":{"a":0,"k":0,"ix":10},"p":{"a":0,"k":[51.502,78.329,0],"ix":2},"a":{"a":0,"k":[0,0,0],"ix":1},"s":{"a":0,"k":[34.92,34.92,100],"ix":6}},"ao":0,"shapes":[{"ty":"gr","it":[{"ind":0,"ty":"sh","ix":1,"ks":{"a":0,"k":{"i":[[0,0],[0,0]],"o":[[0,0],[0,0]],"v":[[-38.25,0.5],[104.797,0.609]],"c":false},"ix":2},"nm":"Path 1","mn":"ADBE Vector Shape - Group","hd":false},{"ty":"st","c":{"a":0,"k":[1,1,1,1],"ix":3},"o":{"a":0,"k":100,"ix":4},"w":{"a":0,"k":11,"ix":5},"lc":2,"lj":1,"ml":4,"bm":0,"nm":"Stroke 1","mn":"ADBE Vector Graphic - Stroke","hd":false},{"ty":"fl","c":{"a":0,"k":[0.843137254902,0.81568627451,0.772549019608,1],"ix":4},"o":{"a":0,"k":100,"ix":5},"r":1,"bm":0,"nm":"Fill 1","mn":"ADBE Vector Graphic - Fill","hd":false},{"ty":"tr","p":{"a":0,"k":[0,0],"ix":2},"a":{"a":0,"k":[0,0],"ix":1},"s":{"a":0,"k":[100,100],"ix":3},"r":{"a":0,"k":0,"ix":6},"o":{"a":0,"k":100,"ix":7},"sk":{"a":0,"k":0,"ix":4},"sa":{"a":0,"k":0,"ix":5},"nm":"Transform"}],"nm":"Shape 1","np":3,"cix":2,"bm":0,"ix":1,"mn":"ADBE Vector Group","hd":false},{"ty":"tm","s":{"a":0,"k":0,"ix":1},"e":{"a":1,"k":[{"i":{"x":[0.833],"y":[0.833]},"o":{"x":[0.167],"y":[0.167]},"t":30,"s":[0]},{"t":60,"s":[77]}],"ix":2},"o":{"a":0,"k":0,"ix":3},"m":1,"ix":2,"nm":"Trim Paths 1","mn":"ADBE Vector Filter - Trim","hd":false}],"ip":30,"op":121,"st":30,"bm":0},{"ddd":0,"ind":4,"ty":4,"nm":"Layer 1 Outlines","sr":1,"ks":{"o":{"a":0,"k":100,"ix":11},"r":{"a":0,"k":0,"ix":10},"p":{"a":0,"k":[48.598,48.998,0],"ix":2},"a":{"a":0,"k":[41.372,48.248,0],"ix":1},"s":{"a":0,"k":[100,100,100],"ix":6}},"ao":0,"shapes":[{"ty":"gr","it":[{"ind":0,"ty":"sh","ix":1,"ks":{"a":0,"k":{"i":[[2.641,0],[0,0],[0,0],[0,0],[0,2.663],[0,0]],"o":[[0,0],[0,0],[0,0],[2.641,0],[0,0],[0,-2.64]],"v":[[25.523,-47.998],[-30.322,-47.998],[-30.322,47.998],[25.523,47.998],[30.322,43.198],[30.322,-43.198]],"c":true},"ix":2},"nm":"Path 1","mn":"ADBE Vector Shape - Group","hd":false},{"ty":"fl","c":{"a":0,"k":[0.406414046942,0.715991988837,0.631064919864,1],"ix":4},"o":{"a":0,"k":100,"ix":5},"r":1,"bm":0,"nm":"Fill 1","mn":"ADBE Vector Graphic - Fill","hd":false},{"ty":"tr","p":{"a":0,"k":[52.171,48.248],"ix":2},"a":{"a":0,"k":[0,0],"ix":1},"s":{"a":0,"k":[100,100],"ix":3},"r":{"a":0,"k":0,"ix":6},"o":{"a":0,"k":100,"ix":7},"sk":{"a":0,"k":0,"ix":4},"sa":{"a":0,"k":0,"ix":5},"nm":"Transform"}],"nm":"Group 1","np":2,"cix":2,"bm":0,"ix":1,"mn":"ADBE Vector Group","hd":false},{"ty":"gr","it":[{"ind":0,"ty":"sh","ix":1,"ks":{"a":0,"k":{"i":[[0,-2.641],[0,0],[-2.64,0],[0,0],[0,0],[0,0]],"o":[[0,0],[0,2.664],[0,0],[0,0],[0,0],[-2.64,0]],"v":[[-8.4,-43.198],[-8.4,43.197],[-3.6,47.997],[8.4,47.997],[8.4,-47.997],[-3.6,-47.997]],"c":true},"ix":2},"nm":"Path 1","mn":"ADBE Vector Shape - Group","hd":false},{"ty":"fl","c":{"a":0,"k":[0.984534768497,0.745770143995,0.26626515108,1],"ix":4},"o":{"a":0,"k":100,"ix":5},"r":1,"bm":0,"nm":"Fill 1","mn":"ADBE Vector Graphic - Fill","hd":false},{"ty":"tr","p":{"a":0,"k":[8.65,48.247],"ix":2},"a":{"a":0,"k":[0,0],"ix":1},"s":{"a":0,"k":[100,100],"ix":3},"r":{"a":0,"k":0,"ix":6},"o":{"a":0,"k":100,"ix":7},"sk":{"a":0,"k":0,"ix":4},"sa":{"a":0,"k":0,"ix":5},"nm":"Transform"}],"nm":"Group 2","np":2,"cix":2,"bm":0,"ix":2,"mn":"ADBE Vector Group","hd":false}],"ip":0,"op":91,"st":0,"bm":0}]},{"id":"comp_1","layers":[{"ddd":0,"ind":1,"ty":4,"nm":"Layer 5 Outlines","sr":1,"ks":{"o":{"a":0,"k":100,"ix":11},"r":{"a":0,"k":0,"ix":10},"p":{"a":0,"k":[48.421,51.76,0],"ix":2},"a":{"a":0,"k":[15.797,15.421,0],"ix":1},"s":{"a":0,"k":[110,110,100],"ix":6}},"ao":0,"shapes":[{"ty":"gr","it":[{"ind":0,"ty":"sh","ix":1,"ks":{"a":0,"k":{"i":[[-0.162,-1.655],[-1.405,-1.061],[1.002,0.773],[0.256,-0.209]],"o":[[1.305,-1.27],[0.013,-1.59],[-0.268,-0.208],[-0.972,0.788]],"v":[[-0.974,4.781],[2.992,4.738],[1.58,1.288],[0.347,1.282]],"c":true},"ix":2},"nm":"Path 1","mn":"ADBE Vector Shape - Group","hd":false},{"ind":1,"ty":"sh","ix":2,"ks":{"a":0,"k":{"i":[[0.363,-1.339],[-0.686,-0.295],[-0.872,0.5],[-0.791,0.959],[0.965,1.078],[1.039,-2.302]],"o":[[0.347,0.768],[0.797,0.343],[1.06,-0.607],[0.976,-1.185],[-1.687,-1.883],[-0.426,0.945]],"v":[[3.265,-3.635],[4.502,-1.158],[7.522,-1.725],[10.286,-4.247],[10.165,-7.822],[4.202,-6.988]],"c":true},"ix":2},"nm":"Path 2","mn":"ADBE Vector Shape - Group","hd":false},{"ind":2,"ty":"sh","ix":3,"ks":{"a":0,"k":{"i":[[-0.356,0.738],[0.405,1.011],[1.472,0.001],[0.626,-1.384],[-0.913,-0.934],[-0.879,-0.418],[-0.773,0.326]],"o":[[-0.337,-1.363],[-0.564,-1.41],[-1.481,-0.001],[-0.624,1.377],[0.699,0.715],[0.883,0.42],[0.663,-0.28]],"v":[[-1.455,-3.488],[-2.347,-6.977],[-5.613,-8.992],[-8.875,-6.952],[-7.915,-3.553],[-5.597,-1.647],[-2.696,-1.143]],"c":true},"ix":2},"nm":"Path 3","mn":"ADBE Vector Shape - Group","hd":false},{"ind":3,"ty":"sh","ix":4,"ks":{"a":0,"k":{"i":[[-1.66,0.34],[-0.53,-0.046],[-1.312,-5.466],[2.985,-3.029],[0.084,-0.761],[0.034,-1.416],[1.484,-0.069],[0.212,1.651],[0.262,0.395],[0.084,-0.431],[1.456,-0.019],[0.317,1.836],[0.32,0.356],[0.065,-0.453],[1.657,1.097],[0.209,0.574],[-0.039,0.501],[1.95,2.308],[-7.818,2.942]],"o":[[0.521,-0.107],[6.351,0.547],[1.011,4.22],[-0.53,0.537],[-0.155,1.399],[-0.04,1.704],[-1.528,0.069],[-0.054,-0.422],[-0.366,0.377],[-0.349,1.788],[-1.512,0.019],[-0.069,-0.4],[-0.311,0.416],[-0.295,2.047],[-0.477,-0.316],[-0.162,-0.448],[0.211,-2.716],[-5.073,-6.001],[1.566,-0.589]],"v":[[0.137,-15.007],[1.722,-15.124],[14.536,-5.342],[11.163,5.413],[10.187,7.592],[10.132,11.835],[7.843,14.458],[5.219,11.984],[4.463,10.794],[3.408,11.932],[1.008,14.451],[-1.498,11.868],[-2.422,10.792],[-3.318,12.047],[-7.13,14.074],[-8.135,12.514],[-8.175,11.01],[-10.474,3.812],[-4.781,-13.827]],"c":true},"ix":2},"nm":"Path 4","mn":"ADBE Vector Shape - Group","hd":false},{"ty":"mm","mm":1,"nm":"Merge Paths 1","mn":"ADBE Vector Filter - Merge","hd":false},{"ty":"fl","c":{"a":0,"k":[1,1,1,1],"ix":4},"o":{"a":0,"k":100,"ix":5},"r":1,"bm":0,"nm":"Fill 1","mn":"ADBE Vector Graphic - Fill","hd":false},{"ty":"tr","p":{"a":0,"k":[15.797,15.421],"ix":2},"a":{"a":0,"k":[0,0],"ix":1},"s":{"a":0,"k":[100,100],"ix":3},"r":{"a":0,"k":0,"ix":6},"o":{"a":0,"k":100,"ix":7},"sk":{"a":0,"k":0,"ix":4},"sa":{"a":0,"k":0,"ix":5},"nm":"Transform"}],"nm":"Group 1","np":6,"cix":2,"bm":0,"ix":1,"mn":"ADBE Vector Group","hd":false}],"ip":0,"op":16,"st":0,"bm":0},{"ddd":0,"ind":2,"ty":4,"nm":"Layer 3 Outlines","sr":1,"ks":{"o":{"a":0,"k":100,"ix":11},"r":{"a":0,"k":0,"ix":10},"p":{"a":0,"k":[50.884,51.718,0],"ix":2},"a":{"a":0,"k":[21.26,15.379,0],"ix":1},"s":{"a":0,"k":[110,110,100],"ix":6}},"ao":0,"shapes":[{"ty":"gr","it":[{"ind":0,"ty":"sh","ix":1,"ks":{"a":0,"k":{"i":[[1.66,-1.368],[-1.475,-2.375]],"o":[[1.19,-2.22],[-1.911,-0.814]],"v":[[-2.611,1.02],[2.611,1.199]],"c":true},"ix":2},"nm":"Path 1","mn":"ADBE Vector Shape - Group","hd":false},{"ty":"fl","c":{"a":0,"k":[1,1,1,1],"ix":4},"o":{"a":0,"k":100,"ix":5},"r":1,"bm":0,"nm":"Fill 1","mn":"ADBE Vector Graphic - Fill","hd":false},{"ty":"tr","p":{"a":0,"k":[27.882,21.842],"ix":2},"a":{"a":0,"k":[0,0],"ix":1},"s":{"a":0,"k":[100,100],"ix":3},"r":{"a":0,"k":0,"ix":6},"o":{"a":0,"k":100,"ix":7},"sk":{"a":0,"k":0,"ix":4},"sa":{"a":0,"k":0,"ix":5},"nm":"Transform"}],"nm":"Group 1","np":2,"cix":2,"bm":0,"ix":1,"mn":"ADBE Vector Group","hd":false},{"ty":"gr","it":[{"ind":0,"ty":"sh","ix":1,"ks":{"a":0,"k":{"i":[[-4.351,-0.059],[-0.119,-2.235],[0.399,-0.156],[0.465,0.287],[0.144,0.268],[1.713,-0.817],[-0.818,-2.001],[-2.26,-5.462],[-0.074,-0.167],[1.152,-0.516],[0.361,0.865],[1.234,2.985],[1.128,2.698]],"o":[[2.28,0.031],[0.026,0.478],[-0.375,0.147],[-0.218,-0.134],[-1.077,-2.011],[-1.845,0.88],[2.238,5.47],[0.069,0.168],[0.391,0.878],[-1.193,0.535],[-1.243,-2.98],[-1.117,-2.702],[-1.673,-4.001]],"v":[[1.073,-13.463],[6.061,-8.902],[5.273,-7.499],[3.776,-8.069],[3.368,-8.87],[-0.414,-10.485],[-1.972,-6.25],[4.798,10.138],[5.018,10.64],[4.608,12.987],[2.645,11.685],[-1.062,2.735],[-4.414,-5.372]],"c":true},"ix":2},"nm":"Path 1","mn":"ADBE Vector Shape - Group","hd":false},{"ty":"fl","c":{"a":0,"k":[1,1,1,1],"ix":4},"o":{"a":0,"k":100,"ix":5},"r":1,"bm":0,"nm":"Fill 1","mn":"ADBE Vector Graphic - Fill","hd":false},{"ty":"tr","p":{"a":0,"k":[6.337,16.986],"ix":2},"a":{"a":0,"k":[0,0],"ix":1},"s":{"a":0,"k":[100,100],"ix":3},"r":{"a":0,"k":0,"ix":6},"o":{"a":0,"k":100,"ix":7},"sk":{"a":0,"k":0,"ix":4},"sa":{"a":0,"k":0,"ix":5},"nm":"Transform"}],"nm":"Group 2","np":2,"cix":2,"bm":0,"ix":2,"mn":"ADBE Vector Group","hd":false},{"ty":"gr","it":[{"ind":0,"ty":"sh","ix":1,"ks":{"a":0,"k":{"i":[[-0.213,5.518],[0.351,1.843],[1.485,-0.28],[3.976,-2.305],[-0.001,-0.473],[-5.383,-0.39]],"o":[[-0.4,-1.834],[-0.294,-1.538],[-4.547,0.859],[-0.446,0.258],[0.01,4.893],[5.473,0.398]],"v":[[9.809,3.865],[8.622,-1.639],[6.006,-3.275],[-6.719,1.618],[-7.653,3.01],[0.364,12.6]],"c":true},"ix":2},"nm":"Path 1","mn":"ADBE Vector Shape - Group","hd":false},{"ind":1,"ty":"sh","ix":2,"ks":{"a":0,"k":{"i":[[0.226,1.97],[1.741,0.13],[0.073,0.028],[-0.794,0.47],[-0.092,0.024],[-1.251,0.375],[-0.043,0.673],[-4.689,1.052],[-2.119,-4.167],[-1.128,0.395],[-0.954,0.105],[-0.128,-0.019],[0.605,-0.654],[0.064,-0.039],[1.267,-0.39],[-0.141,-1.106],[-0.262,-2.054],[5.593,-0.673],[0.583,5.638]],"o":[[-1.959,0],[-0.075,-0.005],[-0.867,-0.319],[0.085,-0.051],[1.273,-0.332],[0.645,-0.193],[0.308,-4.896],[4.814,-1.081],[0.562,1.103],[0.917,-0.322],[0.124,-0.015],[0.882,0.132],[-0.053,0.057],[-1.135,0.687],[-1.107,0.341],[0.264,2.054],[0.703,5.488],[-5.972,0.718],[-0.192,-1.857]],"v":[[-9.518,0.037],[-14.976,-0.013],[-15.198,-0.063],[-15.334,-2.138],[-15.068,-2.252],[-11.17,-2.92],[-9.9,-4.508],[-2.148,-13.849],[9.33,-8.845],[11.587,-7.806],[14.398,-8.573],[14.777,-8.563],[15.523,-6.66],[15.348,-6.515],[11.713,-4.852],[10.424,-2.872],[11.047,3.312],[2.434,14.212],[-8.869,5.716]],"c":true},"ix":2},"nm":"Path 2","mn":"ADBE Vector Shape - Group","hd":false},{"ty":"mm","mm":1,"nm":"Merge Paths 1","mn":"ADBE Vector Filter - Merge","hd":false},{"ty":"fl","c":{"a":0,"k":[1,1,1,1],"ix":4},"o":{"a":0,"k":100,"ix":5},"r":1,"bm":0,"nm":"Fill 1","mn":"ADBE Vector Graphic - Fill","hd":false},{"ty":"tr","p":{"a":0,"k":[26.141,15.18],"ix":2},"a":{"a":0,"k":[0,0],"ix":1},"s":{"a":0,"k":[100,100],"ix":3},"r":{"a":0,"k":0,"ix":6},"o":{"a":0,"k":100,"ix":7},"sk":{"a":0,"k":0,"ix":4},"sa":{"a":0,"k":0,"ix":5},"nm":"Transform"}],"nm":"Group 3","np":4,"cix":2,"bm":0,"ix":3,"mn":"ADBE Vector Group","hd":false}],"ip":16,"op":33,"st":16,"bm":0},{"ddd":0,"ind":3,"ty":4,"nm":"Layer 4 Outlines","sr":1,"ks":{"o":{"a":0,"k":100,"ix":11},"r":{"a":0,"k":0,"ix":10},"p":{"a":0,"k":[50.634,51.685,0],"ix":2},"a":{"a":0,"k":[21.01,15.846,0],"ix":1},"s":{"a":0,"k":[110,110,100],"ix":6}},"ao":0,"shapes":[{"ty":"gr","it":[{"ind":0,"ty":"sh","ix":1,"ks":{"a":0,"k":{"i":[[-0.637,-1.763],[-1.134,-0.191],[-0.051,1.056],[1.334,0.024]],"o":[[-0.614,1.558],[1.083,0.183],[0.063,-1.28],[-2.21,-0.04]],"v":[[2.692,-10.622],[4.094,-8.426],[7.18,-10.911],[4.727,-13.59]],"c":true},"ix":2},"nm":"Path 1","mn":"ADBE Vector Shape - Group","hd":false},{"ind":1,"ty":"sh","ix":2,"ks":{"a":0,"k":{"i":[[0,-2.967],[-2.967,0.017],[0.043,2.96],[2.871,0.023]],"o":[[-0.001,2.984],[2.957,-0.018],[-0.042,-2.879],[-2.968,-0.026]],"v":[[5.148,5.383],[10.494,10.73],[15.79,5.316],[10.518,0.062]],"c":true},"ix":2},"nm":"Path 2","mn":"ADBE Vector Shape - Group","hd":false},{"ind":2,"ty":"sh","ix":3,"ks":{"a":0,"k":{"i":[[-0.002,2.942],[2.899,0.007],[0.01,-2.852],[-2.888,-0.01]],"o":[[0.002,-2.942],[-2.868,-0.007],[-0.01,2.868],[2.948,0.008]],"v":[[-5.204,-2.751],[-10.502,-8.145],[-15.91,-2.799],[-10.549,2.564]],"c":true},"ix":2},"nm":"Path 3","mn":"ADBE Vector Shape - Group","hd":false},{"ind":3,"ty":"sh","ix":4,"ks":{"a":0,"k":{"i":[[0.894,0.342],[0.755,-0.577],[-0.041,-0.986],[4.53,-0.56],[0.991,4.667],[-6.659,-2.164],[-0.999,0.757],[-0.82,0.208],[-0.963,0.366],[-0.487,0.329],[-0.823,-2.288],[-0.862,-1.747],[-0.071,-0.531],[-1.382,-0.626],[2.672,-4.602],[4.164,2.849],[-3.291,4.022],[0.506,1.412],[-0.005,0.53],[0.371,0.217]],"o":[[-0.733,0.996],[-0.986,0.753],[0.192,4.691],[-4.866,0.603],[-1.437,-6.771],[1.175,0.382],[0.62,-0.47],[1.021,-0.324],[0.544,-0.208],[2.093,-1.417],[0.695,1.93],[0.544,0.468],[0.223,1.655],[4.845,2.191],[-2.523,4.344],[-4.269,-2.921],[0.894,-1.093],[-0.149,-0.419],[0.005,-0.629],[-1.108,-0.646]],"v":[[1.171,-8.283],[-0.769,-5.734],[-1.579,-3.141],[-9.233,6.079],[-19.323,-0.923],[-7.71,-11.262],[-4.729,-11.675],[-2.308,-12.348],[0.676,-13.311],[2.215,-14.178],[8.047,-12.587],[10.05,-6.889],[11.607,-5.475],[14.197,-2.602],[18.088,9.926],[5.478,12.747],[3.559,-0.126],[4.453,-3.555],[4.851,-5.124],[4.455,-6.947]],"c":true},"ix":2},"nm":"Path 4","mn":"ADBE Vector Shape - Group","hd":false},{"ty":"mm","mm":1,"nm":"Merge Paths 1","mn":"ADBE Vector Filter - Merge","hd":false},{"ty":"fl","c":{"a":0,"k":[1,1,1,1],"ix":4},"o":{"a":0,"k":100,"ix":5},"r":1,"bm":0,"nm":"Fill 1","mn":"ADBE Vector Graphic - Fill","hd":false},{"ty":"tr","p":{"a":0,"k":[21.01,15.846],"ix":2},"a":{"a":0,"k":[0,0],"ix":1},"s":{"a":0,"k":[100,100],"ix":3},"r":{"a":0,"k":0,"ix":6},"o":{"a":0,"k":100,"ix":7},"sk":{"a":0,"k":0,"ix":4},"sa":{"a":0,"k":0,"ix":5},"nm":"Transform"}],"nm":"Group 1","np":6,"cix":2,"bm":0,"ix":1,"mn":"ADBE Vector Group","hd":false}],"ip":33,"op":52,"st":33,"bm":0},{"ddd":0,"ind":4,"ty":4,"nm":"Layer 6 Outlines","sr":1,"ks":{"o":{"a":0,"k":100,"ix":11},"r":{"a":0,"k":0,"ix":10},"p":{"a":0,"k":[50.707,51.834,0],"ix":2},"a":{"a":0,"k":[17.583,14.494,0],"ix":1},"s":{"a":0,"k":[110,110,100],"ix":6}},"ao":0,"shapes":[{"ty":"gr","it":[{"ind":0,"ty":"sh","ix":1,"ks":{"a":0,"k":{"i":[[-1.401,0.395],[-0.682,-0.118],[-1.681,-1.262],[-1.047,0.755],[-3.497,-0.915],[1.06,-4.211],[0.874,-1.571],[4.149,-3.276],[2.488,1.866],[2.598,6.193],[-3.435,2.066]],"o":[[0.667,-0.187],[2.14,0.371],[1.019,0.764],[2.891,-2.088],[4.19,1.096],[-0.438,1.74],[-2.596,4.66],[-2.618,2.068],[-5.274,-3.956],[-1.859,-4.433],[1.204,-0.724]],"v":[[-9.082,-13.76],[-7.033,-13.854],[-1.303,-11.497],[1.423,-11.468],[11.061,-13.329],[16.273,-4.672],[14.233,0.354],[3.798,12.039],[-3.104,12.378],[-15.474,-2.465],[-13.14,-12.33]],"c":true},"ix":2},"nm":"Path 1","mn":"ADBE Vector Shape - Group","hd":false},{"ty":"fl","c":{"a":0,"k":[1,1,1,1],"ix":4},"o":{"a":0,"k":100,"ix":5},"r":1,"bm":0,"nm":"Fill 1","mn":"ADBE Vector Graphic - Fill","hd":false},{"ty":"tr","p":{"a":0,"k":[17.583,14.494],"ix":2},"a":{"a":0,"k":[0,0],"ix":1},"s":{"a":0,"k":[100,100],"ix":3},"r":{"a":0,"k":0,"ix":6},"o":{"a":0,"k":100,"ix":7},"sk":{"a":0,"k":0,"ix":4},"sa":{"a":0,"k":0,"ix":5},"nm":"Transform"}],"nm":"Group 1","np":2,"cix":2,"bm":0,"ix":1,"mn":"ADBE Vector Group","hd":false}],"ip":52,"op":71,"st":52,"bm":0},{"ddd":0,"ind":5,"ty":4,"nm":"Layer 7 Outlines","sr":1,"ks":{"o":{"a":0,"k":100,"ix":11},"r":{"a":0,"k":0,"ix":10},"p":{"a":0,"k":[50.98,51.682,0],"ix":2},"a":{"a":0,"k":[13.856,15.343,0],"ix":1},"s":{"a":0,"k":[110,110,100],"ix":6}},"ao":0,"shapes":[{"ty":"gr","it":[{"ind":0,"ty":"sh","ix":1,"ks":{"a":0,"k":{"i":[[0.636,-1.842],[0,0],[1.788,-0.01]],"o":[[0,0],[-0.727,-1.903],[-1.784,0.01]],"v":[[-9.856,-2.663],[-2.296,-2.663],[-6.117,-5.478]],"c":true},"ix":2},"nm":"Path 1","mn":"ADBE Vector Shape - Group","hd":false},{"ind":1,"ty":"sh","ix":2,"ks":{"a":0,"k":{"i":[[0,0],[1.957,-0.119],[0.362,-1.71]],"o":[[-0.627,-2.001],[-1.779,0.108],[0,0]],"v":[[9.605,-2.587],[5.548,-5.456],[2.118,-2.587]],"c":true},"ix":2},"nm":"Path 2","mn":"ADBE Vector Shape - Group","hd":false},{"ind":2,"ty":"sh","ix":3,"ks":{"a":0,"k":{"i":[[-0.848,2.207],[0,0],[-3.023,0.032]],"o":[[0,0],[0.964,2.329],[2.83,-0.029]],"v":[[6.193,3.529],[-6.492,3.529],[0.018,7.201]],"c":true},"ix":2},"nm":"Path 3","mn":"ADBE Vector Shape - Group","hd":false},{"ind":3,"ty":"sh","ix":4,"ks":{"a":0,"k":{"i":[[0,0],[-1.297,-0.818],[-6.154,3.84],[-0.451,-1.474],[-0.048,-0.798],[3.57,-5.908],[5.119,1.373],[1.7,2.918],[0.139,4.741],[0,0.354]],"o":[[0.331,-1.546],[6.09,3.843],[1.28,-0.799],[0.235,0.766],[0.402,6.628],[-3.001,4.968],[-3.396,-0.91],[-2.439,-4.186],[-0.011,-0.353],[0,0]],"v":[[-12.964,-13.395],[-10.68,-14.275],[10.422,-14.271],[12.749,-13.398],[13.204,-11.025],[9.779,8.038],[-3.057,13.719],[-10.363,7.51],[-13.596,-6.044],[-13.596,-7.105]],"c":false},"ix":2},"nm":"Path 4","mn":"ADBE Vector Shape - Group","hd":false},{"ty":"mm","mm":1,"nm":"Merge Paths 1","mn":"ADBE Vector Filter - Merge","hd":false},{"ty":"fl","c":{"a":0,"k":[1,1,1,1],"ix":4},"o":{"a":0,"k":100,"ix":5},"r":1,"bm":0,"nm":"Fill 1","mn":"ADBE Vector Graphic - Fill","hd":false},{"ty":"tr","p":{"a":0,"k":[13.857,15.343],"ix":2},"a":{"a":0,"k":[0,0],"ix":1},"s":{"a":0,"k":[100,100],"ix":3},"r":{"a":0,"k":0,"ix":6},"o":{"a":0,"k":100,"ix":7},"sk":{"a":0,"k":0,"ix":4},"sa":{"a":0,"k":0,"ix":5},"nm":"Transform"}],"nm":"Group 1","np":6,"cix":2,"bm":0,"ix":1,"mn":"ADBE Vector Group","hd":false}],"ip":71,"op":161,"st":71,"bm":0}]}],"layers":[{"ddd":0,"ind":1,"ty":0,"nm":"Set the Right Setting","refId":"comp_0","sr":1,"ks":{"o":{"a":0,"k":100,"ix":11},"r":{"a":0,"k":0,"ix":10},"p":{"a":0,"k":[49,49,0],"ix":2},"a":{"a":0,"k":[49,49,0],"ix":1},"s":{"a":0,"k":[100,100,100],"ix":6}},"ao":0,"w":98,"h":98,"ip":0,"op":91,"st":0,"bm":0}],"markers":[]}