{"v":"5.5.8","fr":30,"ip":0,"op":91,"w":98,"h":98,"nm":"Market Your Fantasy Books All Over the Globe11","ddd":0,"assets":[],"layers":[{"ddd":0,"ind":1,"ty":4,"nm":"Layer 2 Outlines","parent":3,"sr":1,"ks":{"o":{"a":0,"k":100,"ix":11},"r":{"a":0,"k":0,"ix":10},"p":{"a":0,"k":[35.44,25.489,0],"ix":2},"a":{"a":0,"k":[28.04,25.25,0],"ix":1},"s":{"a":0,"k":[100,100,100],"ix":6}},"ao":0,"shapes":[{"ty":"gr","it":[{"ind":0,"ty":"sh","ix":1,"ks":{"a":0,"k":{"i":[[1.7,-0.596],[0.048,-0.149],[-0.089,-0.129],[-1.094,-0.697],[-0.477,0.136],[0,0],[-0.024,-0.005],[-1.823,0.608],[-0.038,0.176],[0.133,0.12],[4.231,0]],"o":[[-0.148,0.052],[-0.049,0.149],[1.102,1.609],[0.597,0.38],[2.134,-0.61],[0.023,0.009],[2.546,0.563],[0.17,-0.057],[0.038,-0.176],[-2.912,-2.633],[-1.902,0]],"v":[[-2.568,-23.961],[-2.88,-23.642],[-2.817,-23.2],[0.667,-19.299],[2.305,-18.929],[6.024,-18.943],[6.096,-18.922],[13.682,-19.792],[14.016,-20.166],[13.861,-20.644],[2.859,-24.881]],"c":true},"ix":2},"nm":"Path 1","mn":"ADBE Vector Shape - Group","hd":false},{"ind":1,"ty":"sh","ix":2,"ks":{"a":0,"k":{"i":[[0,0],[-0.209,0.171],[0,5.449],[0.125,0.841],[0.293,-0.042],[1.354,0.188],[0.051,0.29],[0.001,0.001],[0.264,0.831],[1.072,0.467],[0.01,0.003],[1.685,0.638],[0.879,-2.12],[0.002,-0.003],[-0.351,-0.989],[-0.905,-1.763],[0.407,-0.898],[-0.861,-0.921],[-1.215,-1.125],[-1.27,-1.21]],"o":[[0.196,0.187],[3.914,-3.204],[0,-0.875],[-0.044,-0.292],[-2.111,0.304],[-0.255,-0.146],[0,-0.001],[-0.125,-0.707],[-0.302,-0.948],[-0.008,-0.004],[0,0],[-2.144,-0.812],[-0.001,0.003],[-0.312,0.787],[0.655,1.846],[0.514,1.002],[-0.576,1.272],[1.067,1.141],[0.859,0.796],[0,0]],"v":[[20.185,19.409],[21.102,19.718],[27.282,5.789],[27.402,2.99],[26.485,2.758],[20.587,3.129],[20.104,2.443],[20.103,2.442],[19.648,0],[17.729,-2.267],[17.703,-2.277],[13.873,-3.714],[8.446,-1.368],[8.443,-1.359],[8.384,1.316],[11.521,6.792],[11.931,9.65],[12.6,12.878],[16.775,16.089],[19.576,18.803]],"c":true},"ix":2},"nm":"Path 2","mn":"ADBE Vector Shape - Group","hd":false},{"ind":2,"ty":"sh","ix":3,"ks":{"a":0,"k":{"i":[[0,0],[0.357,-0.288],[0,-8.686],[-6.555,-5.042],[-0.304,0.231],[-1.515,2.079],[0.908,2.51],[1.269,0.476],[0.002,0],[0.17,0.853],[-0.007,0.016],[0,0],[1.408,1.654],[0,0]],"o":[[-0.297,-0.349],[-6.284,5.054],[0,8.901],[0.303,0.233],[3.442,-2.613],[2.519,-3.457],[-0.431,-1.284],[-0.004,-0.001],[-2.813,-1.022],[-0.001,-0.023],[0,0],[0.874,-1.989],[0,0],[0,0]],"v":[[-16.085,-18.645],[-17.26,-18.756],[-27.57,2.736],[-16.786,24.6],[-15.758,24.603],[-7.374,17.023],[-6.57,6.642],[-9.257,3.86],[-9.264,3.858],[-12.937,-0.546],[-12.926,-0.603],[-10.202,-6.799],[-11.074,-12.754],[-16.085,-18.645]],"c":true},"ix":2},"nm":"Path 3","mn":"ADBE Vector Shape - Group","hd":false},{"ty":"mm","mm":1,"nm":"Merge Paths 1","mn":"ADBE Vector Filter - Merge","hd":false},{"ty":"fl","c":{"a":0,"k":[1,1,1,1],"ix":4},"o":{"a":0,"k":100,"ix":5},"r":1,"bm":0,"nm":"Fill 1","mn":"ADBE Vector Graphic - Fill","hd":false},{"ty":"tr","p":{"a":0,"k":[27.82,25.084],"ix":2},"a":{"a":0,"k":[0,0],"ix":1},"s":{"a":0,"k":[100,100],"ix":3},"r":{"a":0,"k":0,"ix":6},"o":{"a":0,"k":100,"ix":7},"sk":{"a":0,"k":0,"ix":4},"sa":{"a":0,"k":0,"ix":5},"nm":"Transform"}],"nm":"Group 1","np":5,"cix":2,"bm":0,"ix":1,"mn":"ADBE Vector Group","hd":false}],"ip":0,"op":91,"st":0,"bm":0},{"ddd":0,"ind":2,"ty":4,"nm":"Layer 3 Outlines","sr":1,"ks":{"o":{"a":0,"k":100,"ix":11},"r":{"a":0,"k":0,"ix":10},"p":{"a":0,"k":[49.195,87.296,0],"ix":2},"a":{"a":0,"k":[36.271,5.789,0],"ix":1},"s":{"a":0,"k":[100,100,100],"ix":6}},"ao":0,"shapes":[{"ty":"gr","it":[{"ind":0,"ty":"sh","ix":1,"ks":{"a":0,"k":{"i":[[0,0],[-3.499,0],[0,0],[-0.157,0.301],[0.247,0.251],[0.002,1.385],[-1.37,1.384],[0.159,0.301],[0.377,0],[0,0],[0,-3.059]],"o":[[0,3.059],[0,0],[0.378,0],[0.16,-0.301],[-1.362,-1.385],[-0.003,-1.383],[0.248,-0.25],[-0.157,-0.302],[0,0],[-3.498,0],[0,0]],"v":[[-36.019,-0.001],[-29.684,5.539],[34.982,5.539],[35.861,5.045],[35.715,4.14],[33.633,-0.002],[35.713,-4.139],[35.861,-5.044],[34.982,-5.539],[-29.687,-5.539],[-36.021,0]],"c":true},"ix":2},"nm":"Path 1","mn":"ADBE Vector Shape - Group","hd":false},{"ty":"fl","c":{"a":0,"k":[1,0.737254901961,0.176470588235,1],"ix":4},"o":{"a":0,"k":100,"ix":5},"r":1,"bm":0,"nm":"Fill 1","mn":"ADBE Vector Graphic - Fill","hd":false},{"ty":"tr","p":{"a":0,"k":[36.271,5.789],"ix":2},"a":{"a":0,"k":[0,0],"ix":1},"s":{"a":0,"k":[100,100],"ix":3},"r":{"a":0,"k":0,"ix":6},"o":{"a":0,"k":100,"ix":7},"sk":{"a":0,"k":0,"ix":4},"sa":{"a":0,"k":0,"ix":5},"nm":"Transform"}],"nm":"Group 1","np":2,"cix":2,"bm":0,"ix":1,"mn":"ADBE Vector Group","hd":false}],"ip":0,"op":91,"st":0,"bm":0},{"ddd":0,"ind":3,"ty":4,"nm":"Layer 1 Outlines 2","sr":1,"ks":{"o":{"a":0,"k":100,"ix":11},"r":{"a":1,"k":[{"i":{"x":[0.833],"y":[0.833]},"o":{"x":[0.167],"y":[0.167]},"t":0,"s":[0]},{"t":90,"s":[360]}],"ix":10},"p":{"a":0,"k":[42.53,30.019,0],"ix":2},"a":{"a":0,"k":[34.97,28.509,0],"ix":1},"s":{"a":0,"k":[100,100,100],"ix":6}},"ao":0,"shapes":[{"ty":"gr","it":[{"ind":0,"ty":"sh","ix":1,"ks":{"a":0,"k":{"i":[[15.216,0],[0,-15.215],[-15.215,0],[0,15.216]],"o":[[-15.216,0],[0,15.216],[15.216,0],[0,-15.216]],"v":[[0,-27.569],[-27.569,0],[0,27.569],[27.569,0]],"c":true},"ix":2},"nm":"Path 1","mn":"ADBE Vector Shape - Group","hd":false},{"ty":"fl","c":{"a":0,"k":[0.36862745098,0.690196078431,0.603921568627,1],"ix":4},"o":{"a":0,"k":100,"ix":5},"r":1,"bm":0,"nm":"Fill 1","mn":"ADBE Vector Graphic - Fill","hd":false},{"ty":"tr","p":{"a":0,"k":[35.22,28.059],"ix":2},"a":{"a":0,"k":[0,0],"ix":1},"s":{"a":0,"k":[100,100],"ix":3},"r":{"a":0,"k":0,"ix":6},"o":{"a":0,"k":100,"ix":7},"sk":{"a":0,"k":0,"ix":4},"sa":{"a":0,"k":0,"ix":5},"nm":"Transform"}],"nm":"Group 2","np":2,"cix":2,"bm":0,"ix":1,"mn":"ADBE Vector Group","hd":false}],"ip":0,"op":91,"st":0,"bm":0},{"ddd":0,"ind":4,"ty":4,"nm":"Layer 1 Outlines","sr":1,"ks":{"o":{"a":0,"k":100,"ix":11},"r":{"a":0,"k":0,"ix":10},"p":{"a":0,"k":[48.905,49.644,0],"ix":2},"a":{"a":0,"k":[41.345,48.134,0],"ix":1},"s":{"a":0,"k":[100,100,100],"ix":6}},"ao":0,"shapes":[{"ty":"gr","it":[{"ind":0,"ty":"sh","ix":1,"ks":{"a":0,"k":{"i":[[0,0],[0,0],[0,0],[0,-2.182],[-2.181,0],[0,0],[0,2.182],[2.182,0],[0,0],[0,0],[0,19.357],[6.623,6.763],[1.558,-1.526],[-1.526,-1.559],[0,-8.053],[16.329,0],[4.062,2.098],[1.001,-1.939],[-1.938,-1.002],[-4.727,-0.497]],"o":[[0,0],[0,0],[-2.181,0],[0,2.182],[0,0],[2.182,0],[0,-2.182],[0,0],[0,0],[18.837,-1.978],[0,-10.204],[-1.526,-1.559],[-1.558,1.526],[5.226,5.336],[0,16.329],[-4.883,0],[-1.937,-1.002],[-1.003,1.937],[4.038,2.088],[0,0]],"v":[[-12.758,27.716],[-12.758,29.475],[-18.234,29.475],[-22.186,33.427],[-18.234,37.379],[0.622,37.379],[4.574,33.427],[0.622,29.475],[-4.854,29.475],[-4.854,27.716],[28.685,-9.569],[17.977,-35.795],[12.388,-35.853],[12.33,-30.264],[20.781,-9.568],[-8.805,20.018],[-22.358,16.735],[-27.682,18.431],[-25.986,23.756],[-12.756,27.716]],"c":true},"ix":2},"nm":"Path 1","mn":"ADBE Vector Shape - Group","hd":false},{"ty":"fl","c":{"a":0,"k":[0.36862745098,0.690196078431,0.603921568627,1],"ix":4},"o":{"a":0,"k":100,"ix":5},"r":1,"bm":0,"nm":"Fill 1","mn":"ADBE Vector Graphic - Fill","hd":false},{"ty":"tr","p":{"a":0,"k":[44.025,37.629],"ix":2},"a":{"a":0,"k":[0,0],"ix":1},"s":{"a":0,"k":[100,100],"ix":3},"r":{"a":0,"k":0,"ix":6},"o":{"a":0,"k":100,"ix":7},"sk":{"a":0,"k":0,"ix":4},"sa":{"a":0,"k":0,"ix":5},"nm":"Transform"}],"nm":"Group 1","np":2,"cix":2,"bm":0,"ix":1,"mn":"ADBE Vector Group","hd":false},{"ty":"gr","it":[{"ind":0,"ty":"sh","ix":1,"ks":{"a":0,"k":{"i":[[0,0],[0.684,0.599],[0.968,0],[0,0],[0,2.124],[-2.429,0],[0,0],[-0.685,0.598],[0,0.846],[0.684,0.599],[0.968,0],[0,0],[0,-5.651],[-6.463,0],[0,0],[0,1.764]],"o":[[0,-0.846],[-0.686,-0.598],[0,0],[-2.429,0],[0,-2.123],[0,0],[0.967,0],[0.684,-0.599],[0,-0.847],[-0.685,-0.599],[0,0],[-6.463,0],[0,5.65],[0,0],[2.016,0],[0,0]],"v":[[41.094,7.036],[40.026,4.78],[37.443,3.846],[-29.394,3.846],[-33.793,-0.001],[-29.395,-3.847],[37.445,-3.847],[40.026,-4.781],[41.095,-7.038],[40.026,-9.297],[37.444,-10.232],[-29.393,-10.232],[-41.095,0.001],[-29.393,10.232],[37.444,10.232],[41.095,7.038]],"c":true},"ix":2},"nm":"Path 1","mn":"ADBE Vector Shape - Group","hd":false},{"ty":"fl","c":{"a":0,"k":[0.36862745098,0.690196078431,0.603921568627,1],"ix":4},"o":{"a":0,"k":100,"ix":5},"r":1,"bm":0,"nm":"Fill 1","mn":"ADBE Vector Graphic - Fill","hd":false},{"ty":"tr","p":{"a":0,"k":[41.345,85.786],"ix":2},"a":{"a":0,"k":[0,0],"ix":1},"s":{"a":0,"k":[100,100],"ix":3},"r":{"a":0,"k":0,"ix":6},"o":{"a":0,"k":100,"ix":7},"sk":{"a":0,"k":0,"ix":4},"sa":{"a":0,"k":0,"ix":5},"nm":"Transform"}],"nm":"Group 3","np":2,"cix":2,"bm":0,"ix":2,"mn":"ADBE Vector Group","hd":false}],"ip":0,"op":91,"st":0,"bm":0}],"markers":[]}