{"v":"5.5.8","fr":30,"ip":0,"op":90,"w":98,"h":98,"nm":"Master The Horror Genre","ddd":0,"assets":[{"id":"comp_0","layers":[{"ddd":0,"ind":1,"ty":4,"nm":"Layer 4 Outlines","sr":1,"ks":{"o":{"a":0,"k":100,"ix":11},"r":{"a":0,"k":0,"ix":10},"p":{"a":0,"k":[48.462,51.498,0],"ix":2},"a":{"a":0,"k":[38.352,46.134,0],"ix":1},"s":{"a":0,"k":[100,100,100],"ix":6}},"ao":0,"shapes":[{"ty":"gr","it":[{"ind":0,"ty":"sh","ix":1,"ks":{"a":0,"k":{"i":[[-2.043,-0.152],[0.317,-4.191],[2.043,0.153],[-1.618,1.4]],"o":[[2.051,0.155],[-0.168,2.228],[-2.602,-0.195],[2.606,-2.278]],"v":[[-12.869,-30.208],[-3.096,-19.314],[-7.105,-15.551],[-9.964,-22.036]],"c":true},"ix":2},"nm":"Path 1","mn":"ADBE Vector Shape - Group","hd":false},{"ind":1,"ty":"sh","ix":2,"ks":{"a":0,"k":{"i":[[-1.623,-0.75],[-1.167,-3.711],[-1.763,2.653],[8.498,-0.386],[2.267,-3.569],[2.492,5.458],[2.007,-4.69],[0.355,5.331],[0.117,1.274],[-3.355,-6.996],[-3.195,2.711]],"o":[[1.636,0.749],[0.505,1.618],[2.019,-3.03],[-4.035,0.184],[0,0],[-1.2,-2.273],[-0.341,0.961],[-0.352,-5.334],[-0.134,-1.589],[0.902,1.881],[1.445,-1.216]],"v":[[0.766,-6.786],[5.652,-10.344],[9.582,-10.409],[8.877,4.296],[2.234,0.695],[-3.174,1.023],[-7.704,0.835],[-11.796,-1.618],[-12.148,-6.952],[-7.451,-9.714],[-3.177,-11.206]],"c":true},"ix":2},"nm":"Path 2","mn":"ADBE Vector Shape - Group","hd":false},{"ind":2,"ty":"sh","ix":3,"ks":{"a":0,"k":{"i":[[-1.978,0.642],[-2.966,-1.582],[2.508,-0.823],[0.573,2.143]],"o":[[1.973,-0.654],[1.828,0.984],[-1.967,0.642],[-1.058,-4.017]],"v":[[9.302,-31.448],[7.943,-22.758],[6.293,-15.719],[1.697,-18.432]],"c":true},"ix":2},"nm":"Path 3","mn":"ADBE Vector Shape - Group","hd":false},{"ind":3,"ty":"sh","ix":4,"ks":{"a":0,"k":{"i":[[0,0],[-1.898,1.6],[-2.139,-2.295],[-5.484,2.18],[-4.071,-2.44],[-0.06,5.421],[-3.394,12.136],[3.118,-3.829],[1.375,9.985],[7.615,0.178],[0.289,-10.823],[5.454,-1.728],[-4.252,-7.088],[1.312,-10.353]],"o":[[-2.166,9.893],[7.738,-8.523],[1.866,3.426],[6.564,-7.124],[8.923,3.956],[-2.292,-11.967],[2.693,-14.509],[-7.432,11.452],[-1.613,-18.511],[-17.419,0.622],[-0.284,10.814],[-4.466,1.408],[5.722,8.754],[0,0]],"v":[[-24.911,35.992],[-20.453,40.389],[-6.083,35.66],[6.497,38.077],[20.491,38.232],[30.302,30.443],[35.409,-9.034],[24.713,-12.938],[14.855,-25.683],[-1.887,-45.885],[-18.476,-14.038],[-33.636,-15.174],[-29.6,4.09],[-24.911,35.99]],"c":true},"ix":2},"nm":"Path 4","mn":"ADBE Vector Shape - Group","hd":false},{"ty":"mm","mm":1,"nm":"Merge Paths 1","mn":"ADBE Vector Filter - Merge","hd":false},{"ty":"fl","c":{"a":0,"k":[1,1,1,1],"ix":4},"o":{"a":0,"k":100,"ix":5},"r":1,"bm":0,"nm":"Fill 1","mn":"ADBE Vector Graphic - Fill","hd":false},{"ty":"tr","p":{"a":0,"k":[38.352,46.134],"ix":2},"a":{"a":0,"k":[0,0],"ix":1},"s":{"a":0,"k":[100,100],"ix":3},"r":{"a":0,"k":0,"ix":6},"o":{"a":0,"k":100,"ix":7},"sk":{"a":0,"k":0,"ix":4},"sa":{"a":0,"k":0,"ix":5},"nm":"Transform"}],"nm":"Group 1","np":6,"cix":2,"bm":0,"ix":1,"mn":"ADBE Vector Group","hd":false}],"ip":19,"op":45,"st":19,"bm":0},{"ddd":0,"ind":2,"ty":4,"nm":"Layer 3 Outlines","sr":1,"ks":{"o":{"a":0,"k":100,"ix":11},"r":{"a":0,"k":0,"ix":10},"p":{"a":0,"k":[48.711,48.516,0],"ix":2},"a":{"a":0,"k":[38.837,40.766,0],"ix":1},"s":{"a":0,"k":[100,100,100],"ix":6}},"ao":0,"shapes":[{"ty":"gr","it":[{"ind":0,"ty":"sh","ix":1,"ks":{"a":0,"k":{"i":[[2.047,0],[1.447,-1.447],[0,-2.047],[-1.447,-1.447],[-2.047,0],[-1.448,1.448],[0,2.047],[1.446,1.448]],"o":[[-2.048,0],[-1.447,1.448],[0,2.047],[1.447,1.448],[2.047,0],[1.446,-1.447],[0,-2.047],[-1.448,-1.447]],"v":[[15.436,-5.788],[9.979,-3.528],[7.717,1.929],[9.979,7.386],[15.436,9.647],[20.893,7.386],[23.152,1.929],[20.893,-3.528]],"c":true},"ix":2},"nm":"Path 1","mn":"ADBE Vector Shape - Group","hd":false},{"ind":1,"ty":"sh","ix":2,"ks":{"a":0,"k":{"i":[[2.047,0],[1.448,-1.447],[0,-2.047],[-1.447,-1.447],[-2.047,0],[-1.447,1.448],[0,2.047],[1.447,1.448]],"o":[[-2.047,0],[-1.447,1.448],[0,2.047],[1.448,1.448],[2.047,0],[1.447,-1.447],[0,-2.047],[-1.447,-1.447]],"v":[[-15.435,-5.788],[-20.891,-3.528],[-23.152,1.929],[-20.891,7.386],[-15.435,9.647],[-9.978,7.386],[-7.717,1.929],[-9.978,-3.528]],"c":true},"ix":2},"nm":"Path 2","mn":"ADBE Vector Shape - Group","hd":false},{"ind":2,"ty":"sh","ix":3,"ks":{"a":0,"k":{"i":[[-21.311,0],[0,-21.312],[0,0],[0.755,-1.22],[1.283,-0.641],[0,0],[0,0],[2.026,-2.148],[2.948,-0.173],[0,0],[-0.028,0.427],[0,0],[0,0],[1.323,1.428],[1.941,0.145],[0,0],[0,0],[1.427,-1.324],[0.145,-1.942],[0,0],[0,0],[-0.127,-0.621],[0,0],[2.171,2.17],[0,3.07],[0,0],[0,0],[0.754,1.22],[-0.001,1.434],[0,0]],"o":[[21.311,0],[0,0],[0,1.434],[-0.754,1.219],[0,0],[0,0],[0,2.953],[-2.025,2.149],[0,0],[0.084,-0.42],[0,0],[0,0],[0.001,-1.947],[-1.325,-1.428],[0,0],[0,0],[-1.948,0],[-1.428,1.324],[0,0],[0,0],[0,0.66],[0,0],[-3.07,0],[-2.171,-2.171],[0,0],[0,0],[-1.283,-0.641],[-0.753,-1.22],[0,0],[0,-21.311]],"v":[[0.001,-40.516],[38.586,-1.929],[38.586,12.594],[37.433,16.653],[34.319,19.498],[23.152,25.082],[23.152,28.94],[19.999,36.882],[12.256,40.497],[11.383,40.516],[11.553,39.243],[11.577,38.587],[11.577,36.658],[9.519,31.408],[4.438,28.96],[3.859,28.94],[-3.857,28.94],[-9.107,30.999],[-11.555,36.079],[-11.576,36.658],[-11.576,38.587],[-11.383,40.516],[-11.576,40.516],[-19.76,37.126],[-23.152,28.94],[-23.152,25.082],[-34.318,19.498],[-37.434,16.651],[-38.585,12.591],[-38.585,-1.929]],"c":true},"ix":2},"nm":"Path 3","mn":"ADBE Vector Shape - Group","hd":false},{"ty":"mm","mm":1,"nm":"Merge Paths 1","mn":"ADBE Vector Filter - Merge","hd":false},{"ty":"fl","c":{"a":0,"k":[1,1,1,1],"ix":4},"o":{"a":0,"k":100,"ix":5},"r":1,"bm":0,"nm":"Fill 1","mn":"ADBE Vector Graphic - Fill","hd":false},{"ty":"tr","p":{"a":0,"k":[38.837,40.766],"ix":2},"a":{"a":0,"k":[0,0],"ix":1},"s":{"a":0,"k":[100,100],"ix":3},"r":{"a":0,"k":0,"ix":6},"o":{"a":0,"k":100,"ix":7},"sk":{"a":0,"k":0,"ix":4},"sa":{"a":0,"k":0,"ix":5},"nm":"Transform"}],"nm":"Group 1","np":5,"cix":2,"bm":0,"ix":1,"mn":"ADBE Vector Group","hd":false}],"ip":45,"op":68,"st":45,"bm":0},{"ddd":0,"ind":3,"ty":4,"nm":"Layer 2 Outlines","sr":1,"ks":{"o":{"a":0,"k":100,"ix":11},"r":{"a":0,"k":0,"ix":10},"p":{"a":0,"k":[48.71,49.226,0],"ix":2},"a":{"a":0,"k":[37.394,45.476,0],"ix":1},"s":{"a":0,"k":[100,100,100],"ix":6}},"ao":0,"shapes":[{"ty":"gr","it":[{"ind":0,"ty":"sh","ix":1,"ks":{"a":0,"k":{"i":[[4.642,0],[0,4.641],[-4.645,0],[0,-4.641]],"o":[[-4.645,0],[0,-4.637],[4.642,0],[0,4.64]],"v":[[15.178,-5.288],[6.762,-13.704],[15.178,-22.117],[23.596,-13.704]],"c":true},"ix":2},"nm":"Path 1","mn":"ADBE Vector Shape - Group","hd":false},{"ind":1,"ty":"sh","ix":2,"ks":{"a":0,"k":{"i":[[1.193,0],[0,1.191],[-1.187,0],[0,-1.19]],"o":[[-1.187,0],[0,-1.19],[1.196,0],[0,1.191]],"v":[[4.298,16.124],[2.15,13.973],[4.298,11.822],[6.452,13.973]],"c":true},"ix":2},"nm":"Path 2","mn":"ADBE Vector Shape - Group","hd":false},{"ind":2,"ty":"sh","ix":3,"ks":{"a":0,"k":{"i":[[1.193,0],[0,1.187],[-1.187,0],[0,-1.189]],"o":[[-1.187,0],[0,-1.189],[1.196,0],[0,1.187]],"v":[[4.298,24.717],[2.15,22.57],[4.298,20.415],[6.452,22.57]],"c":true},"ix":2},"nm":"Path 3","mn":"ADBE Vector Shape - Group","hd":false},{"ind":3,"ty":"sh","ix":4,"ks":{"a":0,"k":{"i":[[1.193,0],[0,1.191],[-1.187,0],[0,-1.19]],"o":[[-1.187,0],[0,-1.19],[1.196,0],[-0.003,1.191]],"v":[[4.298,33.324],[2.15,31.172],[4.298,29.021],[6.452,31.172]],"c":true},"ix":2},"nm":"Path 4","mn":"ADBE Vector Shape - Group","hd":false},{"ind":4,"ty":"sh","ix":5,"ks":{"a":0,"k":{"i":[[0.291,-0.202],[0.964,0],[0,1.085],[-3.63,0],[0,-2.389],[1.085,0],[0.162,0.921],[1.266,0]],"o":[[-0.166,0.913],[-1.085,0],[0,-2.385],[3.629,0],[0,1.085],[-0.967,0],[-0.287,-0.202],[-1.266,0]],"v":[[-2.363,3.581],[-4.299,5.197],[-6.266,3.23],[-0.001,-0.887],[6.264,3.23],[4.299,5.197],[2.367,3.581],[-0.001,3.042]],"c":true},"ix":2},"nm":"Path 5","mn":"ADBE Vector Shape - Group","hd":false},{"ind":5,"ty":"sh","ix":6,"ks":{"a":0,"k":{"i":[[1.188,0],[0,1.191],[-1.191,0],[0,-1.19]],"o":[[-1.191,0],[0,-1.19],[1.188,0],[0.001,1.191]],"v":[[-4.299,16.126],[-6.45,13.973],[-4.299,11.824],[-2.152,13.973]],"c":true},"ix":2},"nm":"Path 6","mn":"ADBE Vector Shape - Group","hd":false},{"ind":6,"ty":"sh","ix":7,"ks":{"a":0,"k":{"i":[[1.188,0],[0,1.187],[-1.191,0],[0,-1.188]],"o":[[-1.191,0],[0,-1.188],[1.188,0],[0.001,1.187]],"v":[[-4.299,24.719],[-6.45,22.57],[-4.299,20.417],[-2.152,22.57]],"c":true},"ix":2},"nm":"Path 7","mn":"ADBE Vector Shape - Group","hd":false},{"ind":7,"ty":"sh","ix":8,"ks":{"a":0,"k":{"i":[[1.188,0],[0,1.191],[-1.191,0],[0,-1.19]],"o":[[-1.191,0],[0,-1.19],[1.188,0],[0.001,1.191]],"v":[[-4.299,33.324],[-6.45,31.173],[-4.299,29.021],[-2.152,31.173]],"c":true},"ix":2},"nm":"Path 8","mn":"ADBE Vector Shape - Group","hd":false},{"ind":8,"ty":"sh","ix":9,"ks":{"a":0,"k":{"i":[[4.641,0],[0,4.641],[-4.64,0],[0,-4.641]],"o":[[-4.64,0],[0,-4.637],[4.641,0],[0,4.64]],"v":[[-14.913,-5.288],[-23.329,-13.704],[-14.913,-22.116],[-6.497,-13.704]],"c":true},"ix":2},"nm":"Path 9","mn":"ADBE Vector Shape - Group","hd":false},{"ind":9,"ty":"sh","ix":10,"ks":{"a":0,"k":{"i":[[0,0],[0,-20.478],[-20.505,0],[0,21.051],[20.482,0]],"o":[[-20.481,0],[0,21.05],[20.503,0],[0,-20.476],[0,0]],"v":[[-0.001,-45.225],[-37.143,-8.083],[-0.001,45.226],[37.144,-8.085],[-0.001,-45.226]],"c":true},"ix":2},"nm":"Path 10","mn":"ADBE Vector Shape - Group","hd":false},{"ty":"mm","mm":1,"nm":"Merge Paths 1","mn":"ADBE Vector Filter - Merge","hd":false},{"ty":"fl","c":{"a":0,"k":[1,1,1,1],"ix":4},"o":{"a":0,"k":100,"ix":5},"r":1,"bm":0,"nm":"Fill 1","mn":"ADBE Vector Graphic - Fill","hd":false},{"ty":"tr","p":{"a":0,"k":[37.394,45.476],"ix":2},"a":{"a":0,"k":[0,0],"ix":1},"s":{"a":0,"k":[100,100],"ix":3},"r":{"a":0,"k":0,"ix":6},"o":{"a":0,"k":100,"ix":7},"sk":{"a":0,"k":0,"ix":4},"sa":{"a":0,"k":0,"ix":5},"nm":"Transform"}],"nm":"Group 1","np":12,"cix":2,"bm":0,"ix":1,"mn":"ADBE Vector Group","hd":false},{"ty":"gr","it":[{"ind":0,"ty":"sh","ix":1,"ks":{"a":0,"k":{"i":[[0,-2.474],[2.474,0],[0,2.474],[-2.475,0]],"o":[[0,2.473],[-2.474,0],[0,-2.474],[2.473,0]],"v":[[4.48,0],[0.001,4.479],[-4.48,0],[0.001,-4.479]],"c":true},"ix":2},"nm":"Path 1","mn":"ADBE Vector Shape - Group","hd":false},{"ty":"fl","c":{"a":0,"k":[1,1,1,1],"ix":4},"o":{"a":0,"k":100,"ix":5},"r":1,"bm":0,"nm":"Fill 1","mn":"ADBE Vector Graphic - Fill","hd":false},{"ty":"tr","p":{"a":0,"k":[22.481,31.776],"ix":2},"a":{"a":0,"k":[0,0],"ix":1},"s":{"a":0,"k":[100,100],"ix":3},"r":{"a":0,"k":0,"ix":6},"o":{"a":0,"k":100,"ix":7},"sk":{"a":0,"k":0,"ix":4},"sa":{"a":0,"k":0,"ix":5},"nm":"Transform"}],"nm":"Group 2","np":2,"cix":2,"bm":0,"ix":2,"mn":"ADBE Vector Group","hd":false},{"ty":"gr","it":[{"ind":0,"ty":"sh","ix":1,"ks":{"a":0,"k":{"i":[[0,-2.474],[2.474,0],[0,2.474],[-2.475,0]],"o":[[0,2.473],[-2.474,0],[0,-2.474],[2.473,0]],"v":[[4.48,0],[0.001,4.479],[-4.48,0],[0.001,-4.479]],"c":true},"ix":2},"nm":"Path 1","mn":"ADBE Vector Shape - Group","hd":false},{"ty":"fl","c":{"a":0,"k":[1,1,1,1],"ix":4},"o":{"a":0,"k":100,"ix":5},"r":1,"bm":0,"nm":"Fill 1","mn":"ADBE Vector Graphic - Fill","hd":false},{"ty":"tr","p":{"a":0,"k":[52.572,31.776],"ix":2},"a":{"a":0,"k":[0,0],"ix":1},"s":{"a":0,"k":[100,100],"ix":3},"r":{"a":0,"k":0,"ix":6},"o":{"a":0,"k":100,"ix":7},"sk":{"a":0,"k":0,"ix":4},"sa":{"a":0,"k":0,"ix":5},"nm":"Transform"}],"nm":"Group 3","np":2,"cix":2,"bm":0,"ix":3,"mn":"ADBE Vector Group","hd":false}],"ip":68,"op":158,"st":68,"bm":0},{"ddd":0,"ind":4,"ty":4,"nm":"Layer 1 Outlines","sr":1,"ks":{"o":{"a":0,"k":100,"ix":11},"r":{"a":0,"k":0,"ix":10},"p":{"a":0,"k":[49.005,49.015,0],"ix":2},"a":{"a":0,"k":[47.068,39.266,0],"ix":1},"s":{"a":0,"k":[100,100,100],"ix":6}},"ao":0,"shapes":[{"ty":"gr","it":[{"ind":0,"ty":"sh","ix":1,"ks":{"a":0,"k":{"i":[[0,0],[4.31,0],[0,4.31],[-1.235,1.381],[0,1.998],[-4.31,0],[0,-4.31],[0,0],[0,0]],"o":[[0,4.31],[-4.31,0],[0,-1.999],[-1.235,-1.381],[0,-4.31],[4.31,0],[0,0],[0,0],[0,0]],"v":[[-31.212,31.212],[-39.016,39.016],[-46.818,31.212],[-44.833,26.01],[-46.818,20.809],[-39.016,13.005],[-31.212,20.809],[-26.01,20.809],[-26.01,31.212]],"c":true},"ix":2},"nm":"Path 1","mn":"ADBE Vector Shape - Group","hd":false},{"ind":1,"ty":"sh","ix":2,"ks":{"a":0,"k":{"i":[[0,4.31],[0,0],[0,0],[0,0],[-4.31,0],[0,-4.31],[1.236,-1.381],[0,-1.999],[4.31,0]],"o":[[0,0],[0,0],[0,0],[0,-4.31],[4.31,0],[0,1.999],[1.236,1.381],[0,4.31],[-4.31,0]],"v":[[31.212,31.212],[26.01,31.212],[26.01,20.809],[31.212,20.809],[39.016,13.005],[46.818,20.809],[44.831,26.01],[46.818,31.212],[39.016,39.016]],"c":true},"ix":2},"nm":"Path 2","mn":"ADBE Vector Shape - Group","hd":false},{"ind":2,"ty":"sh","ix":3,"ks":{"a":0,"k":{"i":[[0,0],[-4.309,0],[0,4.31],[4.31,0]],"o":[[0,4.31],[4.31,0],[0,-4.309],[0,0]],"v":[[5.202,-10.405],[13.005,-2.602],[20.809,-10.405],[13.005,-18.208]],"c":true},"ix":2},"nm":"Path 3","mn":"ADBE Vector Shape - Group","hd":false},{"ind":3,"ty":"sh","ix":4,"ks":{"a":0,"k":{"i":[[0,0],[0,-4.309],[-4.31,0],[0,4.31]],"o":[[-4.31,0],[0,4.31],[4.309,0],[0,0]],"v":[[-13.005,-18.208],[-20.809,-10.405],[-13.005,-2.602],[-5.202,-10.405]],"c":true},"ix":2},"nm":"Path 4","mn":"ADBE Vector Shape - Group","hd":false},{"ind":4,"ty":"sh","ix":5,"ks":{"a":0,"k":{"i":[[1.943,0],[0.405,-1.9],[0,0],[0,-0.379],[-2.978,0],[-0.37,0.079],[0.622,2.912],[0,0]],"o":[[-1.943,0],[0,0],[-0.079,0.37],[0,2.978],[0.379,0],[2.911,-0.622],[0,0],[-0.406,-1.9]],"v":[[-0.003,2.602],[-4.029,5.859],[-5.273,11.691],[-5.391,12.816],[0.001,18.208],[1.128,18.089],[5.271,11.691],[4.025,5.859]],"c":true},"ix":2},"nm":"Path 5","mn":"ADBE Vector Shape - Group","hd":false},{"ind":5,"ty":"sh","ix":6,"ks":{"a":0,"k":{"i":[[6.061,-2.141],[0,0],[4.309,0],[0,0],[0,4.311],[0,0],[0,6.795],[0,0],[-15.801,0],[0,0],[0,-15.801],[0,0]],"o":[[0,0],[0,4.311],[0,0],[-4.31,0],[0,0],[-6.062,-2.142],[0,0],[0,-15.801],[0,0],[15.802,0],[0,0],[0,6.795]],"v":[[20.809,17.318],[20.809,31.212],[13.006,39.016],[-13.005,39.016],[-20.807,31.212],[-20.807,17.318],[-31.212,2.602],[-31.212,-10.405],[-2.602,-39.016],[2.601,-39.016],[31.212,-10.405],[31.212,2.602]],"c":true},"ix":2},"nm":"Path 6","mn":"ADBE Vector Shape - Group","hd":false},{"ty":"mm","mm":1,"nm":"Merge Paths 1","mn":"ADBE Vector Filter - Merge","hd":false},{"ty":"fl","c":{"a":0,"k":[1,1,1,1],"ix":4},"o":{"a":0,"k":100,"ix":5},"r":1,"bm":0,"nm":"Fill 1","mn":"ADBE Vector Graphic - Fill","hd":false},{"ty":"tr","p":{"a":0,"k":[47.068,39.266],"ix":2},"a":{"a":0,"k":[0,0],"ix":1},"s":{"a":0,"k":[100,100],"ix":3},"r":{"a":0,"k":0,"ix":6},"o":{"a":0,"k":100,"ix":7},"sk":{"a":0,"k":0,"ix":4},"sa":{"a":0,"k":0,"ix":5},"nm":"Transform"}],"nm":"Group 1","np":8,"cix":2,"bm":0,"ix":1,"mn":"ADBE Vector Group","hd":false}],"ip":0,"op":19,"st":0,"bm":0}]},{"id":"comp_1","layers":[{"ddd":0,"ind":3,"ty":4,"nm":"Layer 1 Outlines","sr":1,"ks":{"o":{"a":0,"k":100,"ix":11},"r":{"a":0,"k":0,"ix":10},"p":{"a":0,"k":[48.598,48.998,0],"ix":2},"a":{"a":0,"k":[41.372,48.248,0],"ix":1},"s":{"a":0,"k":[100,100,100],"ix":6}},"ao":0,"shapes":[{"ty":"gr","it":[{"ind":0,"ty":"sh","ix":1,"ks":{"a":0,"k":{"i":[[2.641,0],[0,0],[0,0],[0,0],[0,2.663],[0,0]],"o":[[0,0],[0,0],[0,0],[2.641,0],[0,0],[0,-2.64]],"v":[[25.523,-47.998],[-30.322,-47.998],[-30.322,47.998],[25.523,47.998],[30.322,43.198],[30.322,-43.198]],"c":true},"ix":2},"nm":"Path 1","mn":"ADBE Vector Shape - Group","hd":false},{"ty":"fl","c":{"a":0,"k":[0.406414046942,0.715991988837,0.631064919864,1],"ix":4},"o":{"a":0,"k":100,"ix":5},"r":1,"bm":0,"nm":"Fill 1","mn":"ADBE Vector Graphic - Fill","hd":false},{"ty":"tr","p":{"a":0,"k":[52.171,48.248],"ix":2},"a":{"a":0,"k":[0,0],"ix":1},"s":{"a":0,"k":[100,100],"ix":3},"r":{"a":0,"k":0,"ix":6},"o":{"a":0,"k":100,"ix":7},"sk":{"a":0,"k":0,"ix":4},"sa":{"a":0,"k":0,"ix":5},"nm":"Transform"}],"nm":"Group 1","np":2,"cix":2,"bm":0,"ix":1,"mn":"ADBE Vector Group","hd":false},{"ty":"gr","it":[{"ind":0,"ty":"sh","ix":1,"ks":{"a":0,"k":{"i":[[0,-2.641],[0,0],[-2.64,0],[0,0],[0,0],[0,0]],"o":[[0,0],[0,2.664],[0,0],[0,0],[0,0],[-2.64,0]],"v":[[-8.4,-43.198],[-8.4,43.197],[-3.6,47.997],[8.4,47.997],[8.4,-47.997],[-3.6,-47.997]],"c":true},"ix":2},"nm":"Path 1","mn":"ADBE Vector Shape - Group","hd":false},{"ty":"fl","c":{"a":0,"k":[0.984534768497,0.745770143995,0.26626515108,1],"ix":4},"o":{"a":0,"k":100,"ix":5},"r":1,"bm":0,"nm":"Fill 1","mn":"ADBE Vector Graphic - Fill","hd":false},{"ty":"tr","p":{"a":0,"k":[8.65,48.247],"ix":2},"a":{"a":0,"k":[0,0],"ix":1},"s":{"a":0,"k":[100,100],"ix":3},"r":{"a":0,"k":0,"ix":6},"o":{"a":0,"k":100,"ix":7},"sk":{"a":0,"k":0,"ix":4},"sa":{"a":0,"k":0,"ix":5},"nm":"Transform"}],"nm":"Group 2","np":2,"cix":2,"bm":0,"ix":2,"mn":"ADBE Vector Group","hd":false}],"ip":0,"op":91,"st":0,"bm":0}]}],"layers":[{"ddd":0,"ind":1,"ty":0,"nm":"horrer","refId":"comp_0","sr":1,"ks":{"o":{"a":0,"k":100,"ix":11},"r":{"a":0,"k":0,"ix":10},"p":{"a":0,"k":[58,47.25,0],"ix":2},"a":{"a":0,"k":[49,49,0],"ix":1},"s":{"a":0,"k":[48,48,100],"ix":6}},"ao":0,"w":98,"h":98,"ip":0,"op":90,"st":0,"bm":0},{"ddd":0,"ind":3,"ty":0,"nm":"Set the Right Setting 2","refId":"comp_1","sr":1,"ks":{"o":{"a":0,"k":100,"ix":11},"r":{"a":0,"k":0,"ix":10},"p":{"a":0,"k":[49,49,0],"ix":2},"a":{"a":0,"k":[49,49,0],"ix":1},"s":{"a":0,"k":[100,100,100],"ix":6}},"ao":0,"w":98,"h":98,"ip":0,"op":91,"st":0,"bm":0}],"markers":[]}