{"v":"5.5.8","fr":30,"ip":0,"op":91,"w":98,"h":98,"nm":"Your Ideas; Our Words","ddd":0,"assets":[{"id":"comp_0","layers":[{"ddd":0,"ind":1,"ty":3,"nm":"Null 19","sr":1,"ks":{"o":{"a":0,"k":0,"ix":11},"r":{"a":0,"k":0,"ix":10},"p":{"a":0,"k":[49,54,0],"ix":2},"a":{"a":0,"k":[0,0,0],"ix":1},"s":{"a":0,"k":[28,28,100],"ix":6}},"ao":0,"ip":0,"op":95.0950950950951,"st":0,"bm":0},{"ddd":0,"ind":2,"ty":4,"nm":"Layer 3 Outlines","parent":1,"sr":1,"ks":{"o":{"a":0,"k":100,"ix":11},"r":{"a":0,"k":0,"ix":10},"p":{"a":1,"k":[{"i":{"x":0.833,"y":0.833},"o":{"x":0.167,"y":0.167},"t":0,"s":[2.837,-13.296,0],"to":[0,-8.929,0],"ti":[0,8.929,0]},{"t":30.03003003003,"s":[2.837,-66.868,0]}],"ix":2},"a":{"a":0,"k":[64.383,93.391,0],"ix":1},"s":{"a":0,"k":[100,100,100],"ix":6}},"ao":0,"shapes":[{"ty":"gr","it":[{"ind":0,"ty":"sh","ix":1,"ks":{"a":0,"k":{"i":[[0,0],[6.072,-0.199],[-1.731,8.504]],"o":[[0.809,8.08],[-5.009,0.164],[0,0]],"v":[[9.165,-6.638],[0.686,6.473],[-8.243,-6.638]],"c":true},"ix":2},"nm":"Path 1","mn":"ADBE Vector Shape - Group","hd":false},{"ty":"fl","c":{"a":0,"k":[0.984534768497,0.745770143995,0.26626515108,1],"ix":4},"o":{"a":0,"k":100,"ix":5},"r":1,"bm":0,"nm":"Fill 1","mn":"ADBE Vector Graphic - Fill","hd":false},{"ty":"tr","p":{"a":0,"k":[62.946,179.894],"ix":2},"a":{"a":0,"k":[0,0],"ix":1},"s":{"a":0,"k":[100,100],"ix":3},"r":{"a":0,"k":0,"ix":6},"o":{"a":0,"k":100,"ix":7},"sk":{"a":0,"k":0,"ix":4},"sa":{"a":0,"k":0,"ix":5},"nm":"Transform"}],"nm":"Group 1","np":2,"cix":2,"bm":0,"ix":1,"mn":"ADBE Vector Group","hd":false},{"ty":"gr","it":[{"ind":0,"ty":"sh","ix":1,"ks":{"a":0,"k":{"i":[[-2.216,9.744],[0,0],[9.481,-0.004],[11.304,0.005]],"o":[[0,0],[3.031,9.627],[-11.304,0.005],[-9.228,-0.004]],"v":[[-26.602,-6.58],[25.787,-6.58],[16.846,6.575],[-17.067,6.561]],"c":true},"ix":2},"nm":"Path 1","mn":"ADBE Vector Shape - Group","hd":false},{"ty":"fl","c":{"a":0,"k":[0.984534768497,0.745770143995,0.26626515108,1],"ix":4},"o":{"a":0,"k":100,"ix":5},"r":1,"bm":0,"nm":"Fill 1","mn":"ADBE Vector Graphic - Fill","hd":false},{"ty":"tr","p":{"a":0,"k":[63.53,152.192],"ix":2},"a":{"a":0,"k":[0,0],"ix":1},"s":{"a":0,"k":[100,100],"ix":3},"r":{"a":0,"k":0,"ix":6},"o":{"a":0,"k":100,"ix":7},"sk":{"a":0,"k":0,"ix":4},"sa":{"a":0,"k":0,"ix":5},"nm":"Transform"}],"nm":"Group 2","np":2,"cix":2,"bm":0,"ix":2,"mn":"ADBE Vector Group","hd":false},{"ty":"gr","it":[{"ind":0,"ty":"sh","ix":1,"ks":{"a":0,"k":{"i":[[0,0],[6.146,0.008],[1.25,3.545],[5.657,4.766],[-5.853,24.029],[-23.722,5.35],[-11.959,-24.413],[20.892,-17.614],[2.588,-8.373],[1.606,-0.076],[6.146,0]],"o":[[-6.145,0],[-2.997,-0.004],[-2.398,-6.805],[-18.862,-15.887],[5.744,-23.585],[26.579,-5.994],[11.958,24.407],[-6.467,5.452],[-0.379,1.228],[-6.132,0.293],[0,0]],"v":[[-0.499,65.551],[-18.935,65.548],[-25.152,61.365],[-37.714,44.345],[-58.279,-15.945],[-13.215,-59.673],[52.174,-27.947],[37.181,43.199],[22.48,62.858],[17.935,65.374],[-0.499,65.491]],"c":true},"ix":2},"nm":"Path 1","mn":"ADBE Vector Shape - Group","hd":false},{"ty":"fl","c":{"a":0,"k":[0.984534768497,0.745770143995,0.26626515108,1],"ix":4},"o":{"a":0,"k":100,"ix":5},"r":1,"bm":0,"nm":"Fill 1","mn":"ADBE Vector Graphic - Fill","hd":false},{"ty":"tr","p":{"a":0,"k":[64.382,65.917],"ix":2},"a":{"a":0,"k":[0,0],"ix":1},"s":{"a":0,"k":[100,100],"ix":3},"r":{"a":0,"k":0,"ix":6},"o":{"a":0,"k":100,"ix":7},"sk":{"a":0,"k":0,"ix":4},"sa":{"a":0,"k":0,"ix":5},"nm":"Transform"}],"nm":"Group 3","np":2,"cix":2,"bm":0,"ix":3,"mn":"ADBE Vector Group","hd":false},{"ty":"st","c":{"a":0,"k":[1,1,1,1],"ix":3},"o":{"a":0,"k":100,"ix":4},"w":{"a":0,"k":24,"ix":5},"lc":1,"lj":1,"ml":4,"bm":0,"nm":"Stroke 1","mn":"ADBE Vector Graphic - Stroke","hd":false}],"ip":0,"op":98.0980980980981,"st":0,"bm":0},{"ddd":0,"ind":3,"ty":0,"nm":"Explosion 3","refId":"comp_1","sr":1,"ks":{"o":{"a":0,"k":100,"ix":11},"r":{"a":0,"k":0,"ix":10},"p":{"a":0,"k":[48,29,0],"ix":2},"a":{"a":0,"k":[208,202,0],"ix":1},"s":{"a":0,"k":[18,18,100],"ix":6}},"ao":0,"w":416,"h":404,"ip":18.018018018018,"op":37.037037037037,"st":18.018018018018,"bm":0},{"ddd":0,"ind":4,"ty":4,"nm":"Layer 1 Outlines","parent":1,"sr":1,"ks":{"o":{"a":0,"k":100,"ix":11},"r":{"a":0,"k":0,"ix":10},"p":{"a":0,"k":[1.88,-177.956,0],"ix":2},"a":{"a":0,"k":[169.822,327.07,0],"ix":1},"s":{"a":0,"k":[100,100,100],"ix":6}},"ao":0,"shapes":[{"ty":"gr","it":[{"ind":0,"ty":"sh","ix":1,"ks":{"a":0,"k":{"i":[[-9.225,3.257],[0,0],[-0.007,-47.494],[-23.185,-6.54],[-19.88,-5.56],[-1.187,-1.118],[1.435,-0.001],[28.829,0.035],[0.007,15.1],[-0.02,57.326]],"o":[[0,0],[0.001,47.493],[0.004,23.932],[19.868,5.603],[1.363,0.381],[-1.435,0.068],[-28.828,0.014],[-15.157,-0.019],[-0.025,-57.325],[0.004,-10.868]],"v":[[-43.399,-108.149],[-43.399,-101.736],[-43.394,40.744],[-6.516,89.273],[53.127,105.941],[57.014,107.914],[52.708,108.108],[-33.778,108.114],[-56.989,84.979],[-56.99,-86.996]],"c":true},"ix":2},"nm":"Path 1","mn":"ADBE Vector Shape - Group","hd":false},{"ty":"fl","c":{"a":0,"k":[0.409363660625,0.712989358341,0.630793133904,1],"ix":4},"o":{"a":0,"k":100,"ix":5},"r":1,"bm":0,"nm":"Fill 1","mn":"ADBE Vector Graphic - Fill","hd":false},{"ty":"tr","p":{"a":0,"k":[57.264,545.741],"ix":2},"a":{"a":0,"k":[0,0],"ix":1},"s":{"a":0,"k":[100,100],"ix":3},"r":{"a":0,"k":0,"ix":6},"o":{"a":0,"k":100,"ix":7},"sk":{"a":0,"k":0,"ix":4},"sa":{"a":0,"k":0,"ix":5},"nm":"Transform"}],"nm":"Group 2","np":2,"cix":2,"bm":0,"ix":1,"mn":"ADBE Vector Group","hd":false},{"ty":"gr","it":[{"ind":0,"ty":"sh","ix":1,"ks":{"a":0,"k":{"i":[[0.036,0.373],[-16.793,4.649],[-4.947,1.449],[-0.019,22.014],[0,47.962],[0,0],[-1.556,-6.901],[-0.001,-2.485],[0.014,-57.121],[14.987,-0.006],[28.644,0.004],[0,0]],"o":[[16.795,-4.642],[4.969,-1.375],[21.158,-6.2],[0.041,-47.962],[0,0],[7.135,3.352],[0.542,2.406],[0.031,57.121],[-0.003,15.074],[-28.644,0.01],[0,0],[-0.036,-0.373]],"v":[[-57.053,107.302],[-6.669,93.373],[8.222,89.194],[43.432,42.391],[43.448,-101.494],[43.448,-108.44],[56.417,-93.596],[57.021,-86.154],[57.039,85.208],[33.938,108.43],[-51.993,108.422],[-56.944,108.422]],"c":true},"ix":2},"nm":"Path 1","mn":"ADBE Vector Shape - Group","hd":false},{"ty":"fl","c":{"a":0,"k":[0.409363660625,0.712989358341,0.630793133904,1],"ix":4},"o":{"a":0,"k":100,"ix":5},"r":1,"bm":0,"nm":"Fill 1","mn":"ADBE Vector Graphic - Fill","hd":false},{"ty":"tr","p":{"a":0,"k":[282.341,545.438],"ix":2},"a":{"a":0,"k":[0,0],"ix":1},"s":{"a":0,"k":[100,100],"ix":3},"r":{"a":0,"k":0,"ix":6},"o":{"a":0,"k":100,"ix":7},"sk":{"a":0,"k":0,"ix":4},"sa":{"a":0,"k":0,"ix":5},"nm":"Transform"}],"nm":"Group 3","np":2,"cix":2,"bm":0,"ix":2,"mn":"ADBE Vector Group","hd":false},{"ty":"gr","it":[{"ind":0,"ty":"sh","ix":1,"ks":{"a":0,"k":{"i":[[-1.384,-0.495],[0.885,1.554],[-3.634,1.012],[-14.619,3.954],[0.003,-15.56],[0.015,-33.152],[-0.021,-20.652],[17.074,-4.742],[34.157,-9.474],[2.365,-0.583],[0,8.631],[0.063,1.664],[4.109,-0.127],[0.061,-4.712],[0,-8.497],[0,-2.525],[3.923,1.089],[31.913,8.855],[0.007,17.677],[-0.018,53.622],[-15.631,-4.256],[-16.99,-4.746]],"o":[[-0.868,1.536],[3.91,-1.117],[14.591,-4.061],[15.088,-4.08],[-0.007,33.152],[-0.008,20.651],[0.018,17.744],[-34.154,9.486],[-1.72,0.476],[0,-9.252],[0,-1.666],[-0.189,-4.971],[-3.933,0.12],[-0.111,8.496],[-0.001,1.808],[-4.523,-1.161],[-31.911,-8.86],[-17.124,-4.753],[-0.023,-53.622],[0.006,-16.317],[17.021,4.635],[1.087,0.304]],"v":[[-59.865,-106.01],[59.709,-106.208],[70.873,-109.395],[114.656,-121.535],[141.962,-100.778],[141.781,-1.323],[141.978,60.63],[115.217,95.813],[12.75,124.254],[6.919,125.697],[6.919,99.183],[6.904,94.185],[-0.181,86.237],[-6.889,94.048],[-6.922,119.539],[-6.922,125.682],[-19.33,122.485],[-115.054,95.865],[-141.973,60.791],[-141.974,-100.076],[-114.369,-121.441],[-63.383,-107.258]],"c":true},"ix":2},"nm":"Path 1","mn":"ADBE Vector Shape - Group","hd":false},{"ty":"fl","c":{"a":0,"k":[0.409363660625,0.712989358341,0.630793133904,1],"ix":4},"o":{"a":0,"k":100,"ix":5},"r":1,"bm":0,"nm":"Fill 1","mn":"ADBE Vector Graphic - Fill","hd":false},{"ty":"tr","p":{"a":0,"k":[169.824,525.897],"ix":2},"a":{"a":0,"k":[0,0],"ix":1},"s":{"a":0,"k":[100,100],"ix":3},"r":{"a":0,"k":0,"ix":6},"o":{"a":0,"k":100,"ix":7},"sk":{"a":0,"k":0,"ix":4},"sa":{"a":0,"k":0,"ix":5},"nm":"Transform"}],"nm":"Group 4","np":2,"cix":2,"bm":0,"ix":3,"mn":"ADBE Vector Group","hd":false}],"ip":0,"op":98.0980980980981,"st":0,"bm":0}]},{"id":"comp_1","layers":[{"ddd":0,"ind":1,"ty":4,"nm":"Explosion 01 Lines","sr":1,"ks":{"o":{"a":1,"k":[{"i":{"x":[0.833],"y":[0.833]},"o":{"x":[0.167],"y":[0.167]},"t":0,"s":[0]},{"i":{"x":[0.833],"y":[0.833]},"o":{"x":[0.167],"y":[0.167]},"t":2.4,"s":[100]},{"i":{"x":[0.833],"y":[0.833]},"o":{"x":[0.167],"y":[0.167]},"t":14.4,"s":[100]},{"t":17.9996496496496,"s":[0]}],"ix":11},"r":{"a":0,"k":0,"ix":10},"p":{"a":0,"k":[214,204,0],"ix":2},"a":{"a":0,"k":[0,0,0],"ix":1},"s":{"a":0,"k":[100,100,100],"ix":6}},"ao":0,"ef":[{"ty":5,"nm":"Stroke Width","np":3,"mn":"ADBE Slider Control","ix":1,"en":1,"ef":[{"ty":0,"nm":"Slider","mn":"ADBE Slider Control-0001","ix":1,"v":{"a":0,"k":10,"ix":1}}]}],"shapes":[{"ty":"gr","it":[{"ty":"rc","d":1,"s":{"a":1,"k":[{"i":{"x":[0.667,0.733],"y":[1,1]},"o":{"x":[0.333,0.408],"y":[0,0]},"t":0,"s":[8,10]},{"i":{"x":[0.667,0.602],"y":[1,1]},"o":{"x":[0.333,0.521],"y":[0,0]},"t":6,"s":[8,40]},{"t":17.9996496496496,"s":[8,10]}],"ix":2},"p":{"a":1,"k":[{"i":{"x":0.511,"y":1},"o":{"x":0.177,"y":0},"t":0,"s":[0,66],"to":[0,56.716],"ti":[0,-23.382]},{"t":17.9996496496496,"s":[0,200]}],"ix":3},"r":{"a":0,"k":74,"ix":4},"nm":"Rectangle Path 1","mn":"ADBE Vector Shape - Rect","hd":false},{"ty":"fl","c":{"a":0,"k":[1,0.663528978825,0,1],"ix":4},"o":{"a":0,"k":100,"ix":5},"r":1,"bm":0,"nm":"Fill 1","mn":"ADBE Vector Graphic - Fill","hd":false},{"ty":"tr","p":{"a":0,"k":[0,0],"ix":2},"a":{"a":0,"k":[0,50],"ix":1},"s":{"a":0,"k":[100,100],"ix":3},"r":{"a":0,"k":0,"ix":6},"o":{"a":0,"k":100,"ix":7},"sk":{"a":0,"k":0,"ix":4},"sa":{"a":0,"k":0,"ix":5},"nm":"Transform"}],"nm":"Rectangle 1","np":2,"cix":2,"bm":0,"ix":1,"mn":"ADBE Vector Group","hd":false},{"ty":"rp","c":{"a":0,"k":9,"ix":1},"o":{"a":0,"k":0,"ix":2},"m":1,"ix":2,"tr":{"ty":"tr","p":{"a":0,"k":[0,0],"ix":2},"a":{"a":0,"k":[0,0],"ix":1},"s":{"a":0,"k":[100,100],"ix":3},"r":{"a":0,"k":40,"ix":4},"so":{"a":0,"k":100,"ix":5},"eo":{"a":0,"k":100,"ix":6},"nm":"Transform"},"nm":"Repeater 1","mn":"ADBE Vector Filter - Repeater","hd":false}],"ip":0,"op":18,"st":-20.4,"bm":0}]}],"layers":[{"ddd":0,"ind":2,"ty":0,"nm":"Customized approach","refId":"comp_0","sr":1,"ks":{"o":{"a":0,"k":100,"ix":11},"r":{"a":0,"k":0,"ix":10},"p":{"a":0,"k":[49,49,0],"ix":2},"a":{"a":0,"k":[49,49,0],"ix":1},"s":{"a":0,"k":[100,100,100],"ix":6}},"ao":0,"w":98,"h":98,"ip":0,"op":95.0950950950951,"st":0,"bm":0}],"markers":[]}