{"v":"5.5.8","fr":30,"ip":0,"op":91,"w":98,"h":98,"nm":"Search Engine Optimization","ddd":0,"assets":[{"id":"comp_0","layers":[{"ddd":0,"ind":1,"ty":4,"nm":"Layer 2 Outlines","sr":1,"ks":{"o":{"a":0,"k":100,"ix":11},"r":{"a":1,"k":[{"i":{"x":[0.833],"y":[0.833]},"o":{"x":[0.167],"y":[0.167]},"t":0,"s":[-162]},{"i":{"x":[0.833],"y":[0.833]},"o":{"x":[0.167],"y":[0.167]},"t":43,"s":[-68.567]},{"t":90,"s":[21]}],"ix":10},"p":{"a":1,"k":[{"i":{"x":0.833,"y":0.833},"o":{"x":0.167,"y":0.167},"t":0,"s":[49.408,53.553,0],"to":[-4.521,-1.021,0],"ti":[0.094,1.438,0]},{"i":{"x":0.833,"y":0.833},"o":{"x":0.167,"y":0.167},"t":43,"s":[44.408,49.116,0],"to":[-0.094,-1.438,0],"ti":[-4.146,-0.052,0]},{"t":90,"s":[48.846,44.928,0]}],"ix":2},"a":{"a":0,"k":[3.62,9.003,0],"ix":1},"s":{"a":0,"k":[100,100,100],"ix":6}},"ao":0,"shapes":[{"ty":"gr","it":[{"ind":0,"ty":"sh","ix":1,"ks":{"a":0,"k":{"i":[[0,0],[0,0],[-0.81,0.135]],"o":[[0,0],[0.612,-0.504],[0,0]],"v":[[-2.37,-4.691],[0.219,4.691],[2.37,3.693]],"c":true},"ix":2},"nm":"Path 1","mn":"ADBE Vector Shape - Group","hd":false},{"ty":"fl","c":{"a":0,"k":[1,1,1,1],"ix":4},"o":{"a":0,"k":100,"ix":5},"r":1,"bm":0,"nm":"Fill 1","mn":"ADBE Vector Graphic - Fill","hd":false},{"ty":"tr","p":{"a":0,"k":[2.621,4.941],"ix":2},"a":{"a":0,"k":[0,0],"ix":1},"s":{"a":0,"k":[100,100],"ix":3},"r":{"a":0,"k":0,"ix":6},"o":{"a":0,"k":100,"ix":7},"sk":{"a":0,"k":0,"ix":4},"sa":{"a":0,"k":0,"ix":5},"nm":"Transform"}],"nm":"Group 1","np":2,"cix":2,"bm":0,"ix":1,"mn":"ADBE Vector Group","hd":false}],"ip":0,"op":91,"st":0,"bm":0},{"ddd":0,"ind":2,"ty":4,"nm":"Layer 1 Outlines","sr":1,"ks":{"o":{"a":0,"k":100,"ix":11},"r":{"a":0,"k":0,"ix":10},"p":{"a":0,"k":[49.004,49.015,0],"ix":2},"a":{"a":0,"k":[22.265,22.265,0],"ix":1},"s":{"a":0,"k":[100,100,100],"ix":6}},"ao":0,"shapes":[{"ty":"gr","it":[{"ind":0,"ty":"sh","ix":1,"ks":{"a":0,"k":{"i":[[0,-1.59],[1.59,0],[0,1.589],[-1.589,0]],"o":[[0,1.589],[-1.589,0],[0,-1.59],[1.59,0]],"v":[[2.878,0],[-0.001,2.878],[-2.878,0],[-0.001,-2.878]],"c":true},"ix":2},"nm":"Path 1","mn":"ADBE Vector Shape - Group","hd":false},{"ty":"fl","c":{"a":0,"k":[1,1,1,1],"ix":4},"o":{"a":0,"k":100,"ix":5},"r":1,"bm":0,"nm":"Fill 1","mn":"ADBE Vector Graphic - Fill","hd":false},{"ty":"tr","p":{"a":0,"k":[22.264,22.267],"ix":2},"a":{"a":0,"k":[0,0],"ix":1},"s":{"a":0,"k":[100,100],"ix":3},"r":{"a":0,"k":0,"ix":6},"o":{"a":0,"k":100,"ix":7},"sk":{"a":0,"k":0,"ix":4},"sa":{"a":0,"k":0,"ix":5},"nm":"Transform"}],"nm":"Group 1","np":2,"cix":2,"bm":0,"ix":1,"mn":"ADBE Vector Group","hd":false},{"ty":"gr","it":[{"ind":0,"ty":"sh","ix":1,"ks":{"a":0,"k":{"i":[[0,0],[0,0],[0,0],[0,0],[1.224,-1.286],[0,0],[0,0],[0,0],[1.862,-0.828],[0,0],[0,0],[0,0],[2.078,-0.046],[0,0],[0,0],[0,0],[2.024,0.873],[0,0],[0,0],[0,0],[1.286,1.223],[0,0],[0,0],[0,0],[0.828,1.862],[0,0],[0,0],[0,0],[0.046,2.078],[0,0],[0,0],[0,0],[-0.872,2.024],[0,0],[0,0],[0,0],[-1.223,1.286],[0,0],[0,0],[0,0],[-1.862,0.828],[0,0],[0,0],[0,0],[-2.078,0.045],[0,0],[0,0],[0,0],[-2.023,-0.872],[0,0],[0,0],[0,0],[-1.278,-1.224],[0,0],[0,0],[0,0],[-0.827,-1.862],[0,0],[0,0],[0,0],[-0.055,-2.078],[0,0],[0,0],[0,0],[0.872,-2.023]],"o":[[0,0],[0,0],[0,0],[-0.791,1.601],[0,0],[0,0],[0,0],[-1.449,1.385],[0,0],[0,0],[0,0],[-1.844,0.702],[0,0],[0,0],[0,0],[-2.329,-0.054],[0,0],[0,0],[0,0],[-1.602,-0.792],[0,0],[0,0],[0,0],[-1.376,-1.448],[0,0],[0,0],[0,0],[-0.711,-1.844],[0,0],[0,0],[0,0],[0.054,-2.329],[0,0],[0,0],[0,0],[0.791,-1.602],[0,0],[0,0],[0,0],[1.448,-1.376],[0,0],[0,0],[0,0],[1.845,-0.71],[0,0],[0,0],[0,0],[2.33,0.054],[0,0],[0,0],[0,0],[1.601,0.792],[0,0],[0,0],[0,0],[1.385,1.448],[0,0],[0,0],[0,0],[0.702,1.845],[0,0],[0,0],[0,0],[-0.054,2.33],[0,0]],"v":[[16.23,7.001],[14.971,6.417],[14.593,7.236],[15.843,7.812],[12.803,12.165],[11.832,11.193],[11.193,11.831],[12.165,12.803],[7.172,16.15],[6.642,14.872],[5.815,15.214],[6.345,16.491],[0.445,17.652],[0.445,14.891],[-0.446,14.891],[-0.446,17.652],[-7.003,16.23],[-6.418,14.971],[-7.237,14.594],[-7.812,15.844],[-12.166,12.803],[-11.194,11.831],[-11.833,11.193],[-12.805,12.165],[-16.151,7.173],[-14.874,6.643],[-15.215,5.814],[-16.483,6.346],[-17.653,0.445],[-14.882,0.445],[-14.882,-0.445],[-17.653,-0.445],[-16.232,-7.003],[-14.973,-6.417],[-14.595,-7.236],[-15.845,-7.812],[-12.805,-12.165],[-11.833,-11.195],[-11.194,-11.833],[-12.166,-12.805],[-7.174,-16.15],[-6.644,-14.874],[-5.816,-15.214],[-6.347,-16.484],[-0.446,-17.652],[-0.446,-14.891],[0.444,-14.891],[0.444,-17.652],[7.001,-16.231],[6.417,-14.973],[7.235,-14.594],[7.811,-15.846],[12.165,-12.805],[11.193,-11.833],[11.832,-11.195],[12.803,-12.167],[16.149,-7.174],[14.872,-6.645],[15.213,-5.816],[16.491,-6.348],[17.661,-0.447],[14.89,-0.447],[14.89,0.443],[17.652,0.443],[16.231,7.001]],"c":true},"ix":2},"nm":"Path 1","mn":"ADBE Vector Shape - Group","hd":false},{"ind":1,"ty":"sh","ix":2,"ks":{"a":0,"k":{"i":[[12.153,0],[0,-12.153],[-12.161,0],[0,12.16]],"o":[[-12.161,0],[0,12.16],[12.152,0],[-0.001,-12.153]],"v":[[0.004,-22.016],[-22.015,-0.003],[0.004,22.016],[22.015,-0.003]],"c":true},"ix":2},"nm":"Path 2","mn":"ADBE Vector Shape - Group","hd":false},{"ty":"mm","mm":1,"nm":"Merge Paths 1","mn":"ADBE Vector Filter - Merge","hd":false},{"ty":"fl","c":{"a":0,"k":[1,1,1,1],"ix":4},"o":{"a":0,"k":100,"ix":5},"r":1,"bm":0,"nm":"Fill 1","mn":"ADBE Vector Graphic - Fill","hd":false},{"ty":"tr","p":{"a":0,"k":[22.265,22.265],"ix":2},"a":{"a":0,"k":[0,0],"ix":1},"s":{"a":0,"k":[100,100],"ix":3},"r":{"a":0,"k":0,"ix":6},"o":{"a":0,"k":100,"ix":7},"sk":{"a":0,"k":0,"ix":4},"sa":{"a":0,"k":0,"ix":5},"nm":"Transform"}],"nm":"Group 2","np":4,"cix":2,"bm":0,"ix":2,"mn":"ADBE Vector Group","hd":false}],"ip":0,"op":91,"st":0,"bm":0}]}],"layers":[{"ddd":0,"ind":1,"ty":0,"nm":"seo","refId":"comp_0","sr":1,"ks":{"o":{"a":0,"k":100,"ix":11},"r":{"a":0,"k":0,"ix":10},"p":{"a":0,"k":[49,62,0],"ix":2},"a":{"a":0,"k":[49,49,0],"ix":1},"s":{"a":0,"k":[106,106,100],"ix":6}},"ao":0,"w":98,"h":98,"ip":0,"op":91,"st":0,"bm":0},{"ddd":0,"ind":2,"ty":4,"nm":"Shape Layer 3","sr":1,"ks":{"o":{"a":0,"k":100,"ix":11},"r":{"a":0,"k":0,"ix":10},"p":{"a":0,"k":[26.75,5.938,0],"ix":2},"a":{"a":0,"k":[-33.875,-43,0],"ix":1},"s":{"a":0,"k":[122,122,100],"ix":6}},"ao":0,"shapes":[{"ty":"gr","it":[{"d":1,"ty":"el","s":{"a":0,"k":[3,3],"ix":2},"p":{"a":0,"k":[0,0],"ix":3},"nm":"Ellipse Path 1","mn":"ADBE Vector Shape - Ellipse","hd":false},{"ty":"st","c":{"a":0,"k":[0.407843137255,0.717647058824,0.63137254902,1],"ix":3},"o":{"a":0,"k":100,"ix":4},"w":{"a":0,"k":0,"ix":5},"lc":1,"lj":1,"ml":4,"bm":0,"nm":"Stroke 1","mn":"ADBE Vector Graphic - Stroke","hd":false},{"ty":"fl","c":{"a":0,"k":[0.98431372549,0.745098039216,0.266666666667,1],"ix":4},"o":{"a":0,"k":100,"ix":5},"r":1,"bm":0,"nm":"Fill 1","mn":"ADBE Vector Graphic - Fill","hd":false},{"ty":"tr","p":{"a":0,"k":[-33.875,-43],"ix":2},"a":{"a":0,"k":[0,0],"ix":1},"s":{"a":0,"k":[100,100],"ix":3},"r":{"a":0,"k":0,"ix":6},"o":{"a":0,"k":100,"ix":7},"sk":{"a":0,"k":0,"ix":4},"sa":{"a":0,"k":0,"ix":5},"nm":"Transform"}],"nm":"Ellipse 1","np":3,"cix":2,"bm":0,"ix":1,"mn":"ADBE Vector Group","hd":false}],"ip":0,"op":91,"st":0,"bm":0},{"ddd":0,"ind":3,"ty":4,"nm":"Shape Layer 2","sr":1,"ks":{"o":{"a":0,"k":100,"ix":11},"r":{"a":0,"k":0,"ix":10},"p":{"a":0,"k":[20.75,5.938,0],"ix":2},"a":{"a":0,"k":[-33.875,-43,0],"ix":1},"s":{"a":0,"k":[122,122,100],"ix":6}},"ao":0,"shapes":[{"ty":"gr","it":[{"d":1,"ty":"el","s":{"a":0,"k":[3,3],"ix":2},"p":{"a":0,"k":[0,0],"ix":3},"nm":"Ellipse Path 1","mn":"ADBE Vector Shape - Ellipse","hd":false},{"ty":"st","c":{"a":0,"k":[0.407843137255,0.717647058824,0.63137254902,1],"ix":3},"o":{"a":0,"k":100,"ix":4},"w":{"a":0,"k":0,"ix":5},"lc":1,"lj":1,"ml":4,"bm":0,"nm":"Stroke 1","mn":"ADBE Vector Graphic - Stroke","hd":false},{"ty":"fl","c":{"a":0,"k":[0.98431372549,0.745098039216,0.266666666667,1],"ix":4},"o":{"a":0,"k":100,"ix":5},"r":1,"bm":0,"nm":"Fill 1","mn":"ADBE Vector Graphic - Fill","hd":false},{"ty":"tr","p":{"a":0,"k":[-33.875,-43],"ix":2},"a":{"a":0,"k":[0,0],"ix":1},"s":{"a":0,"k":[100,100],"ix":3},"r":{"a":0,"k":0,"ix":6},"o":{"a":0,"k":100,"ix":7},"sk":{"a":0,"k":0,"ix":4},"sa":{"a":0,"k":0,"ix":5},"nm":"Transform"}],"nm":"Ellipse 1","np":3,"cix":2,"bm":0,"ix":1,"mn":"ADBE Vector Group","hd":false}],"ip":0,"op":91,"st":0,"bm":0},{"ddd":0,"ind":4,"ty":4,"nm":"Shape Layer 1","sr":1,"ks":{"o":{"a":0,"k":100,"ix":11},"r":{"a":0,"k":0,"ix":10},"p":{"a":0,"k":[15.125,5.938,0],"ix":2},"a":{"a":0,"k":[-33.875,-43,0],"ix":1},"s":{"a":0,"k":[122,122,100],"ix":6}},"ao":0,"shapes":[{"ty":"gr","it":[{"d":1,"ty":"el","s":{"a":0,"k":[3,3],"ix":2},"p":{"a":0,"k":[0,0],"ix":3},"nm":"Ellipse Path 1","mn":"ADBE Vector Shape - Ellipse","hd":false},{"ty":"st","c":{"a":0,"k":[0.407843137255,0.717647058824,0.63137254902,1],"ix":3},"o":{"a":0,"k":100,"ix":4},"w":{"a":0,"k":0,"ix":5},"lc":1,"lj":1,"ml":4,"bm":0,"nm":"Stroke 1","mn":"ADBE Vector Graphic - Stroke","hd":false},{"ty":"fl","c":{"a":0,"k":[0.98431372549,0.745098039216,0.266666666667,1],"ix":4},"o":{"a":0,"k":100,"ix":5},"r":1,"bm":0,"nm":"Fill 1","mn":"ADBE Vector Graphic - Fill","hd":false},{"ty":"tr","p":{"a":0,"k":[-33.875,-43],"ix":2},"a":{"a":0,"k":[0,0],"ix":1},"s":{"a":0,"k":[100,100],"ix":3},"r":{"a":0,"k":0,"ix":6},"o":{"a":0,"k":100,"ix":7},"sk":{"a":0,"k":0,"ix":4},"sa":{"a":0,"k":0,"ix":5},"nm":"Transform"}],"nm":"Ellipse 1","np":3,"cix":2,"bm":0,"ix":1,"mn":"ADBE Vector Group","hd":false}],"ip":0,"op":91,"st":0,"bm":0},{"ddd":0,"ind":5,"ty":4,"nm":"Layer 3 Outlines","sr":1,"ks":{"o":{"a":0,"k":100,"ix":11},"r":{"a":0,"k":0,"ix":10},"p":{"a":0,"k":[48.994,25.792,0],"ix":2},"a":{"a":0,"k":[37.746,8.499,0],"ix":1},"s":{"a":1,"k":[{"i":{"x":[0.833,0.833,0.833],"y":[0.833,0.833,0.833]},"o":{"x":[0.167,0.167,0.167],"y":[0.167,0.167,0.167]},"t":0,"s":[0,0,100]},{"i":{"x":[0.833,0.833,0.833],"y":[0.833,0.833,0.833]},"o":{"x":[0.167,0.167,0.167],"y":[0.167,0.167,0.167]},"t":10,"s":[109,109,100]},{"i":{"x":[0.833,0.833,0.833],"y":[0.833,0.833,0.833]},"o":{"x":[0.167,0.167,0.167],"y":[0.167,0.167,0.167]},"t":20,"s":[100,100,100]},{"t":58,"s":[100,57.573,100]}],"ix":6}},"ao":0,"shapes":[{"ty":"gr","it":[{"ind":0,"ty":"sh","ix":1,"ks":{"a":0,"k":{"i":[[0,0],[0,0],[0,0],[0,0]],"o":[[0,0],[0,0],[0,0],[0,0]],"v":[[37.497,8.249],[-37.497,8.249],[-37.497,-8.249],[37.497,-8.249]],"c":true},"ix":2},"nm":"Path 1","mn":"ADBE Vector Shape - Group","hd":false},{"ty":"fl","c":{"a":0,"k":[1,1,1,1],"ix":4},"o":{"a":0,"k":100,"ix":5},"r":1,"bm":0,"nm":"Fill 1","mn":"ADBE Vector Graphic - Fill","hd":false},{"ty":"tr","p":{"a":0,"k":[37.746,8.5],"ix":2},"a":{"a":0,"k":[0,0],"ix":1},"s":{"a":0,"k":[100,100],"ix":3},"r":{"a":0,"k":0,"ix":6},"o":{"a":0,"k":100,"ix":7},"sk":{"a":0,"k":0,"ix":4},"sa":{"a":0,"k":0,"ix":5},"nm":"Transform"}],"nm":"Group 1","np":2,"cix":2,"bm":0,"ix":1,"mn":"ADBE Vector Group","hd":false}],"ip":0,"op":91,"st":0,"bm":0},{"ddd":0,"ind":6,"ty":4,"nm":"Layer 1 Outlines","sr":1,"ks":{"o":{"a":0,"k":100,"ix":11},"r":{"a":0,"k":0,"ix":10},"p":{"a":0,"k":[49.005,49.015,0],"ix":2},"a":{"a":0,"k":[48.245,48.245,0],"ix":1},"s":{"a":0,"k":[100,100,100],"ix":6}},"ao":0,"shapes":[{"ty":"gr","it":[{"ind":0,"ty":"sh","ix":1,"ks":{"a":0,"k":{"i":[[2.134,0],[0,0],[0,-2.132],[0,0],[-2.133,0],[0,0],[0,2.132],[0,0]],"o":[[0,0],[-2.133,0],[0,0],[0,2.132],[0,0],[2.132,0],[0,0],[0,-2.134]],"v":[[40.948,-41.066],[-40.947,-41.066],[-44.815,-37.198],[-44.815,37.198],[-40.947,41.066],[40.947,41.066],[44.815,37.198],[44.815,-37.199]],"c":true},"ix":2},"nm":"Path 1","mn":"ADBE Vector Shape - Group","hd":false},{"ty":"fl","c":{"a":0,"k":[0.364705882353,0.690196078431,0.603921568627,1],"ix":4},"o":{"a":0,"k":100,"ix":5},"r":1,"bm":0,"nm":"Fill 1","mn":"ADBE Vector Graphic - Fill","hd":false},{"ty":"tr","p":{"a":0,"k":[48.243,51.996],"ix":2},"a":{"a":0,"k":[0,0],"ix":1},"s":{"a":0,"k":[100,100],"ix":3},"r":{"a":0,"k":0,"ix":6},"o":{"a":0,"k":100,"ix":7},"sk":{"a":0,"k":0,"ix":4},"sa":{"a":0,"k":0,"ix":5},"nm":"Transform"}],"nm":"Group 1","np":2,"cix":2,"bm":0,"ix":1,"mn":"ADBE Vector Group","hd":false},{"ty":"gr","it":[{"ind":0,"ty":"sh","ix":1,"ks":{"a":0,"k":{"i":[[0,0],[2.717,0],[0,0],[0,2.717],[0,0],[-2.716,0],[0,0],[0,-2.717]],"o":[[0,2.717],[0,0],[-2.716,0],[0,0],[0,-2.717],[0,0],[2.717,0],[0,0]],"v":[[45.864,40.949],[40.945,45.867],[-40.949,45.867],[-45.867,40.949],[-45.867,-33.448],[-40.949,-38.367],[40.945,-38.367],[45.864,-33.448]],"c":true},"ix":2},"nm":"Path 1","mn":"ADBE Vector Shape - Group","hd":false},{"ind":1,"ty":"sh","ix":2,"ks":{"a":0,"k":{"i":[[0,0],[0,0],[0,-3.985],[0,0],[-3.985,0],[0,0],[0,3.985],[0,0],[3.985,0]],"o":[[0,0],[-3.985,0],[0,0],[0,3.985],[0,0],[3.987,0],[0,0],[0,-3.985],[0,0]],"v":[[40.777,-47.995],[-40.781,-47.995],[-47.995,-40.779],[-47.995,40.779],[-40.781,47.995],[40.777,47.995],[47.995,40.779],[47.995,-40.779],[40.779,-47.995]],"c":true},"ix":2},"nm":"Path 5","mn":"ADBE Vector Shape - Group","hd":false},{"ty":"mm","mm":1,"nm":"Merge Paths 1","mn":"ADBE Vector Filter - Merge","hd":false},{"ty":"fl","c":{"a":0,"k":[0.364705882353,0.690196078431,0.603921568627,1],"ix":4},"o":{"a":0,"k":100,"ix":5},"r":1,"bm":0,"nm":"Fill 1","mn":"ADBE Vector Graphic - Fill","hd":false},{"ty":"tr","p":{"a":0,"k":[48.245,48.246],"ix":2},"a":{"a":0,"k":[0,0],"ix":1},"s":{"a":0,"k":[100,100],"ix":3},"r":{"a":0,"k":0,"ix":6},"o":{"a":0,"k":100,"ix":7},"sk":{"a":0,"k":0,"ix":4},"sa":{"a":0,"k":0,"ix":5},"nm":"Transform"}],"nm":"Group 2","np":4,"cix":2,"bm":0,"ix":2,"mn":"ADBE Vector Group","hd":false}],"ip":0,"op":91,"st":0,"bm":0}],"markers":[]}